ISO-10303-21;
HEADER;
FILE_DESCRIPTION(('Open CASCADE Model'),'2;1');
FILE_NAME('Open CASCADE Shape Model','2026-05-07T17:50:37',('Author'),(
    'Open CASCADE'),'Open CASCADE STEP processor 7.8','Open CASCADE 7.8'
  ,'Unknown');
FILE_SCHEMA(('AUTOMOTIVE_DESIGN { 1 0 10303 214 1 1 1 1 }'));
ENDSEC;
DATA;
#1 = APPLICATION_PROTOCOL_DEFINITION('international standard',
  'automotive_design',2000,#2);
#2 = APPLICATION_CONTEXT(
  'core data for automotive mechanical design processes');
#3 = SHAPE_DEFINITION_REPRESENTATION(#4,#10);
#4 = PRODUCT_DEFINITION_SHAPE('','',#5);
#5 = PRODUCT_DEFINITION('design','',#6,#9);
#6 = PRODUCT_DEFINITION_FORMATION('','',#7);
#7 = PRODUCT('Open CASCADE STEP translator 7.8 1',
  'Open CASCADE STEP translator 7.8 1','',(#8));
#8 = PRODUCT_CONTEXT('',#2,'mechanical');
#9 = PRODUCT_DEFINITION_CONTEXT('part definition',#2,'design');
#10 = SHAPE_REPRESENTATION('',(#11,#15,#19,#23,#27,#31,#35,#39,#43,#47,
    #51,#55,#59,#63,#67,#71,#75,#79,#83,#87,#91,#95,#99,#103,#107,#111,
    #115),#119);
#11 = AXIS2_PLACEMENT_3D('',#12,#13,#14);
#12 = CARTESIAN_POINT('',(0.,0.,0.));
#13 = DIRECTION('',(0.,0.,1.));
#14 = DIRECTION('',(1.,0.,-0.));
#15 = AXIS2_PLACEMENT_3D('',#16,#17,#18);
#16 = CARTESIAN_POINT('',(0.,0.,0.));
#17 = DIRECTION('',(0.,0.,1.));
#18 = DIRECTION('',(1.,0.,-0.));
#19 = AXIS2_PLACEMENT_3D('',#20,#21,#22);
#20 = CARTESIAN_POINT('',(0.,0.,0.));
#21 = DIRECTION('',(0.,0.,1.));
#22 = DIRECTION('',(1.,0.,-0.));
#23 = AXIS2_PLACEMENT_3D('',#24,#25,#26);
#24 = CARTESIAN_POINT('',(0.,0.,0.));
#25 = DIRECTION('',(0.,0.,1.));
#26 = DIRECTION('',(1.,0.,-0.));
#27 = AXIS2_PLACEMENT_3D('',#28,#29,#30);
#28 = CARTESIAN_POINT('',(0.,0.,0.));
#29 = DIRECTION('',(0.,0.,1.));
#30 = DIRECTION('',(1.,0.,-0.));
#31 = AXIS2_PLACEMENT_3D('',#32,#33,#34);
#32 = CARTESIAN_POINT('',(0.,0.,0.));
#33 = DIRECTION('',(0.,0.,1.));
#34 = DIRECTION('',(1.,0.,-0.));
#35 = AXIS2_PLACEMENT_3D('',#36,#37,#38);
#36 = CARTESIAN_POINT('',(0.,0.,0.));
#37 = DIRECTION('',(0.,0.,1.));
#38 = DIRECTION('',(1.,0.,-0.));
#39 = AXIS2_PLACEMENT_3D('',#40,#41,#42);
#40 = CARTESIAN_POINT('',(0.,0.,0.));
#41 = DIRECTION('',(0.,0.,1.));
#42 = DIRECTION('',(1.,0.,-0.));
#43 = AXIS2_PLACEMENT_3D('',#44,#45,#46);
#44 = CARTESIAN_POINT('',(0.,0.,0.));
#45 = DIRECTION('',(0.,0.,1.));
#46 = DIRECTION('',(1.,0.,-0.));
#47 = AXIS2_PLACEMENT_3D('',#48,#49,#50);
#48 = CARTESIAN_POINT('',(0.,0.,0.));
#49 = DIRECTION('',(0.,0.,1.));
#50 = DIRECTION('',(1.,0.,-0.));
#51 = AXIS2_PLACEMENT_3D('',#52,#53,#54);
#52 = CARTESIAN_POINT('',(0.,0.,0.));
#53 = DIRECTION('',(0.,0.,1.));
#54 = DIRECTION('',(1.,0.,-0.));
#55 = AXIS2_PLACEMENT_3D('',#56,#57,#58);
#56 = CARTESIAN_POINT('',(0.,0.,0.));
#57 = DIRECTION('',(0.,0.,1.));
#58 = DIRECTION('',(1.,0.,-0.));
#59 = AXIS2_PLACEMENT_3D('',#60,#61,#62);
#60 = CARTESIAN_POINT('',(0.,0.,0.));
#61 = DIRECTION('',(0.,0.,1.));
#62 = DIRECTION('',(1.,0.,-0.));
#63 = AXIS2_PLACEMENT_3D('',#64,#65,#66);
#64 = CARTESIAN_POINT('',(0.,0.,0.));
#65 = DIRECTION('',(0.,0.,1.));
#66 = DIRECTION('',(1.,0.,-0.));
#67 = AXIS2_PLACEMENT_3D('',#68,#69,#70);
#68 = CARTESIAN_POINT('',(0.,0.,0.));
#69 = DIRECTION('',(0.,0.,1.));
#70 = DIRECTION('',(1.,0.,-0.));
#71 = AXIS2_PLACEMENT_3D('',#72,#73,#74);
#72 = CARTESIAN_POINT('',(0.,0.,0.));
#73 = DIRECTION('',(0.,0.,1.));
#74 = DIRECTION('',(1.,0.,-0.));
#75 = AXIS2_PLACEMENT_3D('',#76,#77,#78);
#76 = CARTESIAN_POINT('',(0.,0.,0.));
#77 = DIRECTION('',(0.,0.,1.));
#78 = DIRECTION('',(1.,0.,-0.));
#79 = AXIS2_PLACEMENT_3D('',#80,#81,#82);
#80 = CARTESIAN_POINT('',(0.,0.,0.));
#81 = DIRECTION('',(0.,0.,1.));
#82 = DIRECTION('',(1.,0.,-0.));
#83 = AXIS2_PLACEMENT_3D('',#84,#85,#86);
#84 = CARTESIAN_POINT('',(0.,0.,0.));
#85 = DIRECTION('',(0.,0.,1.));
#86 = DIRECTION('',(1.,0.,-0.));
#87 = AXIS2_PLACEMENT_3D('',#88,#89,#90);
#88 = CARTESIAN_POINT('',(0.,0.,0.));
#89 = DIRECTION('',(0.,0.,1.));
#90 = DIRECTION('',(1.,0.,-0.));
#91 = AXIS2_PLACEMENT_3D('',#92,#93,#94);
#92 = CARTESIAN_POINT('',(0.,0.,0.));
#93 = DIRECTION('',(0.,0.,1.));
#94 = DIRECTION('',(1.,0.,-0.));
#95 = AXIS2_PLACEMENT_3D('',#96,#97,#98);
#96 = CARTESIAN_POINT('',(0.,0.,0.));
#97 = DIRECTION('',(0.,0.,1.));
#98 = DIRECTION('',(1.,0.,-0.));
#99 = AXIS2_PLACEMENT_3D('',#100,#101,#102);
#100 = CARTESIAN_POINT('',(0.,0.,0.));
#101 = DIRECTION('',(0.,0.,1.));
#102 = DIRECTION('',(1.,0.,-0.));
#103 = AXIS2_PLACEMENT_3D('',#104,#105,#106);
#104 = CARTESIAN_POINT('',(0.,0.,0.));
#105 = DIRECTION('',(0.,0.,1.));
#106 = DIRECTION('',(1.,0.,-0.));
#107 = AXIS2_PLACEMENT_3D('',#108,#109,#110);
#108 = CARTESIAN_POINT('',(0.,0.,0.));
#109 = DIRECTION('',(0.,0.,1.));
#110 = DIRECTION('',(1.,0.,-0.));
#111 = AXIS2_PLACEMENT_3D('',#112,#113,#114);
#112 = CARTESIAN_POINT('',(0.,0.,0.));
#113 = DIRECTION('',(0.,0.,1.));
#114 = DIRECTION('',(1.,0.,-0.));
#115 = AXIS2_PLACEMENT_3D('',#116,#117,#118);
#116 = CARTESIAN_POINT('',(0.,0.,0.));
#117 = DIRECTION('',(0.,0.,1.));
#118 = DIRECTION('',(1.,0.,-0.));
#119 = ( GEOMETRIC_REPRESENTATION_CONTEXT(3) 
GLOBAL_UNCERTAINTY_ASSIGNED_CONTEXT((#123)) GLOBAL_UNIT_ASSIGNED_CONTEXT
((#120,#121,#122)) REPRESENTATION_CONTEXT('Context #1',
  '3D Context with UNIT and UNCERTAINTY') );
#120 = ( LENGTH_UNIT() NAMED_UNIT(*) SI_UNIT(.MILLI.,.METRE.) );
#121 = ( NAMED_UNIT(*) PLANE_ANGLE_UNIT() SI_UNIT($,.RADIAN.) );
#122 = ( NAMED_UNIT(*) SI_UNIT($,.STERADIAN.) SOLID_ANGLE_UNIT() );
#123 = UNCERTAINTY_MEASURE_WITH_UNIT(LENGTH_MEASURE(5.E-06),#120,
  'distance_accuracy_value','confusion accuracy');
#124 = PRODUCT_RELATED_PRODUCT_CATEGORY('part',$,(#7));
#125 = SHAPE_DEFINITION_REPRESENTATION(#126,#132);
#126 = PRODUCT_DEFINITION_SHAPE('','',#127);
#127 = PRODUCT_DEFINITION('design','',#128,#131);
#128 = PRODUCT_DEFINITION_FORMATION('','',#129);
#129 = PRODUCT('Open CASCADE STEP translator 7.8 1.1',
  'Open CASCADE STEP translator 7.8 1.1','',(#130));
#130 = PRODUCT_CONTEXT('',#2,'mechanical');
#131 = PRODUCT_DEFINITION_CONTEXT('part definition',#2,'design');
#132 = MANIFOLD_SURFACE_SHAPE_REPRESENTATION('',(#11,#133),#203);
#133 = SHELL_BASED_SURFACE_MODEL('',(#134));
#134 = OPEN_SHELL('',(#135));
#135 = ADVANCED_FACE('',(#136),#150,.T.);
#136 = FACE_BOUND('',#137,.T.);
#137 = EDGE_LOOP('',(#138,#161,#175,#191));
#138 = ORIENTED_EDGE('',*,*,#139,.F.);
#139 = EDGE_CURVE('',#140,#142,#144,.T.);
#140 = VERTEX_POINT('',#141);
#141 = CARTESIAN_POINT('',(2.,-1.387778780781E-17,0.389990260727));
#142 = VERTEX_POINT('',#143);
#143 = CARTESIAN_POINT('',(2.,-1.387778780781E-17,-0.189988863456));
#144 = SURFACE_CURVE('',#145,(#149),.PCURVE_S1.);
#145 = LINE('',#146,#147);
#146 = CARTESIAN_POINT('',(2.,-2.775557561563E-17,0.));
#147 = VECTOR('',#148,1.);
#148 = DIRECTION('',(0.,0.,-1.));
#149 = PCURVE('',#150,#155);
#150 = PLANE('',#151);
#151 = AXIS2_PLACEMENT_3D('',#152,#153,#154);
#152 = CARTESIAN_POINT('',(2.057946148723,0.15,0.));
#153 = DIRECTION('',(-0.932815687716,0.360353843812,0.));
#154 = DIRECTION('',(0.360353843812,0.932815687716,0.));
#155 = DEFINITIONAL_REPRESENTATION('',(#156),#160);
#156 = LINE('',#157,#158);
#157 = CARTESIAN_POINT('',(-0.160803470584,0.));
#158 = VECTOR('',#159,1.);
#159 = DIRECTION('',(0.,1.));
#160 = ( GEOMETRIC_REPRESENTATION_CONTEXT(2) 
PARAMETRIC_REPRESENTATION_CONTEXT() REPRESENTATION_CONTEXT('2D SPACE',''
  ) );
#161 = ORIENTED_EDGE('',*,*,#162,.T.);
#162 = EDGE_CURVE('',#140,#163,#165,.T.);
#163 = VERTEX_POINT('',#164);
#164 = CARTESIAN_POINT('',(2.115892297446,0.3,0.385310377599));
#165 = SURFACE_CURVE('',#166,(#169),.PCURVE_S1.);
#166 = B_SPLINE_CURVE_WITH_KNOTS('',1,(#167,#168),.UNSPECIFIED.,.F.,.F.,
  (2,2),(0.,1.),.PIECEWISE_BEZIER_KNOTS.);
#167 = CARTESIAN_POINT('',(2.,-1.110223024625E-15,0.389990260727));
#168 = CARTESIAN_POINT('',(2.115892297446,0.3,0.385310377599));
#169 = PCURVE('',#150,#170);
#170 = DEFINITIONAL_REPRESENTATION('',(#171),#174);
#171 = B_SPLINE_CURVE_WITH_KNOTS('',1,(#172,#173),.UNSPECIFIED.,.F.,.F.,
  (2,2),(0.,1.),.PIECEWISE_BEZIER_KNOTS.);
#172 = CARTESIAN_POINT('',(-0.160803470584,-0.389990260727));
#173 = CARTESIAN_POINT('',(0.160803470584,-0.385310377599));
#174 = ( GEOMETRIC_REPRESENTATION_CONTEXT(2) 
PARAMETRIC_REPRESENTATION_CONTEXT() REPRESENTATION_CONTEXT('2D SPACE',''
  ) );
#175 = ORIENTED_EDGE('',*,*,#176,.T.);
#176 = EDGE_CURVE('',#163,#177,#179,.T.);
#177 = VERTEX_POINT('',#178);
#178 = CARTESIAN_POINT('',(2.115892297446,0.3,-0.187708997095));
#179 = SURFACE_CURVE('',#180,(#184),.PCURVE_S1.);
#180 = LINE('',#181,#182);
#181 = CARTESIAN_POINT('',(2.115892297446,0.3,0.));
#182 = VECTOR('',#183,1.);
#183 = DIRECTION('',(0.,0.,-1.));
#184 = PCURVE('',#150,#185);
#185 = DEFINITIONAL_REPRESENTATION('',(#186),#190);
#186 = LINE('',#187,#188);
#187 = CARTESIAN_POINT('',(0.160803470584,0.));
#188 = VECTOR('',#189,1.);
#189 = DIRECTION('',(0.,1.));
#190 = ( GEOMETRIC_REPRESENTATION_CONTEXT(2) 
PARAMETRIC_REPRESENTATION_CONTEXT() REPRESENTATION_CONTEXT('2D SPACE',''
  ) );
#191 = ORIENTED_EDGE('',*,*,#192,.F.);
#192 = EDGE_CURVE('',#142,#177,#193,.T.);
#193 = SURFACE_CURVE('',#194,(#197),.PCURVE_S1.);
#194 = B_SPLINE_CURVE_WITH_KNOTS('',1,(#195,#196),.UNSPECIFIED.,.F.,.F.,
  (2,2),(0.,1.),.PIECEWISE_BEZIER_KNOTS.);
#195 = CARTESIAN_POINT('',(2.,2.775557561563E-17,-0.189988863456));
#196 = CARTESIAN_POINT('',(2.115892297446,0.3,-0.187708997095));
#197 = PCURVE('',#150,#198);
#198 = DEFINITIONAL_REPRESENTATION('',(#199),#202);
#199 = B_SPLINE_CURVE_WITH_KNOTS('',1,(#200,#201),.UNSPECIFIED.,.F.,.F.,
  (2,2),(0.,1.),.PIECEWISE_BEZIER_KNOTS.);
#200 = CARTESIAN_POINT('',(-0.160803470584,0.189988863456));
#201 = CARTESIAN_POINT('',(0.160803470584,0.187708997095));
#202 = ( GEOMETRIC_REPRESENTATION_CONTEXT(2) 
PARAMETRIC_REPRESENTATION_CONTEXT() REPRESENTATION_CONTEXT('2D SPACE',''
  ) );
#203 = ( GEOMETRIC_REPRESENTATION_CONTEXT(3) 
GLOBAL_UNCERTAINTY_ASSIGNED_CONTEXT((#207)) GLOBAL_UNIT_ASSIGNED_CONTEXT
((#204,#205,#206)) REPRESENTATION_CONTEXT('Context #1',
  '3D Context with UNIT and UNCERTAINTY') );
#204 = ( LENGTH_UNIT() NAMED_UNIT(*) SI_UNIT(.MILLI.,.METRE.) );
#205 = ( NAMED_UNIT(*) PLANE_ANGLE_UNIT() SI_UNIT($,.RADIAN.) );
#206 = ( NAMED_UNIT(*) SI_UNIT($,.STERADIAN.) SOLID_ANGLE_UNIT() );
#207 = UNCERTAINTY_MEASURE_WITH_UNIT(LENGTH_MEASURE(5.E-06),#204,
  'distance_accuracy_value','confusion accuracy');
#208 = CONTEXT_DEPENDENT_SHAPE_REPRESENTATION(#209,#211);
#209 = ( REPRESENTATION_RELATIONSHIP('','',#132,#10) 
REPRESENTATION_RELATIONSHIP_WITH_TRANSFORMATION(#210) 
SHAPE_REPRESENTATION_RELATIONSHIP() );
#210 = ITEM_DEFINED_TRANSFORMATION('','',#11,#15);
#211 = PRODUCT_DEFINITION_SHAPE('Placement','Placement of an item',#212
  );
#212 = NEXT_ASSEMBLY_USAGE_OCCURRENCE('1','','',#5,#127,$);
#213 = PRODUCT_RELATED_PRODUCT_CATEGORY('part',$,(#129));
#214 = SHAPE_DEFINITION_REPRESENTATION(#215,#221);
#215 = PRODUCT_DEFINITION_SHAPE('','',#216);
#216 = PRODUCT_DEFINITION('design','',#217,#220);
#217 = PRODUCT_DEFINITION_FORMATION('','',#218);
#218 = PRODUCT('Open CASCADE STEP translator 7.8 1.2',
  'Open CASCADE STEP translator 7.8 1.2','',(#219));
#219 = PRODUCT_CONTEXT('',#2,'mechanical');
#220 = PRODUCT_DEFINITION_CONTEXT('part definition',#2,'design');
#221 = MANIFOLD_SURFACE_SHAPE_REPRESENTATION('',(#11,#222),#404);
#222 = SHELL_BASED_SURFACE_MODEL('',(#223));
#223 = OPEN_SHELL('',(#224));
#224 = ADVANCED_FACE('',(#225),#239,.T.);
#225 = FACE_BOUND('',#226,.T.);
#226 = EDGE_LOOP('',(#227,#250,#320,#336));
#227 = ORIENTED_EDGE('',*,*,#228,.F.);
#228 = EDGE_CURVE('',#229,#231,#233,.T.);
#229 = VERTEX_POINT('',#230);
#230 = CARTESIAN_POINT('',(2.115892297446,0.3,0.385310377599));
#231 = VERTEX_POINT('',#232);
#232 = CARTESIAN_POINT('',(2.115892297446,0.3,-0.187708997095));
#233 = SURFACE_CURVE('',#234,(#238),.PCURVE_S1.);
#234 = LINE('',#235,#236);
#235 = CARTESIAN_POINT('',(2.115892297446,0.3,0.));
#236 = VECTOR('',#237,1.);
#237 = DIRECTION('',(-0.,0.,-1.));
#238 = PCURVE('',#239,#244);
#239 = PLANE('',#240);
#240 = AXIS2_PLACEMENT_3D('',#241,#242,#243);
#241 = CARTESIAN_POINT('',(1.804903300634,1.002512315188,0.));
#242 = DIRECTION('',(-0.914408944968,-0.404791651795,0.));
#243 = DIRECTION('',(-0.404791651795,0.914408944968,0.));
#244 = DEFINITIONAL_REPRESENTATION('',(#245),#249);
#245 = LINE('',#246,#247);
#246 = CARTESIAN_POINT('',(-0.768269294667,0.));
#247 = VECTOR('',#248,1.);
#248 = DIRECTION('',(0.,1.));
#249 = ( GEOMETRIC_REPRESENTATION_CONTEXT(2) 
PARAMETRIC_REPRESENTATION_CONTEXT() REPRESENTATION_CONTEXT('2D SPACE',''
  ) );
#250 = ORIENTED_EDGE('',*,*,#251,.T.);
#251 = EDGE_CURVE('',#229,#252,#254,.T.);
#252 = VERTEX_POINT('',#253);
#253 = CARTESIAN_POINT('',(1.493914303822,1.705024630375,0.307834499778)
  );
#254 = SURFACE_CURVE('',#255,(#286),.PCURVE_S1.);
#255 = B_SPLINE_CURVE_WITH_KNOTS('',8,(#256,#257,#258,#259,#260,#261,
    #262,#263,#264,#265,#266,#267,#268,#269,#270,#271,#272,#273,#274,
    #275,#276,#277,#278,#279,#280,#281,#282,#283,#284,#285),
  .UNSPECIFIED.,.F.,.F.,(9,7,7,7,9),(0.,0.111760987912,0.318521110699,
    0.864759227518,1.),.UNSPECIFIED.);
#256 = CARTESIAN_POINT('',(2.115892297446,0.3,0.385310377599));
#257 = CARTESIAN_POINT('',(2.107167227686,0.319709600727,0.385604908899)
  );
#258 = CARTESIAN_POINT('',(2.098442206244,0.339419092305,0.385868740656)
  );
#259 = CARTESIAN_POINT('',(2.089717261781,0.359128409988,0.386100402718)
  );
#260 = CARTESIAN_POINT('',(2.080992389361,0.378837564932,0.386297155345)
  );
#261 = CARTESIAN_POINT('',(2.0722676088,0.398546512368,0.386457513735));
#262 = CARTESIAN_POINT('',(2.063542981771,0.41825511298,0.386581874692)
  );
#263 = CARTESIAN_POINT('',(2.054818587637,0.437963187492,0.386671245444)
  );
#264 = CARTESIAN_POINT('',(2.029954639072,0.494129901589,0.386821809651)
  );
#265 = CARTESIAN_POINT('',(2.013815735122,0.530587071761,0.386795438454)
  );
#266 = CARTESIAN_POINT('',(1.997678042225,0.567041506212,0.386643078289)
  );
#267 = CARTESIAN_POINT('',(1.981542094705,0.60349199792,0.386360774822)
  );
#268 = CARTESIAN_POINT('',(1.965408056808,0.639938175864,0.385945600495)
  );
#269 = CARTESIAN_POINT('',(1.949276070394,0.676379719587,0.385394678029)
  );
#270 = CARTESIAN_POINT('',(1.93314662136,0.712815531463,0.384703836295)
  );
#271 = CARTESIAN_POINT('',(1.874415146606,0.845487699054,0.381665657978)
  );
#272 = CARTESIAN_POINT('',(1.83183267276,0.941679887826,0.378461724039)
  );
#273 = CARTESIAN_POINT('',(1.789276888839,1.037811785077,0.374190500001)
  );
#274 = CARTESIAN_POINT('',(1.746755366652,1.13386628637,0.368762653755)
  );
#275 = CARTESIAN_POINT('',(1.70427905547,1.229818657723,0.362098930658)
  );
#276 = CARTESIAN_POINT('',(1.661865006098,1.325630382018,0.354065513857)
  );
#277 = CARTESIAN_POINT('',(1.619533448651,1.421255760191,0.344528996238)
  );
#278 = CARTESIAN_POINT('',(1.566859965705,1.540243154704,0.330487186318)
  );
#279 = CARTESIAN_POINT('',(1.556413774558,1.56384070318,0.327595208577)
  );
#280 = CARTESIAN_POINT('',(1.545975014046,1.587421466132,0.324594808603)
  );
#281 = CARTESIAN_POINT('',(1.535544228023,1.61098421502,0.321482566937)
  );
#282 = CARTESIAN_POINT('',(1.525122034567,1.634527553624,0.318254712852)
  );
#283 = CARTESIAN_POINT('',(1.514709125987,1.658049918047,0.314907124353)
  );
#284 = CARTESIAN_POINT('',(1.504306268818,1.681549576715,0.311435328173)
  );
#285 = CARTESIAN_POINT('',(1.493914303822,1.705024630375,0.307834499778)
  );
#286 = PCURVE('',#239,#287);
#287 = DEFINITIONAL_REPRESENTATION('',(#288),#319);
#288 = B_SPLINE_CURVE_WITH_KNOTS('',8,(#289,#290,#291,#292,#293,#294,
    #295,#296,#297,#298,#299,#300,#301,#302,#303,#304,#305,#306,#307,
    #308,#309,#310,#311,#312,#313,#314,#315,#316,#317,#318),
  .UNSPECIFIED.,.F.,.F.,(9,7,7,7,9),(0.,0.111760987912,0.318521110699,
    0.864759227518,1.),.UNSPECIFIED.);
#289 = CARTESIAN_POINT('',(-0.768269294667,-0.385310377599));
#290 = CARTESIAN_POINT('',(-0.74671482406,-0.385604908899));
#291 = CARTESIAN_POINT('',(-0.725160472819,-0.385868740656));
#292 = CARTESIAN_POINT('',(-0.70360631175,-0.386100402718));
#293 = CARTESIAN_POINT('',(-0.682052328652,-0.386297155345));
#294 = CARTESIAN_POINT('',(-0.660498572486,-0.386457513735));
#295 = CARTESIAN_POINT('',(-0.638945195608,-0.386581874692));
#296 = CARTESIAN_POINT('',(-0.617392394074,-0.386671245444));
#297 = CARTESIAN_POINT('',(-0.555968329484,-0.386821809651));
#298 = CARTESIAN_POINT('',(-0.516098673382,-0.386795438454));
#299 = CARTESIAN_POINT('',(-0.476232009073,-0.386643078289));
#300 = CARTESIAN_POINT('',(-0.436369656556,-0.386360774822));
#301 = CARTESIAN_POINT('',(-0.396512021584,-0.385945600495));
#302 = CARTESIAN_POINT('',(-0.356659454608,-0.385394678029));
#303 = CARTESIAN_POINT('',(-0.316813155994,-0.384703836295));
#304 = CARTESIAN_POINT('',(-0.171722528523,-0.381665657978));
#305 = CARTESIAN_POINT('',(-6.652650074816E-02,-0.378461724039));
#306 = CARTESIAN_POINT('',(3.860359206147E-02,-0.374190500001));
#307 = CARTESIAN_POINT('',(0.143649044452,-0.368762653755));
#308 = CARTESIAN_POINT('',(0.248582807273,-0.362098930658));
#309 = CARTESIAN_POINT('',(0.353362758106,-0.354065513857));
#310 = CARTESIAN_POINT('',(0.457938920335,-0.344528996238));
#311 = CARTESIAN_POINT('',(0.588063844383,-0.330487186318));
#312 = CARTESIAN_POINT('',(0.613870184759,-0.327595208577));
#313 = CARTESIAN_POINT('',(0.639658168442,-0.324594808603));
#314 = CARTESIAN_POINT('',(0.665426451897,-0.321482566937));
#315 = CARTESIAN_POINT('',(0.691173508215,-0.318254712852));
#316 = CARTESIAN_POINT('',(0.716897627114,-0.314907124353));
#317 = CARTESIAN_POINT('',(0.74259691494,-0.311435328173));
#318 = CARTESIAN_POINT('',(0.768269294667,-0.307834499778));
#319 = ( GEOMETRIC_REPRESENTATION_CONTEXT(2) 
PARAMETRIC_REPRESENTATION_CONTEXT() REPRESENTATION_CONTEXT('2D SPACE',''
  ) );
#320 = ORIENTED_EDGE('',*,*,#321,.T.);
#321 = EDGE_CURVE('',#252,#322,#324,.T.);
#322 = VERTEX_POINT('',#323);
#323 = CARTESIAN_POINT('',(1.493914303822,1.705024630375,-0.191116035073
    ));
#324 = SURFACE_CURVE('',#325,(#329),.PCURVE_S1.);
#325 = LINE('',#326,#327);
#326 = CARTESIAN_POINT('',(1.493914303822,1.705024630375,0.));
#327 = VECTOR('',#328,1.);
#328 = DIRECTION('',(-0.,0.,-1.));
#329 = PCURVE('',#239,#330);
#330 = DEFINITIONAL_REPRESENTATION('',(#331),#335);
#331 = LINE('',#332,#333);
#332 = CARTESIAN_POINT('',(0.768269294667,0.));
#333 = VECTOR('',#334,1.);
#334 = DIRECTION('',(0.,1.));
#335 = ( GEOMETRIC_REPRESENTATION_CONTEXT(2) 
PARAMETRIC_REPRESENTATION_CONTEXT() REPRESENTATION_CONTEXT('2D SPACE',''
  ) );
#336 = ORIENTED_EDGE('',*,*,#337,.F.);
#337 = EDGE_CURVE('',#231,#322,#338,.T.);
#338 = SURFACE_CURVE('',#339,(#370),.PCURVE_S1.);
#339 = B_SPLINE_CURVE_WITH_KNOTS('',8,(#340,#341,#342,#343,#344,#345,
    #346,#347,#348,#349,#350,#351,#352,#353,#354,#355,#356,#357,#358,
    #359,#360,#361,#362,#363,#364,#365,#366,#367,#368,#369),
  .UNSPECIFIED.,.F.,.F.,(9,7,7,7,9),(0.,0.174659066931,0.429555603305,
    0.663071259521,1.),.UNSPECIFIED.);
#340 = CARTESIAN_POINT('',(2.115892297446,0.3,-0.187708997095));
#341 = CARTESIAN_POINT('',(2.102282749012,0.330743452268,-0.188451774452
    ));
#342 = CARTESIAN_POINT('',(2.08867394519,0.361485222485,-0.189177619865)
  );
#343 = CARTESIAN_POINT('',(2.075065889198,0.392225303382,-0.189886276496
    ));
#344 = CARTESIAN_POINT('',(2.06145918462,0.422962331487,-0.190602275473)
  );
#345 = CARTESIAN_POINT('',(2.047852950194,0.453698297535,-0.191287724595
    ));
#346 = CARTESIAN_POINT('',(2.034247824252,0.484431759561,-0.191968996965
    ));
#347 = CARTESIAN_POINT('',(2.020643444975,0.515163534899,-0.192630269983
    ));
#348 = CARTESIAN_POINT('',(1.987186900942,0.590740595334,-0.194212872221
    ));
#349 = CARTESIAN_POINT('',(1.967335644845,0.635583827805,-0.195112935242
    ));
#350 = CARTESIAN_POINT('',(1.947486225263,0.680422911659,-0.19596898576)
  );
#351 = CARTESIAN_POINT('',(1.92763892961,0.725257197638,-0.196775945352)
  );
#352 = CARTESIAN_POINT('',(1.907794015872,0.770086102962,-0.197528001478
    ));
#353 = CARTESIAN_POINT('',(1.887951648219,0.814909256776,-0.198218360538
    ));
#354 = CARTESIAN_POINT('',(1.868111968708,0.859726338181,-0.198839375516
    ));
#355 = CARTESIAN_POINT('',(1.830102553146,0.94558816223,-0.199881117292)
  );
#356 = CARTESIAN_POINT('',(1.811932343031,0.986633975767,-0.200314337952
    ));
#357 = CARTESIAN_POINT('',(1.793764890184,1.02767356074,-0.200676408452)
  );
#358 = CARTESIAN_POINT('',(1.775600457971,1.068706322217,-0.200960571643
    ));
#359 = CARTESIAN_POINT('',(1.757439364868,1.109731540771,-0.2011594413)
  );
#360 = CARTESIAN_POINT('',(1.739281991661,1.150748356222,-0.201264828452
    ));
#361 = CARTESIAN_POINT('',(1.721128788639,1.191755751383,-0.201267567715
    ));
#362 = CARTESIAN_POINT('',(1.676794658605,1.291904864861,-0.200998306488
    ));
#363 = CARTESIAN_POINT('',(1.650619478305,1.351033601572,-0.200604353905
    ));
#364 = CARTESIAN_POINT('',(1.624455654783,1.410136683756,-0.199944598065
    ));
#365 = CARTESIAN_POINT('',(1.598305120528,1.46920974599,-0.198982962542)
  );
#366 = CARTESIAN_POINT('',(1.572170833391,1.528246106604,-0.197677495321
    ));
#367 = CARTESIAN_POINT('',(1.546056916956,1.587236450576,-0.195977539397
    ));
#368 = CARTESIAN_POINT('',(1.519968935543,1.646168208319,-0.193818760944
    ));
#369 = CARTESIAN_POINT('',(1.493914303822,1.705024630375,-0.191116035073
    ));
#370 = PCURVE('',#239,#371);
#371 = DEFINITIONAL_REPRESENTATION('',(#372),#403);
#372 = B_SPLINE_CURVE_WITH_KNOTS('',8,(#373,#374,#375,#376,#377,#378,
    #379,#380,#381,#382,#383,#384,#385,#386,#387,#388,#389,#390,#391,
    #392,#393,#394,#395,#396,#397,#398,#399,#400,#401,#402),
  .UNSPECIFIED.,.F.,.F.,(9,7,7,7,9),(0.,0.174659066931,0.429555603305,
    0.663071259521,1.),.UNSPECIFIED.);
#373 = CARTESIAN_POINT('',(-0.768269294667,0.187708997095));
#374 = CARTESIAN_POINT('',(-0.734648175323,0.188451774452));
#375 = CARTESIAN_POINT('',(-0.701028895474,0.189177619865));
#376 = CARTESIAN_POINT('',(-0.667411463071,0.189886276496));
#377 = CARTESIAN_POINT('',(-0.633797369207,0.190602275473));
#378 = CARTESIAN_POINT('',(-0.600184436814,0.191287724595));
#379 = CARTESIAN_POINT('',(-0.566574242824,0.191968996965));
#380 = CARTESIAN_POINT('',(-0.532965893401,0.192630269983));
#381 = CARTESIAN_POINT('',(-0.450314623583,0.194212872221));
#382 = CARTESIAN_POINT('',(-0.401273947944,0.195112935242));
#383 = CARTESIAN_POINT('',(-0.352237809245,0.19596898576));
#384 = CARTESIAN_POINT('',(-0.303206917512,0.196775945352));
#385 = CARTESIAN_POINT('',(-0.25418191008,0.197528001478));
#386 = CARTESIAN_POINT('',(-0.205163192513,0.198218360538));
#387 = CARTESIAN_POINT('',(-0.156151115748,0.198839375516));
#388 = CARTESIAN_POINT('',(-6.225240169697E-02,0.199881117292));
#389 = CARTESIAN_POINT('',(-1.736459327947E-02,0.200314337952));
#390 = CARTESIAN_POINT('',(2.751640356403E-02,0.200676408452));
#391 = CARTESIAN_POINT('',(7.238993821489E-02,0.200960571643));
#392 = CARTESIAN_POINT('',(0.117255223905,0.2011594413));
#393 = CARTESIAN_POINT('',(0.162111319941,0.201264828452));
#394 = CARTESIAN_POINT('',(0.206957113922,0.201267567715));
#395 = CARTESIAN_POINT('',(0.316480444845,0.200998306488));
#396 = CARTESIAN_POINT('',(0.381143785068,0.200604353905));
#397 = CARTESIAN_POINT('',(0.445779069433,0.199944598065));
#398 = CARTESIAN_POINT('',(0.510381523902,0.198982962542));
#399 = CARTESIAN_POINT('',(0.574943841385,0.197677495321));
#400 = CARTESIAN_POINT('',(0.639455834948,0.195977539397));
#401 = CARTESIAN_POINT('',(0.70390375846,0.193818760944));
#402 = CARTESIAN_POINT('',(0.768269294667,0.191116035073));
#403 = ( GEOMETRIC_REPRESENTATION_CONTEXT(2) 
PARAMETRIC_REPRESENTATION_CONTEXT() REPRESENTATION_CONTEXT('2D SPACE',''
  ) );
#404 = ( GEOMETRIC_REPRESENTATION_CONTEXT(3) 
GLOBAL_UNCERTAINTY_ASSIGNED_CONTEXT((#408)) GLOBAL_UNIT_ASSIGNED_CONTEXT
((#405,#406,#407)) REPRESENTATION_CONTEXT('Context #1',
  '3D Context with UNIT and UNCERTAINTY') );
#405 = ( LENGTH_UNIT() NAMED_UNIT(*) SI_UNIT(.MILLI.,.METRE.) );
#406 = ( NAMED_UNIT(*) PLANE_ANGLE_UNIT() SI_UNIT($,.RADIAN.) );
#407 = ( NAMED_UNIT(*) SI_UNIT($,.STERADIAN.) SOLID_ANGLE_UNIT() );
#408 = UNCERTAINTY_MEASURE_WITH_UNIT(LENGTH_MEASURE(5.E-06),#405,
  'distance_accuracy_value','confusion accuracy');
#409 = CONTEXT_DEPENDENT_SHAPE_REPRESENTATION(#410,#412);
#410 = ( REPRESENTATION_RELATIONSHIP('','',#221,#10) 
REPRESENTATION_RELATIONSHIP_WITH_TRANSFORMATION(#411) 
SHAPE_REPRESENTATION_RELATIONSHIP() );
#411 = ITEM_DEFINED_TRANSFORMATION('','',#11,#19);
#412 = PRODUCT_DEFINITION_SHAPE('Placement','Placement of an item',#413
  );
#413 = NEXT_ASSEMBLY_USAGE_OCCURRENCE('2','','',#5,#216,$);
#414 = PRODUCT_RELATED_PRODUCT_CATEGORY('part',$,(#218));
#415 = SHAPE_DEFINITION_REPRESENTATION(#416,#422);
#416 = PRODUCT_DEFINITION_SHAPE('','',#417);
#417 = PRODUCT_DEFINITION('design','',#418,#421);
#418 = PRODUCT_DEFINITION_FORMATION('','',#419);
#419 = PRODUCT('Open CASCADE STEP translator 7.8 1.3',
  'Open CASCADE STEP translator 7.8 1.3','',(#420));
#420 = PRODUCT_CONTEXT('',#2,'mechanical');
#421 = PRODUCT_DEFINITION_CONTEXT('part definition',#2,'design');
#422 = MANIFOLD_SURFACE_SHAPE_REPRESENTATION('',(#11,#423),#591);
#423 = SHELL_BASED_SURFACE_MODEL('',(#424));
#424 = OPEN_SHELL('',(#425));
#425 = ADVANCED_FACE('',(#426),#440,.T.);
#426 = FACE_BOUND('',#427,.T.);
#427 = EDGE_LOOP('',(#428,#451,#521,#537));
#428 = ORIENTED_EDGE('',*,*,#429,.F.);
#429 = EDGE_CURVE('',#430,#432,#434,.T.);
#430 = VERTEX_POINT('',#431);
#431 = CARTESIAN_POINT('',(2.115892297446,0.3,0.385310377599));
#432 = VERTEX_POINT('',#433);
#433 = CARTESIAN_POINT('',(2.115892297446,0.3,-0.187708997095));
#434 = SURFACE_CURVE('',#435,(#439),.PCURVE_S1.);
#435 = LINE('',#436,#437);
#436 = CARTESIAN_POINT('',(2.115892297446,0.3,0.));
#437 = VECTOR('',#438,1.);
#438 = DIRECTION('',(0.,0.,-1.));
#439 = PCURVE('',#440,#445);
#440 = PLANE('',#441);
#441 = AXIS2_PLACEMENT_3D('',#442,#443,#444);
#442 = CARTESIAN_POINT('',(2.841405010516,0.621170840616,0.));
#443 = DIRECTION('',(-0.404791651795,0.914408944968,0.));
#444 = DIRECTION('',(0.914408944968,0.404791651795,0.));
#445 = DEFINITIONAL_REPRESENTATION('',(#446),#450);
#446 = LINE('',#447,#448);
#447 = CARTESIAN_POINT('',(-0.7934225896,0.));
#448 = VECTOR('',#449,1.);
#449 = DIRECTION('',(0.,1.));
#450 = ( GEOMETRIC_REPRESENTATION_CONTEXT(2) 
PARAMETRIC_REPRESENTATION_CONTEXT() REPRESENTATION_CONTEXT('2D SPACE',''
  ) );
#451 = ORIENTED_EDGE('',*,*,#452,.T.);
#452 = EDGE_CURVE('',#430,#453,#455,.T.);
#453 = VERTEX_POINT('',#454);
#454 = CARTESIAN_POINT('',(3.566917723586,0.942341681232,0.277854694617)
  );
#455 = SURFACE_CURVE('',#456,(#487),.PCURVE_S1.);
#456 = B_SPLINE_CURVE_WITH_KNOTS('',8,(#457,#458,#459,#460,#461,#462,
    #463,#464,#465,#466,#467,#468,#469,#470,#471,#472,#473,#474,#475,
    #476,#477,#478,#479,#480,#481,#482,#483,#484,#485,#486),
  .UNSPECIFIED.,.F.,.F.,(9,7,7,7,9),(0.,0.105819582892,0.493778099206,
    0.877001413902,1.),.UNSPECIFIED.);
#457 = CARTESIAN_POINT('',(2.115892297446,0.3,0.385310377599));
#458 = CARTESIAN_POINT('',(2.135125461953,0.308514160401,0.384590118497)
  );
#459 = CARTESIAN_POINT('',(2.154357715406,0.317027917496,0.383840576325)
  );
#460 = CARTESIAN_POINT('',(2.173589083879,0.325541282827,0.383063605922)
  );
#461 = CARTESIAN_POINT('',(2.192819562142,0.334054254079,0.382260164382)
  );
#462 = CARTESIAN_POINT('',(2.212049171236,0.342566840566,0.38143172549)
  );
#463 = CARTESIAN_POINT('',(2.231277963808,0.351079065594,0.380580421114)
  );
#464 = CARTESIAN_POINT('',(2.250505977213,0.3595909457,0.379707909565));
#465 = CARTESIAN_POINT('',(2.340224239756,0.399307534094,0.37553192349)
  );
#466 = CARTESIAN_POINT('',(2.410703997966,0.430507598245,0.371951444184)
  );
#467 = CARTESIAN_POINT('',(2.48117067952,0.461701873608,0.368083024593)
  );
#468 = CARTESIAN_POINT('',(2.551623753617,0.492890125204,0.363883426098)
  );
#469 = CARTESIAN_POINT('',(2.622061305368,0.52407150535,0.359439382458)
  );
#470 = CARTESIAN_POINT('',(2.692482196895,0.555245510327,0.354705304985)
  );
#471 = CARTESIAN_POINT('',(2.762885132721,0.586411566654,0.349710098659)
  );
#472 = CARTESIAN_POINT('',(2.902793596831,0.648346413857,0.339261407381)
  );
#473 = CARTESIAN_POINT('',(2.972299653418,0.679115438602,0.333815245073)
  );
#474 = CARTESIAN_POINT('',(3.041785942562,0.709875712673,0.328121534842)
  );
#475 = CARTESIAN_POINT('',(3.111251317509,0.740626728422,0.322185867363)
  );
#476 = CARTESIAN_POINT('',(3.180694591771,0.771367960612,0.316013156955)
  );
#477 = CARTESIAN_POINT('',(3.250114522021,0.802098858848,0.309607721772)
  );
#478 = CARTESIAN_POINT('',(3.319509790989,0.832818839997,0.302973363988)
  );
#479 = CARTESIAN_POINT('',(3.411143589386,0.873383400107,0.293911705746)
  );
#480 = CARTESIAN_POINT('',(3.433405500324,0.883238329623,0.291686728934)
  );
#481 = CARTESIAN_POINT('',(3.455664675597,0.893092048111,0.289438629275)
  );
#482 = CARTESIAN_POINT('',(3.477921065799,0.9029445337,0.287167510297));
#483 = CARTESIAN_POINT('',(3.500174619689,0.912795763707,0.284873469323)
  );
#484 = CARTESIAN_POINT('',(3.522425284194,0.922645714638,0.282556597474)
  );
#485 = CARTESIAN_POINT('',(3.544673004407,0.932494362185,0.280216979667)
  );
#486 = CARTESIAN_POINT('',(3.566917723586,0.942341681232,0.277854694617)
  );
#487 = PCURVE('',#440,#488);
#488 = DEFINITIONAL_REPRESENTATION('',(#489),#520);
#489 = B_SPLINE_CURVE_WITH_KNOTS('',8,(#490,#491,#492,#493,#494,#495,
    #496,#497,#498,#499,#500,#501,#502,#503,#504,#505,#506,#507,#508,
    #509,#510,#511,#512,#513,#514,#515,#516,#517,#518,#519),
  .UNSPECIFIED.,.F.,.F.,(9,7,7,7,9),(0.,0.105819582892,0.493778099206,
    0.877001413902,1.),.UNSPECIFIED.);
#490 = CARTESIAN_POINT('',(-0.7934225896,-0.385310377599));
#491 = CARTESIAN_POINT('',(-0.772389150883,-0.384590118497));
#492 = CARTESIAN_POINT('',(-0.751356708496,-0.383840576325));
#493 = CARTESIAN_POINT('',(-0.730325233926,-0.383063605922));
#494 = CARTESIAN_POINT('',(-0.709294732891,-0.382260164382));
#495 = CARTESIAN_POINT('',(-0.688265182383,-0.38143172549));
#496 = CARTESIAN_POINT('',(-0.667236524825,-0.380580421114));
#497 = CARTESIAN_POINT('',(-0.646208719365,-0.379707909565));
#498 = CARTESIAN_POINT('',(-0.548092594149,-0.37553192349));
#499 = CARTESIAN_POINT('',(-0.471015747298,-0.371951444184));
#500 = CARTESIAN_POINT('',(-0.393953201112,-0.368083024593));
#501 = CARTESIAN_POINT('',(-0.316905536077,-0.363883426098));
#502 = CARTESIAN_POINT('',(-0.23987484632,-0.359439382458));
#503 = CARTESIAN_POINT('',(-0.162862376228,-0.354705304985));
#504 = CARTESIAN_POINT('',(-8.586954253598E-02,-0.349710098659));
#505 = CARTESIAN_POINT('',(6.71347176258E-02,-0.339261407381));
#506 = CARTESIAN_POINT('',(0.143146721849,-0.333815245073));
#507 = CARTESIAN_POINT('',(0.219137108346,-0.328121534842));
#508 = CARTESIAN_POINT('',(0.295104623022,-0.322185867363));
#509 = CARTESIAN_POINT('',(0.371047968332,-0.316013156955));
#510 = CARTESIAN_POINT('',(0.44696578457,-0.309607721772));
#511 = CARTESIAN_POINT('',(0.522856631165,-0.302973363988));
#512 = CARTESIAN_POINT('',(0.623067591371,-0.293911705746));
#513 = CARTESIAN_POINT('',(0.647413275062,-0.291686728934));
#514 = CARTESIAN_POINT('',(0.671755967023,-0.289438629275));
#515 = CARTESIAN_POINT('',(0.696095613222,-0.287167510297));
#516 = CARTESIAN_POINT('',(0.720432157623,-0.284873469323));
#517 = CARTESIAN_POINT('',(0.744765542185,-0.282556597474));
#518 = CARTESIAN_POINT('',(0.769095706862,-0.280216979667));
#519 = CARTESIAN_POINT('',(0.7934225896,-0.277854694617));
#520 = ( GEOMETRIC_REPRESENTATION_CONTEXT(2) 
PARAMETRIC_REPRESENTATION_CONTEXT() REPRESENTATION_CONTEXT('2D SPACE',''
  ) );
#521 = ORIENTED_EDGE('',*,*,#522,.T.);
#522 = EDGE_CURVE('',#453,#523,#525,.T.);
#523 = VERTEX_POINT('',#524);
#524 = CARTESIAN_POINT('',(3.566917723586,0.942341681232,-0.117803000756
    ));
#525 = SURFACE_CURVE('',#526,(#530),.PCURVE_S1.);
#526 = LINE('',#527,#528);
#527 = CARTESIAN_POINT('',(3.566917723586,0.942341681232,0.));
#528 = VECTOR('',#529,1.);
#529 = DIRECTION('',(0.,0.,-1.));
#530 = PCURVE('',#440,#531);
#531 = DEFINITIONAL_REPRESENTATION('',(#532),#536);
#532 = LINE('',#533,#534);
#533 = CARTESIAN_POINT('',(0.7934225896,0.));
#534 = VECTOR('',#535,1.);
#535 = DIRECTION('',(0.,1.));
#536 = ( GEOMETRIC_REPRESENTATION_CONTEXT(2) 
PARAMETRIC_REPRESENTATION_CONTEXT() REPRESENTATION_CONTEXT('2D SPACE',''
  ) );
#537 = ORIENTED_EDGE('',*,*,#538,.F.);
#538 = EDGE_CURVE('',#432,#523,#539,.T.);
#539 = SURFACE_CURVE('',#540,(#564),.PCURVE_S1.);
#540 = B_SPLINE_CURVE_WITH_KNOTS('',8,(#541,#542,#543,#544,#545,#546,
    #547,#548,#549,#550,#551,#552,#553,#554,#555,#556,#557,#558,#559,
    #560,#561,#562,#563),.UNSPECIFIED.,.F.,.F.,(9,7,7,9),(0.,
    0.159023540637,0.660160377684,1.),.UNSPECIFIED.);
#541 = CARTESIAN_POINT('',(2.115892297446,0.3,-0.187708997095));
#542 = CARTESIAN_POINT('',(2.144752957808,0.312776071848,-0.186695288326
    ));
#543 = CARTESIAN_POINT('',(2.173613871142,0.325552255683,-0.185667048138
    ));
#544 = CARTESIAN_POINT('',(2.202474611531,0.338328362958,-0.184615262319
    ));
#545 = CARTESIAN_POINT('',(2.231335607922,0.35110458356,-0.183555155022)
  );
#546 = CARTESIAN_POINT('',(2.260195330473,0.363880240257,-0.182446592693
    ));
#547 = CARTESIAN_POINT('',(2.289054964597,0.376655857809,-0.181324785722
    ));
#548 = CARTESIAN_POINT('',(2.317913882319,0.389431158224,-0.180176257859
    ));
#549 = CARTESIAN_POINT('',(2.437714389866,0.442464591025,-0.175318739211
    ));
#550 = CARTESIAN_POINT('',(2.52865035273,0.482720232462,-0.171410017064)
  );
#551 = CARTESIAN_POINT('',(2.619578242281,0.522972299996,-0.167350441246
    ));
#552 = CARTESIAN_POINT('',(2.710498613504,0.563221039306,-0.163073336621
    ));
#553 = CARTESIAN_POINT('',(2.801409563214,0.603465607889,-0.158679477514
    ));
#554 = CARTESIAN_POINT('',(2.89231048971,0.643705739385,-0.154141582484)
  );
#555 = CARTESIAN_POINT('',(2.983200456579,0.68394101926,-0.149489469875)
  );
#556 = CARTESIAN_POINT('',(3.135705956585,0.751452337467,-0.141507883645
    ));
#557 = CARTESIAN_POINT('',(3.197328003542,0.778731259345,-0.138234819441
    ));
#558 = CARTESIAN_POINT('',(3.25894407847,0.806007537519,-0.13491828729)
  );
#559 = CARTESIAN_POINT('',(3.320553765897,0.833280988066,-0.13156206642)
  );
#560 = CARTESIAN_POINT('',(3.382156582508,0.860551397031,-0.128169537986
    ));
#561 = CARTESIAN_POINT('',(3.443751966046,0.887818515515,-0.124743735213
    ));
#562 = CARTESIAN_POINT('',(3.505339264216,0.915082054759,-0.12128739354)
  );
#563 = CARTESIAN_POINT('',(3.566917723586,0.942341681232,-0.117803000756
    ));
#564 = PCURVE('',#440,#565);
#565 = DEFINITIONAL_REPRESENTATION('',(#566),#590);
#566 = B_SPLINE_CURVE_WITH_KNOTS('',8,(#567,#568,#569,#570,#571,#572,
    #573,#574,#575,#576,#577,#578,#579,#580,#581,#582,#583,#584,#585,
    #586,#587,#588,#589),.UNSPECIFIED.,.F.,.F.,(9,7,7,9),(0.,
    0.159023540637,0.660160377684,1.),.UNSPECIFIED.);
#567 = CARTESIAN_POINT('',(-0.7934225896,0.187708997095));
#568 = CARTESIAN_POINT('',(-0.76186049638,0.186695288326));
#569 = CARTESIAN_POINT('',(-0.73029812651,0.185667048138));
#570 = CARTESIAN_POINT('',(-0.698735945773,0.184615262319));
#571 = CARTESIAN_POINT('',(-0.667173485071,0.183555155022));
#572 = CARTESIAN_POINT('',(-0.635612417444,0.182446592693));
#573 = CARTESIAN_POINT('',(-0.604051446521,0.181324785722));
#574 = CARTESIAN_POINT('',(-0.572491259057,0.180176257859));
#575 = CARTESIAN_POINT('',(-0.44147711248,0.175318739211));
#576 = CARTESIAN_POINT('',(-0.342029307027,0.171410017064));
#577 = CARTESIAN_POINT('',(-0.242590330569,0.167350441246));
#578 = CARTESIAN_POINT('',(-0.143159576175,0.163073336621));
#579 = CARTESIAN_POINT('',(-4.373912517227E-02,0.158679477514));
#580 = CARTESIAN_POINT('',(5.567036441867E-02,0.154141582484));
#581 = CARTESIAN_POINT('',(0.155067868533,0.149489469875));
#582 = CARTESIAN_POINT('',(0.321848279906,0.141507883645));
#583 = CARTESIAN_POINT('',(0.389238310697,0.138234819441));
#584 = CARTESIAN_POINT('',(0.456621810462,0.13491828729));
#585 = CARTESIAN_POINT('',(0.523998324839,0.13156206642));
#586 = CARTESIAN_POINT('',(0.591367325274,0.128169537986));
#587 = CARTESIAN_POINT('',(0.65872819688,0.124743735213));
#588 = CARTESIAN_POINT('',(0.726080226307,0.12128739354));
#589 = CARTESIAN_POINT('',(0.7934225896,0.117803000756));
#590 = ( GEOMETRIC_REPRESENTATION_CONTEXT(2) 
PARAMETRIC_REPRESENTATION_CONTEXT() REPRESENTATION_CONTEXT('2D SPACE',''
  ) );
#591 = ( GEOMETRIC_REPRESENTATION_CONTEXT(3) 
GLOBAL_UNCERTAINTY_ASSIGNED_CONTEXT((#595)) GLOBAL_UNIT_ASSIGNED_CONTEXT
((#592,#593,#594)) REPRESENTATION_CONTEXT('Context #1',
  '3D Context with UNIT and UNCERTAINTY') );
#592 = ( LENGTH_UNIT() NAMED_UNIT(*) SI_UNIT(.MILLI.,.METRE.) );
#593 = ( NAMED_UNIT(*) PLANE_ANGLE_UNIT() SI_UNIT($,.RADIAN.) );
#594 = ( NAMED_UNIT(*) SI_UNIT($,.STERADIAN.) SOLID_ANGLE_UNIT() );
#595 = UNCERTAINTY_MEASURE_WITH_UNIT(LENGTH_MEASURE(5.E-06),#592,
  'distance_accuracy_value','confusion accuracy');
#596 = CONTEXT_DEPENDENT_SHAPE_REPRESENTATION(#597,#599);
#597 = ( REPRESENTATION_RELATIONSHIP('','',#422,#10) 
REPRESENTATION_RELATIONSHIP_WITH_TRANSFORMATION(#598) 
SHAPE_REPRESENTATION_RELATIONSHIP() );
#598 = ITEM_DEFINED_TRANSFORMATION('','',#11,#23);
#599 = PRODUCT_DEFINITION_SHAPE('Placement','Placement of an item',#600
  );
#600 = NEXT_ASSEMBLY_USAGE_OCCURRENCE('3','','',#5,#417,$);
#601 = PRODUCT_RELATED_PRODUCT_CATEGORY('part',$,(#419));
#602 = SHAPE_DEFINITION_REPRESENTATION(#603,#609);
#603 = PRODUCT_DEFINITION_SHAPE('','',#604);
#604 = PRODUCT_DEFINITION('design','',#605,#608);
#605 = PRODUCT_DEFINITION_FORMATION('','',#606);
#606 = PRODUCT('Open CASCADE STEP translator 7.8 1.4',
  'Open CASCADE STEP translator 7.8 1.4','',(#607));
#607 = PRODUCT_CONTEXT('',#2,'mechanical');
#608 = PRODUCT_DEFINITION_CONTEXT('part definition',#2,'design');
#609 = MANIFOLD_SURFACE_SHAPE_REPRESENTATION('',(#11,#610),#764);
#610 = SHELL_BASED_SURFACE_MODEL('',(#611));
#611 = OPEN_SHELL('',(#612));
#612 = ADVANCED_FACE('',(#613),#627,.T.);
#613 = FACE_BOUND('',#614,.T.);
#614 = EDGE_LOOP('',(#615,#638,#694,#710));
#615 = ORIENTED_EDGE('',*,*,#616,.F.);
#616 = EDGE_CURVE('',#617,#619,#621,.T.);
#617 = VERTEX_POINT('',#618);
#618 = CARTESIAN_POINT('',(2.115892297446,0.3,0.385310377599));
#619 = VERTEX_POINT('',#620);
#620 = CARTESIAN_POINT('',(2.115892297446,0.3,-0.187708997095));
#621 = SURFACE_CURVE('',#622,(#626),.PCURVE_S1.);
#622 = LINE('',#623,#624);
#623 = CARTESIAN_POINT('',(2.115892297446,0.3,0.));
#624 = VECTOR('',#625,1.);
#625 = DIRECTION('',(-0.,0.,-1.));
#626 = PCURVE('',#627,#632);
#627 = PLANE('',#628);
#628 = AXIS2_PLACEMENT_3D('',#629,#630,#631);
#629 = CARTESIAN_POINT('',(1.587458739776,0.504137930154,0.));
#630 = DIRECTION('',(-0.360353843812,-0.932815687716,0.));
#631 = DIRECTION('',(-0.932815687716,0.360353843812,0.));
#632 = DEFINITIONAL_REPRESENTATION('',(#633),#637);
#633 = LINE('',#634,#635);
#634 = CARTESIAN_POINT('',(-0.56649300031,0.));
#635 = VECTOR('',#636,1.);
#636 = DIRECTION('',(0.,1.));
#637 = ( GEOMETRIC_REPRESENTATION_CONTEXT(2) 
PARAMETRIC_REPRESENTATION_CONTEXT() REPRESENTATION_CONTEXT('2D SPACE',''
  ) );
#638 = ORIENTED_EDGE('',*,*,#639,.T.);
#639 = EDGE_CURVE('',#617,#640,#642,.T.);
#640 = VERTEX_POINT('',#641);
#641 = CARTESIAN_POINT('',(1.059025182105,0.708275860309,0.321006173617)
  );
#642 = SURFACE_CURVE('',#643,(#667),.PCURVE_S1.);
#643 = B_SPLINE_CURVE_WITH_KNOTS('',8,(#644,#645,#646,#647,#648,#649,
    #650,#651,#652,#653,#654,#655,#656,#657,#658,#659,#660,#661,#662,
    #663,#664,#665,#666),.UNSPECIFIED.,.F.,.F.,(9,7,7,9),(0.,
    0.133344280101,0.369261919383,1.),.UNSPECIFIED.);
#644 = CARTESIAN_POINT('',(2.115892297446,0.3,0.385310377599));
#645 = CARTESIAN_POINT('',(2.098175568036,0.306844108249,0.385953777652)
  );
#646 = CARTESIAN_POINT('',(2.080457883172,0.313688585596,0.386549328072)
  );
#647 = CARTESIAN_POINT('',(2.062739475963,0.320533341991,0.387095566577)
  );
#648 = CARTESIAN_POINT('',(2.045019946469,0.327378531934,0.387583656371)
  );
#649 = CARTESIAN_POINT('',(2.027299759687,0.334223975792,0.388015979627)
  );
#650 = CARTESIAN_POINT('',(2.009579530438,0.341069436055,0.388396335962)
  );
#651 = CARTESIAN_POINT('',(1.99185921457,0.34791492978,0.388719321024));
#652 = CARTESIAN_POINT('',(1.942788642497,0.366871267562,0.389459093025)
  );
#653 = CARTESIAN_POINT('',(1.911439073816,0.378981846023,0.389755760637)
  );
#654 = CARTESIAN_POINT('',(1.880092661456,0.391091205173,0.389872442722)
  );
#655 = CARTESIAN_POINT('',(1.848750460493,0.403198937429,0.389804815644)
  );
#656 = CARTESIAN_POINT('',(1.817413489556,0.415304649285,0.389548328514)
  );
#657 = CARTESIAN_POINT('',(1.786083211146,0.427407775767,0.389098253657)
  );
#658 = CARTESIAN_POINT('',(1.754761542147,0.439507576367,0.388449711613)
  );
#659 = CARTESIAN_POINT('',(1.639738412782,0.483941892106,0.385319694855)
  );
#660 = CARTESIAN_POINT('',(1.556121967085,0.516243565426,0.38158615873)
  );
#661 = CARTESIAN_POINT('',(1.472616037176,0.548502545652,0.376291960073)
  );
#662 = CARTESIAN_POINT('',(1.389256266378,0.580705063493,0.369322799157)
  );
#663 = CARTESIAN_POINT('',(1.306109026187,0.612825479133,0.360523241208)
  );
#664 = CARTESIAN_POINT('',(1.223263656586,0.644829279853,0.349715755206)
  );
#665 = CARTESIAN_POINT('',(1.140843058555,0.676668988062,0.336670765584)
  );
#666 = CARTESIAN_POINT('',(1.059025182105,0.708275860309,0.321006173617)
  );
#667 = PCURVE('',#627,#668);
#668 = DEFINITIONAL_REPRESENTATION('',(#669),#693);
#669 = B_SPLINE_CURVE_WITH_KNOTS('',8,(#670,#671,#672,#673,#674,#675,
    #676,#677,#678,#679,#680,#681,#682,#683,#684,#685,#686,#687,#688,
    #689,#690,#691,#692),.UNSPECIFIED.,.F.,.F.,(9,7,7,9),(0.,
    0.133344280101,0.369261919383,1.),.UNSPECIFIED.);
#670 = CARTESIAN_POINT('',(-0.56649300031,-0.385310377599));
#671 = CARTESIAN_POINT('',(-0.547500256466,-0.385953777652));
#672 = CARTESIAN_POINT('',(-0.528506488354,-0.386549328072));
#673 = CARTESIAN_POINT('',(-0.509511945872,-0.387095566577));
#674 = CARTESIAN_POINT('',(-0.490516200273,-0.387583656371));
#675 = CARTESIAN_POINT('',(-0.471519750047,-0.388015979627));
#676 = CARTESIAN_POINT('',(-0.452523254295,-0.388396335962));
#677 = CARTESIAN_POINT('',(-0.433526665685,-0.388719321024));
#678 = CARTESIAN_POINT('',(-0.380921877066,-0.389459093025));
#679 = CARTESIAN_POINT('',(-0.347314414098,-0.389755760637));
#680 = CARTESIAN_POINT('',(-0.313710334779,-0.389872442722));
#681 = CARTESIAN_POINT('',(-0.280110770174,-0.389804815644));
#682 = CARTESIAN_POINT('',(-0.24651681228,-0.389548328514));
#683 = CARTESIAN_POINT('',(-0.212930028928,-0.389098253657));
#684 = CARTESIAN_POINT('',(-0.179352475065,-0.388449711613));
#685 = CARTESIAN_POINT('',(-5.604501906909E-02,-0.385319694855));
#686 = CARTESIAN_POINT('',(3.359374536973E-02,-0.38158615873));
#687 = CARTESIAN_POINT('',(0.123114034328,-0.376291960073));
#688 = CARTESIAN_POINT('',(0.212477637338,-0.369322799157));
#689 = CARTESIAN_POINT('',(0.301613402619,-0.360523241208));
#690 = CARTESIAN_POINT('',(0.390425555643,-0.349715755206));
#691 = CARTESIAN_POINT('',(0.478782343717,-0.336670765584));
#692 = CARTESIAN_POINT('',(0.56649300031,-0.321006173617));
#693 = ( GEOMETRIC_REPRESENTATION_CONTEXT(2) 
PARAMETRIC_REPRESENTATION_CONTEXT() REPRESENTATION_CONTEXT('2D SPACE',''
  ) );
#694 = ORIENTED_EDGE('',*,*,#695,.T.);
#695 = EDGE_CURVE('',#640,#696,#698,.T.);
#696 = VERTEX_POINT('',#697);
#697 = CARTESIAN_POINT('',(1.059025182105,0.708275860309,-0.199293537412
    ));
#698 = SURFACE_CURVE('',#699,(#703),.PCURVE_S1.);
#699 = LINE('',#700,#701);
#700 = CARTESIAN_POINT('',(1.059025182105,0.708275860309,0.));
#701 = VECTOR('',#702,1.);
#702 = DIRECTION('',(-0.,0.,-1.));
#703 = PCURVE('',#627,#704);
#704 = DEFINITIONAL_REPRESENTATION('',(#705),#709);
#705 = LINE('',#706,#707);
#706 = CARTESIAN_POINT('',(0.56649300031,0.));
#707 = VECTOR('',#708,1.);
#708 = DIRECTION('',(0.,1.));
#709 = ( GEOMETRIC_REPRESENTATION_CONTEXT(2) 
PARAMETRIC_REPRESENTATION_CONTEXT() REPRESENTATION_CONTEXT('2D SPACE',''
  ) );
#710 = ORIENTED_EDGE('',*,*,#711,.F.);
#711 = EDGE_CURVE('',#619,#696,#712,.T.);
#712 = SURFACE_CURVE('',#713,(#737),.PCURVE_S1.);
#713 = B_SPLINE_CURVE_WITH_KNOTS('',8,(#714,#715,#716,#717,#718,#719,
    #720,#721,#722,#723,#724,#725,#726,#727,#728,#729,#730,#731,#732,
    #733,#734,#735,#736),.UNSPECIFIED.,.F.,.F.,(9,7,7,9),(0.,
    0.152724188051,0.596942077586,1.),.UNSPECIFIED.);
#714 = CARTESIAN_POINT('',(2.115892297446,0.3,-0.187708997095));
#715 = CARTESIAN_POINT('',(2.095655910409,0.307817471286,-0.188540580028
    ));
#716 = CARTESIAN_POINT('',(2.075420636677,0.315634512493,-0.18935742399)
  );
#717 = CARTESIAN_POINT('',(2.055186770857,0.323451009814,-0.190163187379
    ));
#718 = CARTESIAN_POINT('',(2.034954907125,0.331266733712,-0.190964611069
    ));
#719 = CARTESIAN_POINT('',(2.014724623437,0.339081847228,-0.191756466016
    ));
#720 = CARTESIAN_POINT('',(1.99449546797,0.346896524903,-0.192533277811)
  );
#721 = CARTESIAN_POINT('',(1.974267844151,0.35471061089,-0.193299706811)
  );
#722 = CARTESIAN_POINT('',(1.895210156432,0.385251201092,-0.196238040171
    ));
#723 = CARTESIAN_POINT('',(1.836389669106,0.407974005802,-0.198304897021
    ));
#724 = CARTESIAN_POINT('',(1.777577418434,0.43069362863,-0.20022043949)
  );
#725 = CARTESIAN_POINT('',(1.718787513124,0.453404619274,-0.201968749561
    ));
#726 = CARTESIAN_POINT('',(1.660007397453,0.476111828105,-0.203492597367
    ));
#727 = CARTESIAN_POINT('',(1.601251031092,0.498809862395,-0.204767207823
    ));
#728 = CARTESIAN_POINT('',(1.542519729985,0.521498213786,-0.205736167579
    ));
#729 = CARTESIAN_POINT('',(1.430561042756,0.56474871206,-0.206894870123)
  );
#730 = CARTESIAN_POINT('',(1.377331240527,0.585311792303,-0.207147802937
    ));
#731 = CARTESIAN_POINT('',(1.324133630617,0.605862436407,-0.207059507449
    ));
#732 = CARTESIAN_POINT('',(1.270974734576,0.626398125047,-0.206578311751
    ));
#733 = CARTESIAN_POINT('',(1.217865430321,0.646914655999,-0.205644357116
    ));
#734 = CARTESIAN_POINT('',(1.164821502315,0.667405931607,-0.204185765967
    ));
#735 = CARTESIAN_POINT('',(1.111864825373,0.68786350146,-0.202110446994)
  );
#736 = CARTESIAN_POINT('',(1.059025182105,0.708275860309,-0.199293537412
    ));
#737 = PCURVE('',#627,#738);
#738 = DEFINITIONAL_REPRESENTATION('',(#739),#763);
#739 = B_SPLINE_CURVE_WITH_KNOTS('',8,(#740,#741,#742,#743,#744,#745,
    #746,#747,#748,#749,#750,#751,#752,#753,#754,#755,#756,#757,#758,
    #759,#760,#761,#762),.UNSPECIFIED.,.F.,.F.,(9,7,7,9),(0.,
    0.152724188051,0.596942077586,1.),.UNSPECIFIED.);
#740 = CARTESIAN_POINT('',(-0.56649300031,0.187708997095));
#741 = CARTESIAN_POINT('',(-0.544799125192,0.188540580028));
#742 = CARTESIAN_POINT('',(-0.523106443564,0.18935742399));
#743 = CARTESIAN_POINT('',(-0.501415271249,0.190163187379));
#744 = CARTESIAN_POINT('',(-0.479726245218,0.190964611069));
#745 = CARTESIAN_POINT('',(-0.458038913033,0.191756466016));
#746 = CARTESIAN_POINT('',(-0.436352790326,0.192533277811));
#747 = CARTESIAN_POINT('',(-0.41466830958,0.193299706811));
#748 = CARTESIAN_POINT('',(-0.32991663917,0.196238040171));
#749 = CARTESIAN_POINT('',(-0.266859715814,0.198304897021));
#750 = CARTESIAN_POINT('',(-0.203811622341,0.20022043949));
#751 = CARTESIAN_POINT('',(-0.140787483613,0.201968749561));
#752 = CARTESIAN_POINT('',(-7.77738396045E-02,0.203492597367));
#753 = CARTESIAN_POINT('',(-1.478565540686E-02,0.204767207823));
#754 = CARTESIAN_POINT('',(4.817565825909E-02,0.205736167579));
#755 = CARTESIAN_POINT('',(0.168197961382,0.206894870123));
#756 = CARTESIAN_POINT('',(0.225261540962,0.207147802937));
#757 = CARTESIAN_POINT('',(0.282290609631,0.207059507449));
#758 = CARTESIAN_POINT('',(0.339278176136,0.206578311751));
#759 = CARTESIAN_POINT('',(0.396212579099,0.205644357116));
#760 = CARTESIAN_POINT('',(0.453076897212,0.204185765967));
#761 = CARTESIAN_POINT('',(0.509847680164,0.202110446994));
#762 = CARTESIAN_POINT('',(0.56649300031,0.199293537412));
#763 = ( GEOMETRIC_REPRESENTATION_CONTEXT(2) 
PARAMETRIC_REPRESENTATION_CONTEXT() REPRESENTATION_CONTEXT('2D SPACE',''
  ) );
#764 = ( GEOMETRIC_REPRESENTATION_CONTEXT(3) 
GLOBAL_UNCERTAINTY_ASSIGNED_CONTEXT((#768)) GLOBAL_UNIT_ASSIGNED_CONTEXT
((#765,#766,#767)) REPRESENTATION_CONTEXT('Context #1',
  '3D Context with UNIT and UNCERTAINTY') );
#765 = ( LENGTH_UNIT() NAMED_UNIT(*) SI_UNIT(.MILLI.,.METRE.) );
#766 = ( NAMED_UNIT(*) PLANE_ANGLE_UNIT() SI_UNIT($,.RADIAN.) );
#767 = ( NAMED_UNIT(*) SI_UNIT($,.STERADIAN.) SOLID_ANGLE_UNIT() );
#768 = UNCERTAINTY_MEASURE_WITH_UNIT(LENGTH_MEASURE(5.E-06),#765,
  'distance_accuracy_value','confusion accuracy');
#769 = CONTEXT_DEPENDENT_SHAPE_REPRESENTATION(#770,#772);
#770 = ( REPRESENTATION_RELATIONSHIP('','',#609,#10) 
REPRESENTATION_RELATIONSHIP_WITH_TRANSFORMATION(#771) 
SHAPE_REPRESENTATION_RELATIONSHIP() );
#771 = ITEM_DEFINED_TRANSFORMATION('','',#11,#27);
#772 = PRODUCT_DEFINITION_SHAPE('Placement','Placement of an item',#773
  );
#773 = NEXT_ASSEMBLY_USAGE_OCCURRENCE('4','','',#5,#604,$);
#774 = PRODUCT_RELATED_PRODUCT_CATEGORY('part',$,(#606));
#775 = SHAPE_DEFINITION_REPRESENTATION(#776,#782);
#776 = PRODUCT_DEFINITION_SHAPE('','',#777);
#777 = PRODUCT_DEFINITION('design','',#778,#781);
#778 = PRODUCT_DEFINITION_FORMATION('','',#779);
#779 = PRODUCT('Open CASCADE STEP translator 7.8 1.5',
  'Open CASCADE STEP translator 7.8 1.5','',(#780));
#780 = PRODUCT_CONTEXT('',#2,'mechanical');
#781 = PRODUCT_DEFINITION_CONTEXT('part definition',#2,'design');
#782 = MANIFOLD_SURFACE_SHAPE_REPRESENTATION('',(#11,#783),#936);
#783 = SHELL_BASED_SURFACE_MODEL('',(#784));
#784 = OPEN_SHELL('',(#785));
#785 = ADVANCED_FACE('',(#786),#800,.T.);
#786 = FACE_BOUND('',#787,.T.);
#787 = EDGE_LOOP('',(#788,#811,#867,#882));
#788 = ORIENTED_EDGE('',*,*,#789,.F.);
#789 = EDGE_CURVE('',#790,#792,#794,.T.);
#790 = VERTEX_POINT('',#791);
#791 = CARTESIAN_POINT('',(2.115892297446,0.3,0.385310377599));
#792 = VERTEX_POINT('',#793);
#793 = CARTESIAN_POINT('',(2.115892297446,0.3,-0.187708997095));
#794 = SURFACE_CURVE('',#795,(#799),.PCURVE_S1.);
#795 = LINE('',#796,#797);
#796 = CARTESIAN_POINT('',(2.115892297446,0.3,0.));
#797 = VECTOR('',#798,1.);
#798 = DIRECTION('',(0.,0.,-1.));
#799 = PCURVE('',#800,#805);
#800 = PLANE('',#801);
#801 = AXIS2_PLACEMENT_3D('',#802,#803,#804);
#802 = CARTESIAN_POINT('',(2.504185143183,0.149999500085,0.));
#803 = DIRECTION('',(0.360353843812,0.932815687716,0.));
#804 = DIRECTION('',(0.932815687716,-0.360353843812,0.));
#805 = DEFINITIONAL_REPRESENTATION('',(#806),#810);
#806 = LINE('',#807,#808);
#807 = CARTESIAN_POINT('',(-0.416258914649,0.));
#808 = VECTOR('',#809,1.);
#809 = DIRECTION('',(0.,1.));
#810 = ( GEOMETRIC_REPRESENTATION_CONTEXT(2) 
PARAMETRIC_REPRESENTATION_CONTEXT() REPRESENTATION_CONTEXT('2D SPACE',''
  ) );
#811 = ORIENTED_EDGE('',*,*,#812,.F.);
#812 = EDGE_CURVE('',#813,#790,#815,.T.);
#813 = VERTEX_POINT('',#814);
#814 = CARTESIAN_POINT('',(2.89247540075,0.,0.32766672258));
#815 = SURFACE_CURVE('',#816,(#840),.PCURVE_S1.);
#816 = B_SPLINE_CURVE_WITH_KNOTS('',8,(#817,#818,#819,#820,#821,#822,
    #823,#824,#825,#826,#827,#828,#829,#830,#831,#832,#833,#834,#835,
    #836,#837,#838,#839),.UNSPECIFIED.,.F.,.F.,(9,7,7,9),(0.,
    0.505619605298,0.751860637839,1.),.UNSPECIFIED.);
#817 = CARTESIAN_POINT('',(2.89247540075,2.498001805407E-16,
    0.32766672258));
#818 = CARTESIAN_POINT('',(2.843505285953,1.891753036707E-02,
    0.332908706458));
#819 = CARTESIAN_POINT('',(2.794514243798,3.784314513255E-02,
    0.33794625081));
#820 = CARTESIAN_POINT('',(2.745503335129,5.67764344845E-02,
    0.342774453017));
#821 = CARTESIAN_POINT('',(2.696473665518,7.571697133173E-02,
    0.34738741557));
#822 = CARTESIAN_POINT('',(2.64742638915,9.466430980457E-02,
    0.351778496905));
#823 = CARTESIAN_POINT('',(2.598362712696,0.113617983756,0.355940562242)
  );
#824 = CARTESIAN_POINT('',(2.549283899204,0.132577505261,0.359866234423)
  );
#825 = CARTESIAN_POINT('',(2.476282746484,0.160778409611,0.365341266282)
  );
#826 = CARTESIAN_POINT('',(2.452370956573,0.170015717174,0.36707642252)
  );
#827 = CARTESIAN_POINT('',(2.428456051037,0.179254228326,0.36875296681)
  );
#828 = CARTESIAN_POINT('',(2.404538206743,0.188493874744,0.370369620854)
  );
#829 = CARTESIAN_POINT('',(2.380617617061,0.197734581725,0.371924810989)
  );
#830 = CARTESIAN_POINT('',(2.356694480319,0.206976272656,0.373417004462)
  );
#831 = CARTESIAN_POINT('',(2.332768988238,0.216218873472,0.374845045708)
  );
#832 = CARTESIAN_POINT('',(2.284729176499,0.234777020643,0.377582450674)
  );
#833 = CARTESIAN_POINT('',(2.260614915947,0.244092544165,0.37888976338)
  );
#834 = CARTESIAN_POINT('',(2.236498887353,0.253408750695,0.380138876336)
  );
#835 = CARTESIAN_POINT('',(2.212380265761,0.26272595892,0.381301575213)
  );
#836 = CARTESIAN_POINT('',(2.188260938035,0.27204343993,0.38242691801));
#837 = CARTESIAN_POINT('',(2.164139841377,0.281361604292,0.383469736929)
  );
#838 = CARTESIAN_POINT('',(2.140016936185,0.290680467305,0.38443426816)
  );
#839 = CARTESIAN_POINT('',(2.115892297446,0.3,0.385310377599));
#840 = PCURVE('',#800,#841);
#841 = DEFINITIONAL_REPRESENTATION('',(#842),#866);
#842 = B_SPLINE_CURVE_WITH_KNOTS('',8,(#843,#844,#845,#846,#847,#848,
    #849,#850,#851,#852,#853,#854,#855,#856,#857,#858,#859,#860,#861,
    #862,#863,#864,#865),.UNSPECIFIED.,.F.,.F.,(9,7,7,9),(0.,
    0.505619605298,0.751860637839,1.),.UNSPECIFIED.);
#843 = CARTESIAN_POINT('',(0.416256140072,-0.32766672258));
#844 = CARTESIAN_POINT('',(0.363759043976,-0.332908706458));
#845 = CARTESIAN_POINT('',(0.311239513269,-0.33794625081));
#846 = CARTESIAN_POINT('',(0.258698685199,-0.342774453017));
#847 = CARTESIAN_POINT('',(0.206137744967,-0.34738741557));
#848 = CARTESIAN_POINT('',(0.153557929882,-0.351778496905));
#849 = CARTESIAN_POINT('',(0.100960533526,-0.355940562242));
#850 = CARTESIAN_POINT('',(4.834690991478E-02,-0.359866234423));
#851 = CARTESIAN_POINT('',(-2.991201484581E-02,-0.365341266282));
#852 = CARTESIAN_POINT('',(-5.554600688285E-02,-0.36707642252));
#853 = CARTESIAN_POINT('',(-8.118333894118E-02,-0.36875296681));
#854 = CARTESIAN_POINT('',(-0.106823821418,-0.370369620854));
#855 = CARTESIAN_POINT('',(-0.132467247013,-0.371924810989));
#856 = CARTESIAN_POINT('',(-0.158113403115,-0.373417004462));
#857 = CARTESIAN_POINT('',(-0.183762084195,-0.374845045708));
#858 = CARTESIAN_POINT('',(-0.235261873888,-0.377582450674));
#859 = CARTESIAN_POINT('',(-0.261112919137,-0.37888976338));
#860 = CARTESIAN_POINT('',(-0.286965859767,-0.380138876336));
#861 = CARTESIAN_POINT('',(-0.312821580152,-0.381301575213));
#862 = CARTESIAN_POINT('',(-0.338678057529,-0.38242691801));
#863 = CARTESIAN_POINT('',(-0.364536431241,-0.383469736929));
#864 = CARTESIAN_POINT('',(-0.390396743744,-0.38443426816));
#865 = CARTESIAN_POINT('',(-0.416258914649,-0.385310377599));
#866 = ( GEOMETRIC_REPRESENTATION_CONTEXT(2) 
PARAMETRIC_REPRESENTATION_CONTEXT() REPRESENTATION_CONTEXT('2D SPACE',''
  ) );
#867 = ORIENTED_EDGE('',*,*,#868,.F.);
#868 = EDGE_CURVE('',#869,#813,#871,.T.);
#869 = VERTEX_POINT('',#870);
#870 = CARTESIAN_POINT('',(2.89247540075,0.,-0.1446234186));
#871 = SURFACE_CURVE('',#872,(#876),.PCURVE_S1.);
#872 = LINE('',#873,#874);
#873 = CARTESIAN_POINT('',(2.89247540075,-1.387778780781E-17,
    4.154115209556E-17));
#874 = VECTOR('',#875,1.);
#875 = DIRECTION('',(0.,0.,1.));
#876 = PCURVE('',#800,#877);
#877 = DEFINITIONAL_REPRESENTATION('',(#878),#881);
#878 = B_SPLINE_CURVE_WITH_KNOTS('',1,(#879,#880),.UNSPECIFIED.,.F.,.F.,
  (2,2),(-0.212107973309,0.396334298393),.PIECEWISE_BEZIER_KNOTS.);
#879 = CARTESIAN_POINT('',(0.416256140072,0.212107973309));
#880 = CARTESIAN_POINT('',(0.416256140072,-0.396334298393));
#881 = ( GEOMETRIC_REPRESENTATION_CONTEXT(2) 
PARAMETRIC_REPRESENTATION_CONTEXT() REPRESENTATION_CONTEXT('2D SPACE',''
  ) );
#882 = ORIENTED_EDGE('',*,*,#883,.T.);
#883 = EDGE_CURVE('',#869,#792,#884,.T.);
#884 = SURFACE_CURVE('',#885,(#909),.PCURVE_S1.);
#885 = B_SPLINE_CURVE_WITH_KNOTS('',8,(#886,#887,#888,#889,#890,#891,
    #892,#893,#894,#895,#896,#897,#898,#899,#900,#901,#902,#903,#904,
    #905,#906,#907,#908),.UNSPECIFIED.,.F.,.F.,(9,7,7,9),(0.,
    0.526777128607,0.761526765508,1.),.UNSPECIFIED.);
#886 = CARTESIAN_POINT('',(2.89247540075,1.110223024625E-16,
    -0.1446234186));
#887 = CARTESIAN_POINT('',(2.841359466965,1.974647667492E-02,
    -0.147991012643));
#888 = CARTESIAN_POINT('',(2.790238489464,3.949490177585E-02,
    -0.151306277845));
#889 = CARTESIAN_POINT('',(2.739113020517,5.924506195685E-02,
    -0.15456333521));
#890 = CARTESIAN_POINT('',(2.687983577883,7.899675720368E-02,
    -0.157756265745));
#891 = CARTESIAN_POINT('',(2.636850661388,9.874979442952E-02,
    -0.160878665508));
#892 = CARTESIAN_POINT('',(2.585714769504,0.118503981071,-0.163923200656
    ));
#893 = CARTESIAN_POINT('',(2.534576415928,0.138259118683,-0.166881162495
    ));
#894 = CARTESIAN_POINT('',(2.460646318909,0.166818881329,-0.171016918147
    ));
#895 = CARTESIAN_POINT('',(2.437856114605,0.175622911783,-0.172272686283
    ));
#896 = CARTESIAN_POINT('',(2.415065587536,0.184427066923,-0.173508275207
    ));
#897 = CARTESIAN_POINT('',(2.392274776331,0.193231331827,-0.174723124898
    ));
#898 = CARTESIAN_POINT('',(2.369483716197,0.202035692894,-0.175916831499
    ));
#899 = CARTESIAN_POINT('',(2.346692451163,0.210840133116,-0.177088811786
    ));
#900 = CARTESIAN_POINT('',(2.323901046328,0.219644627344,-0.178237967625
    ));
#901 = CARTESIAN_POINT('',(2.277956636067,0.237393304877,-0.180504568196
    ));
#902 = CARTESIAN_POINT('',(2.254803631482,0.246337487858,-0.1816222332)
  );
#903 = CARTESIAN_POINT('',(2.231650406165,0.255281756109,-0.182705586666
    ));
#904 = CARTESIAN_POINT('',(2.208498134577,0.264225655926,-0.183778466932
    ));
#905 = CARTESIAN_POINT('',(2.185345011505,0.27316988468,-0.184791200171)
  );
#906 = CARTESIAN_POINT('',(2.162192949933,0.282113703367,-0.185787805682
    ));
#907 = CARTESIAN_POINT('',(2.139041871058,0.291057142431,-0.186757701278
    ));
#908 = CARTESIAN_POINT('',(2.115892297446,0.3,-0.187708997095));
#909 = PCURVE('',#800,#910);
#910 = DEFINITIONAL_REPRESENTATION('',(#911),#935);
#911 = B_SPLINE_CURVE_WITH_KNOTS('',8,(#912,#913,#914,#915,#916,#917,
    #918,#919,#920,#921,#922,#923,#924,#925,#926,#927,#928,#929,#930,
    #931,#932,#933,#934),.UNSPECIFIED.,.F.,.F.,(9,7,7,9),(0.,
    0.526777128607,0.761526765508,1.),.UNSPECIFIED.);
#912 = CARTESIAN_POINT('',(0.416256140072,0.1446234186));
#913 = CARTESIAN_POINT('',(0.361458676373,0.147991012643));
#914 = CARTESIAN_POINT('',(0.306655805695,0.151306277845));
#915 = CARTESIAN_POINT('',(0.251848120082,0.15456333521));
#916 = CARTESIAN_POINT('',(0.197036174584,0.157756265745));
#917 = CARTESIAN_POINT('',(0.142220505028,0.160878665508));
#918 = CARTESIAN_POINT('',(8.740164578597E-02,0.163923200656));
#919 = CARTESIAN_POINT('',(3.258014755285E-02,0.166881162495));
#920 = CARTESIAN_POINT('',(-4.667462698918E-02,0.171016918147));
#921 = CARTESIAN_POINT('',(-7.110625330586E-02,0.172272686283));
#922 = CARTESIAN_POINT('',(-9.553822563281E-02,0.173508275207));
#923 = CARTESIAN_POINT('',(-0.119970502561,0.174723124898));
#924 = CARTESIAN_POINT('',(-0.144403046347,0.175916831499));
#925 = CARTESIAN_POINT('',(-0.16883580979,0.177088811786));
#926 = CARTESIAN_POINT('',(-0.193268723103,0.178237967625));
#927 = CARTESIAN_POINT('',(-0.242522193929,0.180504568196));
#928 = CARTESIAN_POINT('',(-0.26734275054,0.1816222332));
#929 = CARTESIAN_POINT('',(-0.292163543781,0.182705586666));
#930 = CARTESIAN_POINT('',(-0.316983314602,0.183778466932));
#931 = CARTESIAN_POINT('',(-0.341803998235,0.184791200171));
#932 = CARTESIAN_POINT('',(-0.366623543915,0.185787805682));
#933 = CARTESIAN_POINT('',(-0.391442036121,0.186757701278));
#934 = CARTESIAN_POINT('',(-0.416258914649,0.187708997095));
#935 = ( GEOMETRIC_REPRESENTATION_CONTEXT(2) 
PARAMETRIC_REPRESENTATION_CONTEXT() REPRESENTATION_CONTEXT('2D SPACE',''
  ) );
#936 = ( GEOMETRIC_REPRESENTATION_CONTEXT(3) 
GLOBAL_UNCERTAINTY_ASSIGNED_CONTEXT((#940)) GLOBAL_UNIT_ASSIGNED_CONTEXT
((#937,#938,#939)) REPRESENTATION_CONTEXT('Context #1',
  '3D Context with UNIT and UNCERTAINTY') );
#937 = ( LENGTH_UNIT() NAMED_UNIT(*) SI_UNIT(.MILLI.,.METRE.) );
#938 = ( NAMED_UNIT(*) PLANE_ANGLE_UNIT() SI_UNIT($,.RADIAN.) );
#939 = ( NAMED_UNIT(*) SI_UNIT($,.STERADIAN.) SOLID_ANGLE_UNIT() );
#940 = UNCERTAINTY_MEASURE_WITH_UNIT(LENGTH_MEASURE(5.E-06),#937,
  'distance_accuracy_value','confusion accuracy');
#941 = CONTEXT_DEPENDENT_SHAPE_REPRESENTATION(#942,#944);
#942 = ( REPRESENTATION_RELATIONSHIP('','',#782,#10) 
REPRESENTATION_RELATIONSHIP_WITH_TRANSFORMATION(#943) 
SHAPE_REPRESENTATION_RELATIONSHIP() );
#943 = ITEM_DEFINED_TRANSFORMATION('','',#11,#31);
#944 = PRODUCT_DEFINITION_SHAPE('Placement','Placement of an item',#945
  );
#945 = NEXT_ASSEMBLY_USAGE_OCCURRENCE('5','','',#5,#777,$);
#946 = PRODUCT_RELATED_PRODUCT_CATEGORY('part',$,(#779));
#947 = SHAPE_DEFINITION_REPRESENTATION(#948,#954);
#948 = PRODUCT_DEFINITION_SHAPE('','',#949);
#949 = PRODUCT_DEFINITION('design','',#950,#953);
#950 = PRODUCT_DEFINITION_FORMATION('','',#951);
#951 = PRODUCT('Open CASCADE STEP translator 7.8 1.6',
  'Open CASCADE STEP translator 7.8 1.6','',(#952));
#952 = PRODUCT_CONTEXT('',#2,'mechanical');
#953 = PRODUCT_DEFINITION_CONTEXT('part definition',#2,'design');
#954 = MANIFOLD_SURFACE_SHAPE_REPRESENTATION('',(#11,#955),#1037);
#955 = SHELL_BASED_SURFACE_MODEL('',(#956));
#956 = OPEN_SHELL('',(#957));
#957 = ADVANCED_FACE('',(#958),#972,.T.);
#958 = FACE_BOUND('',#959,.T.);
#959 = EDGE_LOOP('',(#960,#983,#1003,#1019));
#960 = ORIENTED_EDGE('',*,*,#961,.F.);
#961 = EDGE_CURVE('',#962,#964,#966,.T.);
#962 = VERTEX_POINT('',#963);
#963 = CARTESIAN_POINT('',(2.115892297446,0.3,0.385310377599));
#964 = VERTEX_POINT('',#965);
#965 = CARTESIAN_POINT('',(2.115892297446,0.3,-0.187708997095));
#966 = SURFACE_CURVE('',#967,(#971),.PCURVE_S1.);
#967 = LINE('',#968,#969);
#968 = CARTESIAN_POINT('',(2.115892297446,0.3,0.));
#969 = VECTOR('',#970,1.);
#970 = DIRECTION('',(0.,0.,-1.));
#971 = PCURVE('',#972,#977);
#972 = PLANE('',#973);
#973 = AXIS2_PLACEMENT_3D('',#974,#975,#976);
#974 = CARTESIAN_POINT('',(2.789516276354,2.04375,0.));
#975 = DIRECTION('',(-0.932815687716,0.360353843812,0.));
#976 = DIRECTION('',(0.360353843812,0.932815687716,0.));
#977 = DEFINITIONAL_REPRESENTATION('',(#978),#982);
#978 = LINE('',#979,#980);
#979 = CARTESIAN_POINT('',(-1.869340345539,0.));
#980 = VECTOR('',#981,1.);
#981 = DIRECTION('',(0.,1.));
#982 = ( GEOMETRIC_REPRESENTATION_CONTEXT(2) 
PARAMETRIC_REPRESENTATION_CONTEXT() REPRESENTATION_CONTEXT('2D SPACE',''
  ) );
#983 = ORIENTED_EDGE('',*,*,#984,.T.);
#984 = EDGE_CURVE('',#962,#985,#987,.T.);
#985 = VERTEX_POINT('',#986);
#986 = CARTESIAN_POINT('',(3.463140255262,3.7875,0.330906736227));
#987 = SURFACE_CURVE('',#988,(#994),.PCURVE_S1.);
#988 = B_SPLINE_CURVE_WITH_KNOTS('',4,(#989,#990,#991,#992,#993),
  .UNSPECIFIED.,.F.,.F.,(5,5),(0.,1.),.PIECEWISE_BEZIER_KNOTS.);
#989 = CARTESIAN_POINT('',(2.115892297446,0.3,0.385310377599));
#990 = CARTESIAN_POINT('',(2.4527042869,1.171875,0.371709467256));
#991 = CARTESIAN_POINT('',(2.789516276354,2.04375,0.358108556913));
#992 = CARTESIAN_POINT('',(3.126328265808,2.915625,0.34450764657));
#993 = CARTESIAN_POINT('',(3.463140255262,3.7875,0.330906736227));
#994 = PCURVE('',#972,#995);
#995 = DEFINITIONAL_REPRESENTATION('',(#996),#1002);
#996 = B_SPLINE_CURVE_WITH_KNOTS('',4,(#997,#998,#999,#1000,#1001),
  .UNSPECIFIED.,.F.,.F.,(5,5),(0.,1.),.PIECEWISE_BEZIER_KNOTS.);
#997 = CARTESIAN_POINT('',(-1.869340345539,-0.385310377599));
#998 = CARTESIAN_POINT('',(-0.934670172769,-0.371709467256));
#999 = CARTESIAN_POINT('',(9.547918011776E-15,-0.358108556913));
#1000 = CARTESIAN_POINT('',(0.934670172769,-0.34450764657));
#1001 = CARTESIAN_POINT('',(1.869340345539,-0.330906736227));
#1002 = ( GEOMETRIC_REPRESENTATION_CONTEXT(2) 
PARAMETRIC_REPRESENTATION_CONTEXT() REPRESENTATION_CONTEXT('2D SPACE',''
  ) );
#1003 = ORIENTED_EDGE('',*,*,#1004,.T.);
#1004 = EDGE_CURVE('',#985,#1005,#1007,.T.);
#1005 = VERTEX_POINT('',#1006);
#1006 = CARTESIAN_POINT('',(3.463140255262,3.7875,-0.161205550643));
#1007 = SURFACE_CURVE('',#1008,(#1012),.PCURVE_S1.);
#1008 = LINE('',#1009,#1010);
#1009 = CARTESIAN_POINT('',(3.463140255262,3.7875,0.));
#1010 = VECTOR('',#1011,1.);
#1011 = DIRECTION('',(0.,0.,-1.));
#1012 = PCURVE('',#972,#1013);
#1013 = DEFINITIONAL_REPRESENTATION('',(#1014),#1018);
#1014 = LINE('',#1015,#1016);
#1015 = CARTESIAN_POINT('',(1.869340345539,0.));
#1016 = VECTOR('',#1017,1.);
#1017 = DIRECTION('',(0.,1.));
#1018 = ( GEOMETRIC_REPRESENTATION_CONTEXT(2) 
PARAMETRIC_REPRESENTATION_CONTEXT() REPRESENTATION_CONTEXT('2D SPACE',''
  ) );
#1019 = ORIENTED_EDGE('',*,*,#1020,.F.);
#1020 = EDGE_CURVE('',#964,#1005,#1021,.T.);
#1021 = SURFACE_CURVE('',#1022,(#1028),.PCURVE_S1.);
#1022 = B_SPLINE_CURVE_WITH_KNOTS('',4,(#1023,#1024,#1025,#1026,#1027),
  .UNSPECIFIED.,.F.,.F.,(5,5),(0.,1.),.PIECEWISE_BEZIER_KNOTS.);
#1023 = CARTESIAN_POINT('',(2.115892297446,0.3,-0.187708997095));
#1024 = CARTESIAN_POINT('',(2.4527042869,1.171875,-0.181083135482));
#1025 = CARTESIAN_POINT('',(2.789516276354,2.04375,-0.174457273869));
#1026 = CARTESIAN_POINT('',(3.126328265808,2.915625,-0.167831412256));
#1027 = CARTESIAN_POINT('',(3.463140255262,3.7875,-0.161205550643));
#1028 = PCURVE('',#972,#1029);
#1029 = DEFINITIONAL_REPRESENTATION('',(#1030),#1036);
#1030 = B_SPLINE_CURVE_WITH_KNOTS('',4,(#1031,#1032,#1033,#1034,#1035),
  .UNSPECIFIED.,.F.,.F.,(5,5),(0.,1.),.PIECEWISE_BEZIER_KNOTS.);
#1031 = CARTESIAN_POINT('',(-1.869340345539,0.187708997095));
#1032 = CARTESIAN_POINT('',(-0.934670172769,0.181083135482));
#1033 = CARTESIAN_POINT('',(2.975397705995E-14,0.174457273869));
#1034 = CARTESIAN_POINT('',(0.934670172769,0.167831412256));
#1035 = CARTESIAN_POINT('',(1.869340345539,0.161205550643));
#1036 = ( GEOMETRIC_REPRESENTATION_CONTEXT(2) 
PARAMETRIC_REPRESENTATION_CONTEXT() REPRESENTATION_CONTEXT('2D SPACE',''
  ) );
#1037 = ( GEOMETRIC_REPRESENTATION_CONTEXT(3) 
GLOBAL_UNCERTAINTY_ASSIGNED_CONTEXT((#1041)) 
GLOBAL_UNIT_ASSIGNED_CONTEXT((#1038,#1039,#1040)) REPRESENTATION_CONTEXT
('Context #1','3D Context with UNIT and UNCERTAINTY') );
#1038 = ( LENGTH_UNIT() NAMED_UNIT(*) SI_UNIT(.MILLI.,.METRE.) );
#1039 = ( NAMED_UNIT(*) PLANE_ANGLE_UNIT() SI_UNIT($,.RADIAN.) );
#1040 = ( NAMED_UNIT(*) SI_UNIT($,.STERADIAN.) SOLID_ANGLE_UNIT() );
#1041 = UNCERTAINTY_MEASURE_WITH_UNIT(LENGTH_MEASURE(5.E-06),#1038,
  'distance_accuracy_value','confusion accuracy');
#1042 = CONTEXT_DEPENDENT_SHAPE_REPRESENTATION(#1043,#1045);
#1043 = ( REPRESENTATION_RELATIONSHIP('','',#954,#10) 
REPRESENTATION_RELATIONSHIP_WITH_TRANSFORMATION(#1044) 
SHAPE_REPRESENTATION_RELATIONSHIP() );
#1044 = ITEM_DEFINED_TRANSFORMATION('','',#11,#35);
#1045 = PRODUCT_DEFINITION_SHAPE('Placement','Placement of an item',
  #1046);
#1046 = NEXT_ASSEMBLY_USAGE_OCCURRENCE('6','','',#5,#949,$);
#1047 = PRODUCT_RELATED_PRODUCT_CATEGORY('part',$,(#951));
#1048 = SHAPE_DEFINITION_REPRESENTATION(#1049,#1055);
#1049 = PRODUCT_DEFINITION_SHAPE('','',#1050);
#1050 = PRODUCT_DEFINITION('design','',#1051,#1054);
#1051 = PRODUCT_DEFINITION_FORMATION('','',#1052);
#1052 = PRODUCT('Open CASCADE STEP translator 7.8 1.7',
  'Open CASCADE STEP translator 7.8 1.7','',(#1053));
#1053 = PRODUCT_CONTEXT('',#2,'mechanical');
#1054 = PRODUCT_DEFINITION_CONTEXT('part definition',#2,'design');
#1055 = MANIFOLD_SURFACE_SHAPE_REPRESENTATION('',(#11,#1056),#1216);
#1056 = SHELL_BASED_SURFACE_MODEL('',(#1057));
#1057 = OPEN_SHELL('',(#1058));
#1058 = ADVANCED_FACE('',(#1059),#1073,.T.);
#1059 = FACE_BOUND('',#1060,.T.);
#1060 = EDGE_LOOP('',(#1061,#1084,#1146,#1162));
#1061 = ORIENTED_EDGE('',*,*,#1062,.F.);
#1062 = EDGE_CURVE('',#1063,#1065,#1067,.T.);
#1063 = VERTEX_POINT('',#1064);
#1064 = CARTESIAN_POINT('',(3.463140255262,3.7875,0.330906736227));
#1065 = VERTEX_POINT('',#1066);
#1066 = CARTESIAN_POINT('',(3.463140255262,3.7875,-0.161205550643));
#1067 = SURFACE_CURVE('',#1068,(#1072),.PCURVE_S1.);
#1068 = LINE('',#1069,#1070);
#1069 = CARTESIAN_POINT('',(3.463140255262,3.7875,0.));
#1070 = VECTOR('',#1071,1.);
#1071 = DIRECTION('',(-0.,0.,-1.));
#1072 = PCURVE('',#1073,#1078);
#1073 = PLANE('',#1074);
#1074 = AXIS2_PLACEMENT_3D('',#1075,#1076,#1077);
#1075 = CARTESIAN_POINT('',(3.19606110658,4.390821638393,0.));
#1076 = DIRECTION('',(-0.914408944968,-0.404791651795,0.));
#1077 = DIRECTION('',(-0.404791651795,0.914408944968,0.));
#1078 = DEFINITIONAL_REPRESENTATION('',(#1079),#1083);
#1079 = LINE('',#1080,#1081);
#1080 = CARTESIAN_POINT('',(-0.659794112594,0.));
#1081 = VECTOR('',#1082,1.);
#1082 = DIRECTION('',(0.,1.));
#1083 = ( GEOMETRIC_REPRESENTATION_CONTEXT(2) 
PARAMETRIC_REPRESENTATION_CONTEXT() REPRESENTATION_CONTEXT('2D SPACE',''
  ) );
#1084 = ORIENTED_EDGE('',*,*,#1085,.F.);
#1085 = EDGE_CURVE('',#1086,#1063,#1088,.T.);
#1086 = VERTEX_POINT('',#1087);
#1087 = CARTESIAN_POINT('',(2.928981957898,4.994143276787,0.264369988599
    ));
#1088 = SURFACE_CURVE('',#1089,(#1116),.PCURVE_S1.);
#1089 = B_SPLINE_CURVE_WITH_KNOTS('',7,(#1090,#1091,#1092,#1093,#1094,
    #1095,#1096,#1097,#1098,#1099,#1100,#1101,#1102,#1103,#1104,#1105,
    #1106,#1107,#1108,#1109,#1110,#1111,#1112,#1113,#1114,#1115),
  .UNSPECIFIED.,.F.,.F.,(8,6,6,6,8),(0.,0.448341893616,0.712765583519,
    0.850400787021,1.),.UNSPECIFIED.);
#1090 = CARTESIAN_POINT('',(2.928981957898,4.994143276787,0.264369988599
    ));
#1091 = CARTESIAN_POINT('',(2.962745408363,4.917872926396,0.276069067881
    ));
#1092 = CARTESIAN_POINT('',(2.996658781551,4.841263906275,0.286153532932
    ));
#1093 = CARTESIAN_POINT('',(3.030679953329,4.764411373239,0.294864528192
    ));
#1094 = CARTESIAN_POINT('',(3.064780902768,4.687378625501,0.302352755693
    ));
#1095 = CARTESIAN_POINT('',(3.098942308818,4.610209308579,0.308730825394
    ));
#1096 = CARTESIAN_POINT('',(3.133151196856,4.532932731653,0.314096169966
    ));
#1097 = CARTESIAN_POINT('',(3.187601905045,4.409930652912,0.321136284707
    ));
#1098 = CARTESIAN_POINT('',(3.207815577461,4.36426873576,0.323421631378)
  );
#1099 = CARTESIAN_POINT('',(3.22804054275,4.318581308437,0.325397693134)
  );
#1100 = CARTESIAN_POINT('',(3.248275204106,4.27287197807,0.327076682185)
  );
#1101 = CARTESIAN_POINT('',(3.268518031427,4.227144201096,0.328471211137
    ));
#1102 = CARTESIAN_POINT('',(3.288767564524,4.18140127603,0.329594350197)
  );
#1103 = CARTESIAN_POINT('',(3.31956595462,4.111828884236,0.330902101616)
  );
#1104 = CARTESIAN_POINT('',(3.33011060633,4.088008917094,0.331278619356)
  );
#1105 = CARTESIAN_POINT('',(3.340656656483,4.06418579092,0.331585475144)
  );
#1106 = CARTESIAN_POINT('',(3.351203991408,4.040359762498,0.331824044047
    ));
#1107 = CARTESIAN_POINT('',(3.361752510988,4.016531057986,0.331995623703
    ));
#1108 = CARTESIAN_POINT('',(3.372302091608,3.992699956623,0.332101479418
    ));
#1109 = CARTESIAN_POINT('',(3.394320110435,3.942962089559,0.332187898657
    ));
#1110 = CARTESIAN_POINT('',(3.405788738221,3.917054895604,0.332157323452
    ));
#1111 = CARTESIAN_POINT('',(3.417258095511,3.891146053727,0.332048909288
    ));
#1112 = CARTESIAN_POINT('',(3.428728257514,3.865235394037,0.331874757419
    ));
#1113 = CARTESIAN_POINT('',(3.440198578923,3.839324374254,0.331618077644
    ));
#1114 = CARTESIAN_POINT('',(3.451669286514,3.813412482097,0.331293960563
    ));
#1115 = CARTESIAN_POINT('',(3.463140255262,3.7875,0.330906736227));
#1116 = PCURVE('',#1073,#1117);
#1117 = DEFINITIONAL_REPRESENTATION('',(#1118),#1145);
#1118 = B_SPLINE_CURVE_WITH_KNOTS('',7,(#1119,#1120,#1121,#1122,#1123,
    #1124,#1125,#1126,#1127,#1128,#1129,#1130,#1131,#1132,#1133,#1134,
    #1135,#1136,#1137,#1138,#1139,#1140,#1141,#1142,#1143,#1144),
  .UNSPECIFIED.,.F.,.F.,(8,6,6,6,8),(0.,0.448341893616,0.712765583519,
    0.850400787021,1.),.UNSPECIFIED.);
#1119 = CARTESIAN_POINT('',(0.659794112594,-0.264369988599));
#1120 = CARTESIAN_POINT('',(0.576384659077,-0.276069067881));
#1121 = CARTESIAN_POINT('',(0.492604835463,-0.286153532932));
#1122 = CARTESIAN_POINT('',(0.408558705492,-0.294864528192));
#1123 = CARTESIAN_POINT('',(0.324315492253,-0.302352755693));
#1124 = CARTESIAN_POINT('',(0.2399229266,-0.308730825394));
#1125 = CARTESIAN_POINT('',(0.155413061127,-0.314096169966));
#1126 = CARTESIAN_POINT('',(2.089766796827E-02,-0.321136284707));
#1127 = CARTESIAN_POINT('',(-2.903832336682E-02,-0.323421631378));
#1128 = CARTESIAN_POINT('',(-7.900221269008E-02,-0.325397693134));
#1129 = CARTESIAN_POINT('',(-0.12899005524,-0.327076682185));
#1130 = CARTESIAN_POINT('',(-0.178998071047,-0.328471211137));
#1131 = CARTESIAN_POINT('',(-0.229022652847,-0.329594350197));
#1132 = CARTESIAN_POINT('',(-0.305107201426,-0.330902101616));
#1133 = CARTESIAN_POINT('',(-0.331156779432,-0.331278619356));
#1134 = CARTESIAN_POINT('',(-0.357209812164,-0.331585475144));
#1135 = CARTESIAN_POINT('',(-0.383266018802,-0.331824044047));
#1136 = CARTESIAN_POINT('',(-0.40932515202,-0.331995623703));
#1137 = CARTESIAN_POINT('',(-0.43538690644,-0.332101479418));
#1138 = CARTESIAN_POINT('',(-0.489780367197,-0.332187898657));
#1139 = CARTESIAN_POINT('',(-0.518112541874,-0.332157323452));
#1140 = CARTESIAN_POINT('',(-0.546446518722,-0.332048909288));
#1141 = CARTESIAN_POINT('',(-0.574782483536,-0.331874757419));
#1142 = CARTESIAN_POINT('',(-0.603118842149,-0.331618077644));
#1143 = CARTESIAN_POINT('',(-0.631456154791,-0.331293960563));
#1144 = CARTESIAN_POINT('',(-0.659794112594,-0.330906736227));
#1145 = ( GEOMETRIC_REPRESENTATION_CONTEXT(2) 
PARAMETRIC_REPRESENTATION_CONTEXT() REPRESENTATION_CONTEXT('2D SPACE',''
  ) );
#1146 = ORIENTED_EDGE('',*,*,#1147,.T.);
#1147 = EDGE_CURVE('',#1086,#1148,#1150,.T.);
#1148 = VERTEX_POINT('',#1149);
#1149 = CARTESIAN_POINT('',(2.928981957898,4.994143276787,
    -0.164131526798));
#1150 = SURFACE_CURVE('',#1151,(#1155),.PCURVE_S1.);
#1151 = LINE('',#1152,#1153);
#1152 = CARTESIAN_POINT('',(2.928981957898,4.994143276787,0.));
#1153 = VECTOR('',#1154,1.);
#1154 = DIRECTION('',(-0.,0.,-1.));
#1155 = PCURVE('',#1073,#1156);
#1156 = DEFINITIONAL_REPRESENTATION('',(#1157),#1161);
#1157 = LINE('',#1158,#1159);
#1158 = CARTESIAN_POINT('',(0.659794112594,0.));
#1159 = VECTOR('',#1160,1.);
#1160 = DIRECTION('',(0.,1.));
#1161 = ( GEOMETRIC_REPRESENTATION_CONTEXT(2) 
PARAMETRIC_REPRESENTATION_CONTEXT() REPRESENTATION_CONTEXT('2D SPACE',''
  ) );
#1162 = ORIENTED_EDGE('',*,*,#1163,.T.);
#1163 = EDGE_CURVE('',#1148,#1065,#1164,.T.);
#1164 = SURFACE_CURVE('',#1165,(#1189),.PCURVE_S1.);
#1165 = B_SPLINE_CURVE_WITH_KNOTS('',8,(#1166,#1167,#1168,#1169,#1170,
    #1171,#1172,#1173,#1174,#1175,#1176,#1177,#1178,#1179,#1180,#1181,
    #1182,#1183,#1184,#1185,#1186,#1187,#1188),.UNSPECIFIED.,.F.,.F.,(9,
    7,7,9),(0.,0.496821136735,0.812029690938,1.),.UNSPECIFIED.);
#1166 = CARTESIAN_POINT('',(2.928981957898,4.994143276787,
    -0.164131526798));
#1167 = CARTESIAN_POINT('',(2.961923115035,4.919730455746,
    -0.167548614735));
#1168 = CARTESIAN_POINT('',(2.99494084446,4.845144660821,-0.169954662532
    ));
#1169 = CARTESIAN_POINT('',(3.028012441056,4.770437182003,
    -0.171581797558));
#1170 = CARTESIAN_POINT('',(3.061123131353,4.695641392002,
    -0.172576958455));
#1171 = CARTESIAN_POINT('',(3.094262658663,4.620780460286,-0.17305023962
    ));
#1172 = CARTESIAN_POINT('',(3.127424362766,4.54586943204,-0.173091092981
    ));
#1173 = CARTESIAN_POINT('',(3.160605170517,4.470915249377,
    -0.172770610979));
#1174 = CARTESIAN_POINT('',(3.214868516513,4.348336414703,
    -0.171753171377));
#1175 = CARTESIAN_POINT('',(3.235938614253,4.30073986532,-0.171236720284
    ));
#1176 = CARTESIAN_POINT('',(3.257014525387,4.253130183699,
    -0.170614239735));
#1177 = CARTESIAN_POINT('',(3.278095294286,4.205509528574,
    -0.169897981298));
#1178 = CARTESIAN_POINT('',(3.29918073591,4.15787831794,-0.169100698449)
  );
#1179 = CARTESIAN_POINT('',(3.32027064395,4.110237017843,-0.168233651016
    ));
#1180 = CARTESIAN_POINT('',(3.341364108776,4.062587683099,
    -0.167304707352));
#1181 = CARTESIAN_POINT('',(3.37504166927,3.986511354886,-0.165736560577
    ));
#1182 = CARTESIAN_POINT('',(3.387623624285,3.958089197066,-0.16513235181
    ));
#1183 = CARTESIAN_POINT('',(3.400206516102,3.929664923049,
    -0.164506940168));
#1184 = CARTESIAN_POINT('',(3.412791043203,3.901236954986,
    -0.163877524084));
#1185 = CARTESIAN_POINT('',(3.425376174478,3.872807622116,-0.16321720663
    ));
#1186 = CARTESIAN_POINT('',(3.437963121413,3.844374187741,
    -0.162562501161));
#1187 = CARTESIAN_POINT('',(3.450551163657,3.815938279103,-0.16189263385
    ));
#1188 = CARTESIAN_POINT('',(3.463140255262,3.7875,-0.161205550643));
#1189 = PCURVE('',#1073,#1190);
#1190 = DEFINITIONAL_REPRESENTATION('',(#1191),#1215);
#1191 = B_SPLINE_CURVE_WITH_KNOTS('',8,(#1192,#1193,#1194,#1195,#1196,
    #1197,#1198,#1199,#1200,#1201,#1202,#1203,#1204,#1205,#1206,#1207,
    #1208,#1209,#1210,#1211,#1212,#1213,#1214),.UNSPECIFIED.,.F.,.F.,(9,
    7,7,9),(0.,0.496821136735,0.812029690938,1.),.UNSPECIFIED.);
#1192 = CARTESIAN_POINT('',(0.659794112594,0.164131526798));
#1193 = CARTESIAN_POINT('',(0.578416058005,0.167548614735));
#1194 = CARTESIAN_POINT('',(0.496848838726,0.169954662532));
#1195 = CARTESIAN_POINT('',(0.415148545625,0.171581797558));
#1196 = CARTESIAN_POINT('',(0.333351675184,0.172576958455));
#1197 = CARTESIAN_POINT('',(0.251483565596,0.17305023962));
#1198 = CARTESIAN_POINT('',(0.16956067031,0.173091092981));
#1199 = CARTESIAN_POINT('',(8.759058124271E-02,0.172770610979));
#1200 = CARTESIAN_POINT('',(-4.646195110399E-02,0.171753171377));
#1201 = CARTESIAN_POINT('',(-9.851366127661E-02,0.171236720284));
#1202 = CARTESIAN_POINT('',(-0.150579732899,0.170614239735));
#1203 = CARTESIAN_POINT('',(-0.202657805175,0.169897981298));
#1204 = CARTESIAN_POINT('',(-0.254747420982,0.169100698449));
#1205 = CARTESIAN_POINT('',(-0.306848070652,0.168233651016));
#1206 = CARTESIAN_POINT('',(-0.358957507033,0.167304707352));
#1207 = CARTESIAN_POINT('',(-0.442154777392,0.165736560577));
#1208 = CARTESIAN_POINT('',(-0.473237323091,0.16513235181));
#1209 = CARTESIAN_POINT('',(-0.50432218307,0.164506940168));
#1210 = CARTESIAN_POINT('',(-0.535411082866,0.163877524084));
#1211 = CARTESIAN_POINT('',(-0.566501475218,0.16321720663));
#1212 = CARTESIAN_POINT('',(-0.597596352988,0.162562501161));
#1213 = CARTESIAN_POINT('',(-0.628693936618,0.16189263385));
#1214 = CARTESIAN_POINT('',(-0.659794112594,0.161205550643));
#1215 = ( GEOMETRIC_REPRESENTATION_CONTEXT(2) 
PARAMETRIC_REPRESENTATION_CONTEXT() REPRESENTATION_CONTEXT('2D SPACE',''
  ) );
#1216 = ( GEOMETRIC_REPRESENTATION_CONTEXT(3) 
GLOBAL_UNCERTAINTY_ASSIGNED_CONTEXT((#1220)) 
GLOBAL_UNIT_ASSIGNED_CONTEXT((#1217,#1218,#1219)) REPRESENTATION_CONTEXT
('Context #1','3D Context with UNIT and UNCERTAINTY') );
#1217 = ( LENGTH_UNIT() NAMED_UNIT(*) SI_UNIT(.MILLI.,.METRE.) );
#1218 = ( NAMED_UNIT(*) PLANE_ANGLE_UNIT() SI_UNIT($,.RADIAN.) );
#1219 = ( NAMED_UNIT(*) SI_UNIT($,.STERADIAN.) SOLID_ANGLE_UNIT() );
#1220 = UNCERTAINTY_MEASURE_WITH_UNIT(LENGTH_MEASURE(5.E-06),#1217,
  'distance_accuracy_value','confusion accuracy');
#1221 = CONTEXT_DEPENDENT_SHAPE_REPRESENTATION(#1222,#1224);
#1222 = ( REPRESENTATION_RELATIONSHIP('','',#1055,#10) 
REPRESENTATION_RELATIONSHIP_WITH_TRANSFORMATION(#1223) 
SHAPE_REPRESENTATION_RELATIONSHIP() );
#1223 = ITEM_DEFINED_TRANSFORMATION('','',#11,#39);
#1224 = PRODUCT_DEFINITION_SHAPE('Placement','Placement of an item',
  #1225);
#1225 = NEXT_ASSEMBLY_USAGE_OCCURRENCE('7','','',#5,#1050,$);
#1226 = PRODUCT_RELATED_PRODUCT_CATEGORY('part',$,(#1052));
#1227 = SHAPE_DEFINITION_REPRESENTATION(#1228,#1234);
#1228 = PRODUCT_DEFINITION_SHAPE('','',#1229);
#1229 = PRODUCT_DEFINITION('design','',#1230,#1233);
#1230 = PRODUCT_DEFINITION_FORMATION('','',#1231);
#1231 = PRODUCT('Open CASCADE STEP translator 7.8 1.8',
  'Open CASCADE STEP translator 7.8 1.8','',(#1232));
#1232 = PRODUCT_CONTEXT('',#2,'mechanical');
#1233 = PRODUCT_DEFINITION_CONTEXT('part definition',#2,'design');
#1234 = MANIFOLD_SURFACE_SHAPE_REPRESENTATION('',(#11,#1235),#1409);
#1235 = SHELL_BASED_SURFACE_MODEL('',(#1236));
#1236 = OPEN_SHELL('',(#1237));
#1237 = ADVANCED_FACE('',(#1238),#1252,.T.);
#1238 = FACE_BOUND('',#1239,.T.);
#1239 = EDGE_LOOP('',(#1240,#1263,#1333,#1349));
#1240 = ORIENTED_EDGE('',*,*,#1241,.F.);
#1241 = EDGE_CURVE('',#1242,#1244,#1246,.T.);
#1242 = VERTEX_POINT('',#1243);
#1243 = CARTESIAN_POINT('',(3.463140255262,3.7875,0.330906736227));
#1244 = VERTEX_POINT('',#1245);
#1245 = CARTESIAN_POINT('',(3.463140255262,3.7875,-0.161205550643));
#1246 = SURFACE_CURVE('',#1247,(#1251),.PCURVE_S1.);
#1247 = LINE('',#1248,#1249);
#1248 = CARTESIAN_POINT('',(3.463140255262,3.7875,0.));
#1249 = VECTOR('',#1250,1.);
#1250 = DIRECTION('',(0.,0.,-1.));
#1251 = PCURVE('',#1252,#1257);
#1252 = PLANE('',#1253);
#1253 = AXIS2_PLACEMENT_3D('',#1254,#1255,#1256);
#1254 = CARTESIAN_POINT('',(4.086214768352,4.063323375015,0.));
#1255 = DIRECTION('',(-0.404791651795,0.914408944968,0.));
#1256 = DIRECTION('',(0.914408944968,0.404791651795,0.));
#1257 = DEFINITIONAL_REPRESENTATION('',(#1258),#1262);
#1258 = LINE('',#1259,#1260);
#1259 = CARTESIAN_POINT('',(-0.681395907727,0.));
#1260 = VECTOR('',#1261,1.);
#1261 = DIRECTION('',(0.,1.));
#1262 = ( GEOMETRIC_REPRESENTATION_CONTEXT(2) 
PARAMETRIC_REPRESENTATION_CONTEXT() REPRESENTATION_CONTEXT('2D SPACE',''
  ) );
#1263 = ORIENTED_EDGE('',*,*,#1264,.T.);
#1264 = EDGE_CURVE('',#1242,#1265,#1267,.T.);
#1265 = VERTEX_POINT('',#1266);
#1266 = CARTESIAN_POINT('',(4.709289281442,4.339146750031,0.238623169017
    ));
#1267 = SURFACE_CURVE('',#1268,(#1299),.PCURVE_S1.);
#1268 = B_SPLINE_CURVE_WITH_KNOTS('',8,(#1269,#1270,#1271,#1272,#1273,
    #1274,#1275,#1276,#1277,#1278,#1279,#1280,#1281,#1282,#1283,#1284,
    #1285,#1286,#1287,#1288,#1289,#1290,#1291,#1292,#1293,#1294,#1295,
    #1296,#1297,#1298),.UNSPECIFIED.,.F.,.F.,(9,7,7,7,9),(0.,
    0.101559377612,0.45794507487,0.81243628442,1.),.UNSPECIFIED.);
#1269 = CARTESIAN_POINT('',(3.463140255262,3.7875,0.330906736227));
#1270 = CARTESIAN_POINT('',(3.47899399225,3.794518151362,0.330313032653)
  );
#1271 = CARTESIAN_POINT('',(3.494847025012,3.801535990976,0.329696369023
    ));
#1272 = CARTESIAN_POINT('',(3.510699341303,3.808553513422,0.329057498534
    ));
#1273 = CARTESIAN_POINT('',(3.52655095787,3.815570726114,0.328397664209)
  );
#1274 = CARTESIAN_POINT('',(3.542401904804,3.822587642371,0.327718282259
    ));
#1275 = CARTESIAN_POINT('',(3.558252209893,3.829604274496,0.327020625444
    ));
#1276 = CARTESIAN_POINT('',(3.574101882982,3.836620626846,0.326305506433
    ));
#1277 = CARTESIAN_POINT('',(3.645567262177,3.868257006881,0.323002359999
    ));
#1278 = CARTESIAN_POINT('',(3.701175538862,3.892873745701,0.320214247069
    ));
#1279 = CARTESIAN_POINT('',(3.756774554352,3.917486384764,0.317218857093
    ));
#1280 = CARTESIAN_POINT('',(3.812363951047,3.942094765767,0.313984306744
    ));
#1281 = CARTESIAN_POINT('',(3.867942368965,3.966698286672,0.310561969345
    ));
#1282 = CARTESIAN_POINT('',(3.923508488364,3.991296363254,0.306933330405
    ));
#1283 = CARTESIAN_POINT('',(3.979061639347,4.015888698962,0.30311123317)
  );
#1284 = CARTESIAN_POINT('',(4.089844532926,4.064930203564,0.295105600563
    ));
#1285 = CARTESIAN_POINT('',(4.145074505869,4.089379474428,0.290924233494
    ));
#1286 = CARTESIAN_POINT('',(4.200289727708,4.113822215256,0.286558144052
    ));
#1287 = CARTESIAN_POINT('',(4.255489267264,4.138258013832,0.282011428052
    ));
#1288 = CARTESIAN_POINT('',(4.310672157704,4.162686442157,0.277287781223
    ));
#1289 = CARTESIAN_POINT('',(4.365837396538,4.187107056448,0.272390499208
    ));
#1290 = CARTESIAN_POINT('',(4.420983945622,4.211519397138,0.267322477566
    ));
#1291 = CARTESIAN_POINT('',(4.505278689185,4.248835095625,0.259315667836
    ));
#1292 = CARTESIAN_POINT('',(4.534441101289,4.261744747298,0.256498031589
    ));
#1293 = CARTESIAN_POINT('',(4.563597804695,4.274651871837,0.253633693591
    ));
#1294 = CARTESIAN_POINT('',(4.592748626448,4.287556392679,0.250723016151
    ));
#1295 = CARTESIAN_POINT('',(4.621893383411,4.300458228753,0.247766333315
    ));
#1296 = CARTESIAN_POINT('',(4.651031882262,4.313357294478,0.244763950872
    ));
#1297 = CARTESIAN_POINT('',(4.680163919501,4.326253499769,0.241716146349
    ));
#1298 = CARTESIAN_POINT('',(4.709289281442,4.339146750031,0.238623169017
    ));
#1299 = PCURVE('',#1252,#1300);
#1300 = DEFINITIONAL_REPRESENTATION('',(#1301),#1332);
#1301 = B_SPLINE_CURVE_WITH_KNOTS('',8,(#1302,#1303,#1304,#1305,#1306,
    #1307,#1308,#1309,#1310,#1311,#1312,#1313,#1314,#1315,#1316,#1317,
    #1318,#1319,#1320,#1321,#1322,#1323,#1324,#1325,#1326,#1327,#1328,
    #1329,#1330,#1331),.UNSPECIFIED.,.F.,.F.,(9,7,7,7,9),(0.,
    0.101559377612,0.45794507487,0.81243628442,1.),.UNSPECIFIED.);
#1302 = CARTESIAN_POINT('',(-0.681395907727,-0.330906736227));
#1303 = CARTESIAN_POINT('',(-0.664058219732,-0.330313032653));
#1304 = CARTESIAN_POINT('',(-0.64672130188,-0.329696369023));
#1305 = CARTESIAN_POINT('',(-0.629385167562,-0.329057498534));
#1306 = CARTESIAN_POINT('',(-0.612049798464,-0.328397664209));
#1307 = CARTESIAN_POINT('',(-0.59471516168,-0.327718282259));
#1308 = CARTESIAN_POINT('',(-0.577381226818,-0.327020625444));
#1309 = CARTESIAN_POINT('',(-0.560047983114,-0.326305506433));
#1310 = CARTESIAN_POINT('',(-0.481893258591,-0.323002359999));
#1311 = CARTESIAN_POINT('',(-0.421079902607,-0.320214247069));
#1312 = CARTESIAN_POINT('',(-0.36027667469,-0.317218857093));
#1313 = CARTESIAN_POINT('',(-0.299483965912,-0.313984306744));
#1314 = CARTESIAN_POINT('',(-0.238703263554,-0.310561969345));
#1315 = CARTESIAN_POINT('',(-0.177936010888,-0.306933330405));
#1316 = CARTESIAN_POINT('',(-0.117182940515,-0.30311123317));
#1317 = CARTESIAN_POINT('',(3.969519977474E-03,-0.295105600563));
#1318 = CARTESIAN_POINT('',(6.436916200515E-02,-0.290924233494));
#1319 = CARTESIAN_POINT('',(0.124752672187,-0.286558144052));
#1320 = CARTESIAN_POINT('',(0.185119032183,-0.282011428052));
#1321 = CARTESIAN_POINT('',(0.245467184663,-0.277287781223));
#1322 = CARTESIAN_POINT('',(0.305796033302,-0.272390499208));
#1323 = CARTESIAN_POINT('',(0.36610444278,-0.267322477566));
#1324 = CARTESIAN_POINT('',(0.458289393536,-0.259315667836));
#1325 = CARTESIAN_POINT('',(0.490181483245,-0.256498031589));
#1326 = CARTESIAN_POINT('',(0.522067329908,-0.253633693591));
#1327 = CARTESIAN_POINT('',(0.553946744379,-0.250723016151));
#1328 = CARTESIAN_POINT('',(0.58581952638,-0.247766333315));
#1329 = CARTESIAN_POINT('',(0.617685464495,-0.244763950872));
#1330 = CARTESIAN_POINT('',(0.649544336173,-0.241716146349));
#1331 = CARTESIAN_POINT('',(0.681395907727,-0.238623169017));
#1332 = ( GEOMETRIC_REPRESENTATION_CONTEXT(2) 
PARAMETRIC_REPRESENTATION_CONTEXT() REPRESENTATION_CONTEXT('2D SPACE',''
  ) );
#1333 = ORIENTED_EDGE('',*,*,#1334,.T.);
#1334 = EDGE_CURVE('',#1265,#1335,#1337,.T.);
#1335 = VERTEX_POINT('',#1336);
#1336 = CARTESIAN_POINT('',(4.709289281442,4.339146750031,
    -0.101169875378));
#1337 = SURFACE_CURVE('',#1338,(#1342),.PCURVE_S1.);
#1338 = LINE('',#1339,#1340);
#1339 = CARTESIAN_POINT('',(4.709289281442,4.339146750031,0.));
#1340 = VECTOR('',#1341,1.);
#1341 = DIRECTION('',(0.,0.,-1.));
#1342 = PCURVE('',#1252,#1343);
#1343 = DEFINITIONAL_REPRESENTATION('',(#1344),#1348);
#1344 = LINE('',#1345,#1346);
#1345 = CARTESIAN_POINT('',(0.681395907727,0.));
#1346 = VECTOR('',#1347,1.);
#1347 = DIRECTION('',(0.,1.));
#1348 = ( GEOMETRIC_REPRESENTATION_CONTEXT(2) 
PARAMETRIC_REPRESENTATION_CONTEXT() REPRESENTATION_CONTEXT('2D SPACE',''
  ) );
#1349 = ORIENTED_EDGE('',*,*,#1350,.F.);
#1350 = EDGE_CURVE('',#1244,#1335,#1351,.T.);
#1351 = SURFACE_CURVE('',#1352,(#1379),.PCURVE_S1.);
#1352 = B_SPLINE_CURVE_WITH_KNOTS('',7,(#1353,#1354,#1355,#1356,#1357,
    #1358,#1359,#1360,#1361,#1362,#1363,#1364,#1365,#1366,#1367,#1368,
    #1369,#1370,#1371,#1372,#1373,#1374,#1375,#1376,#1377,#1378),
  .UNSPECIFIED.,.F.,.F.,(8,6,6,6,8),(0.,0.145255988991,0.372252752579,
    0.597239760039,1.),.UNSPECIFIED.);
#1353 = CARTESIAN_POINT('',(3.463140255262,3.7875,-0.161205550643));
#1354 = CARTESIAN_POINT('',(3.489015553295,3.798954508061,-0.16029670057
    ));
#1355 = CARTESIAN_POINT('',(3.514891260022,3.810409197044,
    -0.159373265136));
#1356 = CARTESIAN_POINT('',(3.540767186073,3.821863983117,
    -0.158430965772));
#1357 = CARTESIAN_POINT('',(3.566642993329,3.833318716601,
    -0.157470272776));
#1358 = CARTESIAN_POINT('',(3.592518162334,3.844773167545,
    -0.156474338855));
#1359 = CARTESIAN_POINT('',(3.618393016357,3.856227479051,
    -0.155459973571));
#1360 = CARTESIAN_POINT('',(3.68470200538,3.885581222082,-0.152802532089
    ));
#1361 = CARTESIAN_POINT('',(3.725135428496,3.903480338468,
    -0.151128560328));
#1362 = CARTESIAN_POINT('',(3.76556720463,3.921378725767,-0.149408754578
    ));
#1363 = CARTESIAN_POINT('',(3.80599714026,3.939276298309,-0.147646184666
    ));
#1364 = CARTESIAN_POINT('',(3.846425132271,3.957173010447,
    -0.145841707709));
#1365 = CARTESIAN_POINT('',(3.88685107515,3.975068815474,-0.143996336697
    ));
#1366 = CARTESIAN_POINT('',(3.967340562881,4.010699998732,
    -0.140247550541));
#1367 = CARTESIAN_POINT('',(4.007404139451,4.028435391004,
    -0.138344563072));
#1368 = CARTESIAN_POINT('',(4.047465325081,4.046169724852,
    -0.136407220242));
#1369 = CARTESIAN_POINT('',(4.087523942588,4.063902921841,
    -0.134437863354));
#1370 = CARTESIAN_POINT('',(4.127579810419,4.0816349016,-0.132438601447)
  );
#1371 = CARTESIAN_POINT('',(4.16763274265,4.099365581824,-0.130411311302
    ));
#1372 = CARTESIAN_POINT('',(4.279377665044,4.148832958499,
    -0.124681255465));
#1373 = CARTESIAN_POINT('',(4.351062707879,4.180566579498,
    -0.120920457053));
#1374 = CARTESIAN_POINT('',(4.422736564937,4.212295248765,-0.1170857352)
  );
#1375 = CARTESIAN_POINT('',(4.494397926186,4.244018386371,
    -0.113186122832));
#1376 = CARTESIAN_POINT('',(4.566045203585,4.275735289322,
    -0.109229359687));
#1377 = CARTESIAN_POINT('',(4.637676450555,4.307445095903,
    -0.105222059199));
#1378 = CARTESIAN_POINT('',(4.709289281442,4.339146750031,
    -0.101169875378));
#1379 = PCURVE('',#1252,#1380);
#1380 = DEFINITIONAL_REPRESENTATION('',(#1381),#1408);
#1381 = B_SPLINE_CURVE_WITH_KNOTS('',7,(#1382,#1383,#1384,#1385,#1386,
    #1387,#1388,#1389,#1390,#1391,#1392,#1393,#1394,#1395,#1396,#1397,
    #1398,#1399,#1400,#1401,#1402,#1403,#1404,#1405,#1406,#1407),
  .UNSPECIFIED.,.F.,.F.,(8,6,6,6,8),(0.,0.145255988991,0.372252752579,
    0.597239760039,1.),.UNSPECIFIED.);
#1382 = CARTESIAN_POINT('',(-0.681395907727,0.161205550643));
#1383 = CARTESIAN_POINT('',(-0.653098614513,0.16029670057));
#1384 = CARTESIAN_POINT('',(-0.624800874351,0.159373265136));
#1385 = CARTESIAN_POINT('',(-0.596502894335,0.158430965772));
#1386 = CARTESIAN_POINT('',(-0.568205044234,0.157470272776));
#1387 = CARTESIAN_POINT('',(-0.539907892125,0.156474338855));
#1388 = CARTESIAN_POINT('',(-0.511611084482,0.155459973571));
#1389 = CARTESIAN_POINT('',(-0.43909540166,0.152802532089));
#1390 = CARTESIAN_POINT('',(-0.394877304999,0.151128560328));
#1391 = CARTESIAN_POINT('',(-0.350661009482,0.149408754578));
#1392 = CARTESIAN_POINT('',(-0.306446726745,0.147646184666));
#1393 = CARTESIAN_POINT('',(-0.262234569555,0.145841707709));
#1394 = CARTESIAN_POINT('',(-0.218024653301,0.143996336697));
#1395 = CARTESIAN_POINT('',(-0.130001140217,0.140247550541));
#1396 = CARTESIAN_POINT('',(-8.618750870141E-02,0.138344563072));
#1397 = CARTESIAN_POINT('',(-4.237649192331E-02,0.136407220242));
#1398 = CARTESIAN_POINT('',(1.431716348936E-03,0.134437863354));
#1399 = CARTESIAN_POINT('',(4.523691756804E-02,0.132438601447));
#1400 = CARTESIAN_POINT('',(8.903890840764E-02,0.130411311302));
#1401 = CARTESIAN_POINT('',(0.211243446114,0.124681255465));
#1402 = CARTESIAN_POINT('',(0.289638395364,0.120920457053));
#1403 = CARTESIAN_POINT('',(0.36802111182,0.1170857352));
#1404 = CARTESIAN_POINT('',(0.446390162826,0.113186122832));
#1405 = CARTESIAN_POINT('',(0.524743811698,0.109229359687));
#1406 = CARTESIAN_POINT('',(0.60307992965,0.105222059199));
#1407 = CARTESIAN_POINT('',(0.681395907727,0.101169875378));
#1408 = ( GEOMETRIC_REPRESENTATION_CONTEXT(2) 
PARAMETRIC_REPRESENTATION_CONTEXT() REPRESENTATION_CONTEXT('2D SPACE',''
  ) );
#1409 = ( GEOMETRIC_REPRESENTATION_CONTEXT(3) 
GLOBAL_UNCERTAINTY_ASSIGNED_CONTEXT((#1413)) 
GLOBAL_UNIT_ASSIGNED_CONTEXT((#1410,#1411,#1412)) REPRESENTATION_CONTEXT
('Context #1','3D Context with UNIT and UNCERTAINTY') );
#1410 = ( LENGTH_UNIT() NAMED_UNIT(*) SI_UNIT(.MILLI.,.METRE.) );
#1411 = ( NAMED_UNIT(*) PLANE_ANGLE_UNIT() SI_UNIT($,.RADIAN.) );
#1412 = ( NAMED_UNIT(*) SI_UNIT($,.STERADIAN.) SOLID_ANGLE_UNIT() );
#1413 = UNCERTAINTY_MEASURE_WITH_UNIT(LENGTH_MEASURE(5.E-06),#1410,
  'distance_accuracy_value','confusion accuracy');
#1414 = CONTEXT_DEPENDENT_SHAPE_REPRESENTATION(#1415,#1417);
#1415 = ( REPRESENTATION_RELATIONSHIP('','',#1234,#10) 
REPRESENTATION_RELATIONSHIP_WITH_TRANSFORMATION(#1416) 
SHAPE_REPRESENTATION_RELATIONSHIP() );
#1416 = ITEM_DEFINED_TRANSFORMATION('','',#11,#43);
#1417 = PRODUCT_DEFINITION_SHAPE('Placement','Placement of an item',
  #1418);
#1418 = NEXT_ASSEMBLY_USAGE_OCCURRENCE('8','','',#5,#1229,$);
#1419 = PRODUCT_RELATED_PRODUCT_CATEGORY('part',$,(#1231));
#1420 = SHAPE_DEFINITION_REPRESENTATION(#1421,#1427);
#1421 = PRODUCT_DEFINITION_SHAPE('','',#1422);
#1422 = PRODUCT_DEFINITION('design','',#1423,#1426);
#1423 = PRODUCT_DEFINITION_FORMATION('','',#1424);
#1424 = PRODUCT('Open CASCADE STEP translator 7.8 1.9',
  'Open CASCADE STEP translator 7.8 1.9','',(#1425));
#1425 = PRODUCT_CONTEXT('',#2,'mechanical');
#1426 = PRODUCT_DEFINITION_CONTEXT('part definition',#2,'design');
#1427 = MANIFOLD_SURFACE_SHAPE_REPRESENTATION('',(#11,#1428),#1588);
#1428 = SHELL_BASED_SURFACE_MODEL('',(#1429));
#1429 = OPEN_SHELL('',(#1430));
#1430 = ADVANCED_FACE('',(#1431),#1445,.T.);
#1431 = FACE_BOUND('',#1432,.T.);
#1432 = EDGE_LOOP('',(#1433,#1456,#1518,#1534));
#1433 = ORIENTED_EDGE('',*,*,#1434,.F.);
#1434 = EDGE_CURVE('',#1435,#1437,#1439,.T.);
#1435 = VERTEX_POINT('',#1436);
#1436 = CARTESIAN_POINT('',(3.463140255262,3.7875,0.330906736227));
#1437 = VERTEX_POINT('',#1438);
#1438 = CARTESIAN_POINT('',(3.463140255262,3.7875,-0.161205550643));
#1439 = SURFACE_CURVE('',#1440,(#1444),.PCURVE_S1.);
#1440 = LINE('',#1441,#1442);
#1441 = CARTESIAN_POINT('',(3.463140255262,3.7875,0.));
#1442 = VECTOR('',#1443,1.);
#1443 = DIRECTION('',(-0.,0.,-1.));
#1444 = PCURVE('',#1445,#1450);
#1445 = PLANE('',#1446);
#1446 = AXIS2_PLACEMENT_3D('',#1447,#1448,#1449);
#1447 = CARTESIAN_POINT('',(3.009318460381,3.9628148348,0.));
#1448 = DIRECTION('',(-0.360353843812,-0.932815687716,0.));
#1449 = DIRECTION('',(-0.932815687716,0.360353843812,0.));
#1450 = DEFINITIONAL_REPRESENTATION('',(#1451),#1455);
#1451 = LINE('',#1452,#1453);
#1452 = CARTESIAN_POINT('',(-0.48650746429,0.));
#1453 = VECTOR('',#1454,1.);
#1454 = DIRECTION('',(0.,1.));
#1455 = ( GEOMETRIC_REPRESENTATION_CONTEXT(2) 
PARAMETRIC_REPRESENTATION_CONTEXT() REPRESENTATION_CONTEXT('2D SPACE',''
  ) );
#1456 = ORIENTED_EDGE('',*,*,#1457,.F.);
#1457 = EDGE_CURVE('',#1458,#1435,#1460,.T.);
#1458 = VERTEX_POINT('',#1459);
#1459 = CARTESIAN_POINT('',(2.555496665501,4.1381296696,0.275681898249)
  );
#1460 = SURFACE_CURVE('',#1461,(#1488),.PCURVE_S1.);
#1461 = B_SPLINE_CURVE_WITH_KNOTS('',7,(#1462,#1463,#1464,#1465,#1466,
    #1467,#1468,#1469,#1470,#1471,#1472,#1473,#1474,#1475,#1476,#1477,
    #1478,#1479,#1480,#1481,#1482,#1483,#1484,#1485,#1486,#1487),
  .UNSPECIFIED.,.F.,.F.,(8,6,6,6,8),(0.,0.459945976754,0.722131294581,
    0.856270823703,1.),.UNSPECIFIED.);
#1462 = CARTESIAN_POINT('',(2.555496665501,4.1381296696,0.275681898249)
  );
#1463 = CARTESIAN_POINT('',(2.613936561457,4.11555389025,0.286870618914)
  );
#1464 = CARTESIAN_POINT('',(2.672782001613,4.092821446071,0.296478528618
    ));
#1465 = CARTESIAN_POINT('',(2.731925032825,4.069974040187,0.30470053611)
  );
#1466 = CARTESIAN_POINT('',(2.791289958002,4.047040914965,0.311665342909
    ));
#1467 = CARTESIAN_POINT('',(2.850822396229,4.024043078169,0.317472403683
    ));
#1468 = CARTESIAN_POINT('',(2.910484282779,4.000995234495,0.322208292265
    ));
#1469 = CARTESIAN_POINT('',(3.004326102625,3.964743420834,0.328071087329
    ));
#1470 = CARTESIAN_POINT('',(3.038430495301,3.951568632766,0.329873661763
    ));
#1471 = CARTESIAN_POINT('',(3.072562224143,3.938383284529,0.331364553229
    ));
#1472 = CARTESIAN_POINT('',(3.106716900554,3.925189071469,0.33255367284)
  );
#1473 = CARTESIAN_POINT('',(3.140890183998,3.91198767037,0.333451758962)
  );
#1474 = CARTESIAN_POINT('',(3.175077809464,3.898780728839,0.334070327447
    ));
#1475 = CARTESIAN_POINT('',(3.22677397856,3.87881010282,0.334593305835)
  );
#1476 = CARTESIAN_POINT('',(3.244274019525,3.872049702977,0.334699069197
    ));
#1477 = CARTESIAN_POINT('',(3.261776623961,3.865288312845,0.334734832722
    ));
#1478 = CARTESIAN_POINT('',(3.279281481955,3.858526052147,0.334701734517
    ));
#1479 = CARTESIAN_POINT('',(3.296788320309,3.851763026421,0.334600852761
    ));
#1480 = CARTESIAN_POINT('',(3.314296781588,3.844999373747,0.334433250976
    ));
#1481 = CARTESIAN_POINT('',(3.350567582068,3.830987685754,0.333950122135
    ));
#1482 = CARTESIAN_POINT('',(3.369330194295,3.823739544964,0.333625428548
    ));
#1483 = CARTESIAN_POINT('',(3.388093044717,3.816491312157,0.333223395071
    ));
#1484 = CARTESIAN_POINT('',(3.406856632754,3.809242794404,0.332755845382
    ));
#1485 = CARTESIAN_POINT('',(3.425618580644,3.801994910252,0.332205818646
    ));
#1486 = CARTESIAN_POINT('',(3.444379917947,3.794747261975,0.331588035677
    ));
#1487 = CARTESIAN_POINT('',(3.463140255262,3.7875,0.330906736227));
#1488 = PCURVE('',#1445,#1489);
#1489 = DEFINITIONAL_REPRESENTATION('',(#1490),#1517);
#1490 = B_SPLINE_CURVE_WITH_KNOTS('',7,(#1491,#1492,#1493,#1494,#1495,
    #1496,#1497,#1498,#1499,#1500,#1501,#1502,#1503,#1504,#1505,#1506,
    #1507,#1508,#1509,#1510,#1511,#1512,#1513,#1514,#1515,#1516),
  .UNSPECIFIED.,.F.,.F.,(8,6,6,6,8),(0.,0.459945976754,0.722131294581,
    0.856270823703,1.),.UNSPECIFIED.);
#1491 = CARTESIAN_POINT('',(0.48650746429,-0.275681898249));
#1492 = CARTESIAN_POINT('',(0.423858543687,-0.286870618914));
#1493 = CARTESIAN_POINT('',(0.36077487032,-0.296478528618));
#1494 = CARTESIAN_POINT('',(0.297372172455,-0.30470053611));
#1495 = CARTESIAN_POINT('',(0.233731599125,-0.311665342909));
#1496 = CARTESIAN_POINT('',(0.169911447931,-0.317472403683));
#1497 = CARTESIAN_POINT('',(0.105952525139,-0.322208292265));
#1498 = CARTESIAN_POINT('',(5.351923024339E-03,-0.328071087329));
#1499 = CARTESIAN_POINT('',(-3.120877500596E-02,-0.329873661763));
#1500 = CARTESIAN_POINT('',(-6.779877803739E-02,-0.331364553229));
#1501 = CARTESIAN_POINT('',(-0.104413381394,-0.33255367284));
#1502 = CARTESIAN_POINT('',(-0.141047931922,-0.333451758962));
#1503 = CARTESIAN_POINT('',(-0.177697857428,-0.334070327447));
#1504 = CARTESIAN_POINT('',(-0.233117346805,-0.334593305835));
#1505 = CARTESIAN_POINT('',(-0.251877795622,-0.334699069197));
#1506 = CARTESIAN_POINT('',(-0.270640992539,-0.334734832722));
#1507 = CARTESIAN_POINT('',(-0.289406605323,-0.334701734517));
#1508 = CARTESIAN_POINT('',(-0.308174341097,-0.334600852761));
#1509 = CARTESIAN_POINT('',(-0.326943816686,-0.334433250976));
#1510 = CARTESIAN_POINT('',(-0.365826954006,-0.333950122135));
#1511 = CARTESIAN_POINT('',(-0.385940908428,-0.333625428548));
#1512 = CARTESIAN_POINT('',(-0.406055118202,-0.333223395071));
#1513 = CARTESIAN_POINT('',(-0.426170118714,-0.332755845382));
#1514 = CARTESIAN_POINT('',(-0.446283360952,-0.332205818646));
#1515 = CARTESIAN_POINT('',(-0.466395948625,-0.331588035677));
#1516 = CARTESIAN_POINT('',(-0.48650746429,-0.330906736227));
#1517 = ( GEOMETRIC_REPRESENTATION_CONTEXT(2) 
PARAMETRIC_REPRESENTATION_CONTEXT() REPRESENTATION_CONTEXT('2D SPACE',''
  ) );
#1518 = ORIENTED_EDGE('',*,*,#1519,.T.);
#1519 = EDGE_CURVE('',#1458,#1520,#1522,.T.);
#1520 = VERTEX_POINT('',#1521);
#1521 = CARTESIAN_POINT('',(2.555496665501,4.1381296696,-0.17115441309)
  );
#1522 = SURFACE_CURVE('',#1523,(#1527),.PCURVE_S1.);
#1523 = LINE('',#1524,#1525);
#1524 = CARTESIAN_POINT('',(2.555496665501,4.1381296696,0.));
#1525 = VECTOR('',#1526,1.);
#1526 = DIRECTION('',(-0.,0.,-1.));
#1527 = PCURVE('',#1445,#1528);
#1528 = DEFINITIONAL_REPRESENTATION('',(#1529),#1533);
#1529 = LINE('',#1530,#1531);
#1530 = CARTESIAN_POINT('',(0.48650746429,0.));
#1531 = VECTOR('',#1532,1.);
#1532 = DIRECTION('',(0.,1.));
#1533 = ( GEOMETRIC_REPRESENTATION_CONTEXT(2) 
PARAMETRIC_REPRESENTATION_CONTEXT() REPRESENTATION_CONTEXT('2D SPACE',''
  ) );
#1534 = ORIENTED_EDGE('',*,*,#1535,.T.);
#1535 = EDGE_CURVE('',#1520,#1437,#1536,.T.);
#1536 = SURFACE_CURVE('',#1537,(#1561),.PCURVE_S1.);
#1537 = B_SPLINE_CURVE_WITH_KNOTS('',8,(#1538,#1539,#1540,#1541,#1542,
    #1543,#1544,#1545,#1546,#1547,#1548,#1549,#1550,#1551,#1552,#1553,
    #1554,#1555,#1556,#1557,#1558,#1559,#1560),.UNSPECIFIED.,.F.,.F.,(9,
    7,7,9),(0.,0.513452058335,0.818818177251,1.),.UNSPECIFIED.);
#1538 = CARTESIAN_POINT('',(2.555496665501,4.1381296696,-0.17115441309)
  );
#1539 = CARTESIAN_POINT('',(2.613170879548,4.115849679035,
    -0.174229058122));
#1540 = CARTESIAN_POINT('',(2.671044745697,4.093492561335,
    -0.176276858158));
#1541 = CARTESIAN_POINT('',(2.72905893871,4.071081234293,-0.177515751504
    ));
#1542 = CARTESIAN_POINT('',(2.787173794158,4.04863102058,-0.178090323207
    ));
#1543 = CARTESIAN_POINT('',(2.845361518016,4.026152657244,
    -0.178111164153));
#1544 = CARTESIAN_POINT('',(2.903604018871,4.003653133133,
    -0.177669247913));
#1545 = CARTESIAN_POINT('',(2.961892781137,3.981135737885,-0.1768388307)
  );
#1546 = CARTESIAN_POINT('',(3.054920513305,3.945198412528,
    -0.174994601984));
#1547 = CARTESIAN_POINT('',(3.089627400549,3.931790876195,
    -0.174191615483));
#1548 = CARTESIAN_POINT('',(3.124346415533,3.918378654823,-0.1732868272)
  );
#1549 = CARTESIAN_POINT('',(3.159075224124,3.904962650106,
    -0.172291213713));
#1550 = CARTESIAN_POINT('',(3.193813693836,3.891542913223,
    -0.171216368061));
#1551 = CARTESIAN_POINT('',(3.228561515289,3.878119563692,
    -0.170072642083));
#1552 = CARTESIAN_POINT('',(3.263316185417,3.864693568465,
    -0.168867463971));
#1553 = CARTESIAN_POINT('',(3.318701808212,3.843297678227,-0.1668621777)
  );
#1554 = CARTESIAN_POINT('',(3.339328661482,3.835329366846,
    -0.166097248703));
#1555 = CARTESIAN_POINT('',(3.359957013073,3.827360476651,
    -0.165311195918));
#1556 = CARTESIAN_POINT('',(3.38058923545,3.819390091142,-0.164521160826
    ));
#1557 = CARTESIAN_POINT('',(3.40122190504,3.811419532871,-0.163700150774
    ));
#1558 = CARTESIAN_POINT('',(3.421859177403,3.803447196514,
    -0.162884534687));
#1559 = CARTESIAN_POINT('',(3.442498674578,3.795474000695,
    -0.162053784381));
#1560 = CARTESIAN_POINT('',(3.463140255262,3.7875,-0.161205550643));
#1561 = PCURVE('',#1445,#1562);
#1562 = DEFINITIONAL_REPRESENTATION('',(#1563),#1587);
#1563 = B_SPLINE_CURVE_WITH_KNOTS('',8,(#1564,#1565,#1566,#1567,#1568,
    #1569,#1570,#1571,#1572,#1573,#1574,#1575,#1576,#1577,#1578,#1579,
    #1580,#1581,#1582,#1583,#1584,#1585,#1586),.UNSPECIFIED.,.F.,.F.,(9,
    7,7,9),(0.,0.513452058335,0.818818177251,1.),.UNSPECIFIED.);
#1564 = CARTESIAN_POINT('',(0.48650746429,0.17115441309));
#1565 = CARTESIAN_POINT('',(0.424679372409,0.174229058122));
#1566 = CARTESIAN_POINT('',(0.362637248857,0.176276858158));
#1567 = CARTESIAN_POINT('',(0.30044469166,0.177515751504));
#1568 = CARTESIAN_POINT('',(0.238144222003,0.178090323207));
#1569 = CARTESIAN_POINT('',(0.175765635725,0.178111164153));
#1570 = CARTESIAN_POINT('',(0.113328327238,0.177669247913));
#1571 = CARTESIAN_POINT('',(5.08414254482E-02,0.1768388307));
#1572 = CARTESIAN_POINT('',(-4.888645583956E-02,0.174994601984));
#1573 = CARTESIAN_POINT('',(-8.609304198563E-02,0.174191615483));
#1574 = CARTESIAN_POINT('',(-0.123312629351,0.1732868272));
#1575 = CARTESIAN_POINT('',(-0.160542715688,0.172291213713));
#1576 = CARTESIAN_POINT('',(-0.197783158972,0.171216368061));
#1577 = CARTESIAN_POINT('',(-0.235033627537,0.170072642083));
#1578 = CARTESIAN_POINT('',(-0.272291438041,0.168867463971));
#1579 = CARTESIAN_POINT('',(-0.331666107148,0.1668621777));
#1580 = CARTESIAN_POINT('',(-0.3537785711,0.166097248703));
#1581 = CARTESIAN_POINT('',(-0.375892641289,0.165311195918));
#1582 = CARTESIAN_POINT('',(-0.39801086105,0.164521160826));
#1583 = CARTESIAN_POINT('',(-0.420129560232,0.163700150774));
#1584 = CARTESIAN_POINT('',(-0.442253193695,0.162884534687));
#1585 = CARTESIAN_POINT('',(-0.464379212208,0.162053784381));
#1586 = CARTESIAN_POINT('',(-0.48650746429,0.161205550643));
#1587 = ( GEOMETRIC_REPRESENTATION_CONTEXT(2) 
PARAMETRIC_REPRESENTATION_CONTEXT() REPRESENTATION_CONTEXT('2D SPACE',''
  ) );
#1588 = ( GEOMETRIC_REPRESENTATION_CONTEXT(3) 
GLOBAL_UNCERTAINTY_ASSIGNED_CONTEXT((#1592)) 
GLOBAL_UNIT_ASSIGNED_CONTEXT((#1589,#1590,#1591)) REPRESENTATION_CONTEXT
('Context #1','3D Context with UNIT and UNCERTAINTY') );
#1589 = ( LENGTH_UNIT() NAMED_UNIT(*) SI_UNIT(.MILLI.,.METRE.) );
#1590 = ( NAMED_UNIT(*) PLANE_ANGLE_UNIT() SI_UNIT($,.RADIAN.) );
#1591 = ( NAMED_UNIT(*) SI_UNIT($,.STERADIAN.) SOLID_ANGLE_UNIT() );
#1592 = UNCERTAINTY_MEASURE_WITH_UNIT(LENGTH_MEASURE(5.E-06),#1589,
  'distance_accuracy_value','confusion accuracy');
#1593 = CONTEXT_DEPENDENT_SHAPE_REPRESENTATION(#1594,#1596);
#1594 = ( REPRESENTATION_RELATIONSHIP('','',#1427,#10) 
REPRESENTATION_RELATIONSHIP_WITH_TRANSFORMATION(#1595) 
SHAPE_REPRESENTATION_RELATIONSHIP() );
#1595 = ITEM_DEFINED_TRANSFORMATION('','',#11,#47);
#1596 = PRODUCT_DEFINITION_SHAPE('Placement','Placement of an item',
  #1597);
#1597 = NEXT_ASSEMBLY_USAGE_OCCURRENCE('9','','',#5,#1422,$);
#1598 = PRODUCT_RELATED_PRODUCT_CATEGORY('part',$,(#1424));
#1599 = SHAPE_DEFINITION_REPRESENTATION(#1600,#1606);
#1600 = PRODUCT_DEFINITION_SHAPE('','',#1601);
#1601 = PRODUCT_DEFINITION('design','',#1602,#1605);
#1602 = PRODUCT_DEFINITION_FORMATION('','',#1603);
#1603 = PRODUCT('Open CASCADE STEP translator 7.8 1.10',
  'Open CASCADE STEP translator 7.8 1.10','',(#1604));
#1604 = PRODUCT_CONTEXT('',#2,'mechanical');
#1605 = PRODUCT_DEFINITION_CONTEXT('part definition',#2,'design');
#1606 = MANIFOLD_SURFACE_SHAPE_REPRESENTATION('',(#11,#1607),#1761);
#1607 = SHELL_BASED_SURFACE_MODEL('',(#1608));
#1608 = OPEN_SHELL('',(#1609));
#1609 = ADVANCED_FACE('',(#1610),#1624,.T.);
#1610 = FACE_BOUND('',#1611,.T.);
#1611 = EDGE_LOOP('',(#1612,#1635,#1685,#1701));
#1612 = ORIENTED_EDGE('',*,*,#1613,.F.);
#1613 = EDGE_CURVE('',#1614,#1616,#1618,.T.);
#1614 = VERTEX_POINT('',#1615);
#1615 = CARTESIAN_POINT('',(3.463140255262,3.7875,0.330906736227));
#1616 = VERTEX_POINT('',#1617);
#1617 = CARTESIAN_POINT('',(3.463140255262,3.7875,-0.161205550643));
#1618 = SURFACE_CURVE('',#1619,(#1623),.PCURVE_S1.);
#1619 = LINE('',#1620,#1621);
#1620 = CARTESIAN_POINT('',(3.463140255262,3.7875,0.));
#1621 = VECTOR('',#1622,1.);
#1622 = DIRECTION('',(0.,0.,-1.));
#1623 = PCURVE('',#1624,#1629);
#1624 = PLANE('',#1625);
#1625 = AXIS2_PLACEMENT_3D('',#1626,#1627,#1628);
#1626 = CARTESIAN_POINT('',(3.932477760219,3.606191327576,0.));
#1627 = DIRECTION('',(0.360353843812,0.932815687716,0.));
#1628 = DIRECTION('',(0.932815687716,-0.360353843812,0.));
#1629 = DEFINITIONAL_REPRESENTATION('',(#1630),#1634);
#1630 = LINE('',#1631,#1632);
#1631 = CARTESIAN_POINT('',(-0.503140664482,0.));
#1632 = VECTOR('',#1633,1.);
#1633 = DIRECTION('',(0.,1.));
#1634 = ( GEOMETRIC_REPRESENTATION_CONTEXT(2) 
PARAMETRIC_REPRESENTATION_CONTEXT() REPRESENTATION_CONTEXT('2D SPACE',''
  ) );
#1635 = ORIENTED_EDGE('',*,*,#1636,.T.);
#1636 = EDGE_CURVE('',#1614,#1637,#1639,.T.);
#1637 = VERTEX_POINT('',#1638);
#1638 = CARTESIAN_POINT('',(4.401815265175,3.424882655152,0.2491824959)
  );
#1639 = SURFACE_CURVE('',#1640,(#1661),.PCURVE_S1.);
#1640 = B_SPLINE_CURVE_WITH_KNOTS('',7,(#1641,#1642,#1643,#1644,#1645,
    #1646,#1647,#1648,#1649,#1650,#1651,#1652,#1653,#1654,#1655,#1656,
    #1657,#1658,#1659,#1660),.UNSPECIFIED.,.F.,.F.,(8,6,6,8),(0.,
    0.122339974962,0.340244668112,1.),.UNSPECIFIED.);
#1641 = CARTESIAN_POINT('',(3.463140255262,3.7875,0.330906736227));
#1642 = CARTESIAN_POINT('',(3.479585557546,3.781147053787,0.330309509471
    ));
#1643 = CARTESIAN_POINT('',(3.496030067768,3.774794413554,0.329663119696
    ));
#1644 = CARTESIAN_POINT('',(3.512473984888,3.76844200244,0.328973802374)
  );
#1645 = CARTESIAN_POINT('',(3.52891684939,3.762089997961,0.328237685847)
  );
#1646 = CARTESIAN_POINT('',(3.545359481464,3.75573808327,0.327471581765)
  );
#1647 = CARTESIAN_POINT('',(3.561801230654,3.749386509645,0.326666941928
    ));
#1648 = CARTESIAN_POINT('',(3.607525882669,3.731722726405,0.324328283814
    ));
#1649 = CARTESIAN_POINT('',(3.636807011022,3.720411202283,0.322715104081
    ));
#1650 = CARTESIAN_POINT('',(3.666084957711,3.709100907262,0.320986515925
    ));
#1651 = CARTESIAN_POINT('',(3.695359346224,3.697791986792,0.319142715307
    ));
#1652 = CARTESIAN_POINT('',(3.724629566617,3.686484676498,0.317187755052
    ));
#1653 = CARTESIAN_POINT('',(3.753894819914,3.675179285031,0.315127771462
    ));
#1654 = CARTESIAN_POINT('',(3.87174552145,3.629652656509,0.306411748189)
  );
#1655 = CARTESIAN_POINT('',(3.960286158737,3.595448730267,0.298910981694
    ));
#1656 = CARTESIAN_POINT('',(4.048764335617,3.561268932959,0.290522677833
    ));
#1657 = CARTESIAN_POINT('',(4.137167945121,3.527117941599,0.281318889559
    ));
#1658 = CARTESIAN_POINT('',(4.225485419491,3.493000224901,0.271334410727
    ));
#1659 = CARTESIAN_POINT('',(4.313705404533,3.458920169077,0.260613134962
    ));
#1660 = CARTESIAN_POINT('',(4.401815265175,3.424882655152,0.2491824959)
  );
#1661 = PCURVE('',#1624,#1662);
#1662 = DEFINITIONAL_REPRESENTATION('',(#1663),#1684);
#1663 = B_SPLINE_CURVE_WITH_KNOTS('',7,(#1664,#1665,#1666,#1667,#1668,
    #1669,#1670,#1671,#1672,#1673,#1674,#1675,#1676,#1677,#1678,#1679,
    #1680,#1681,#1682,#1683),.UNSPECIFIED.,.F.,.F.,(8,6,6,8),(0.,
    0.122339974962,0.340244668112,1.),.UNSPECIFIED.);
#1664 = CARTESIAN_POINT('',(-0.503140664482,-0.330906736227));
#1665 = CARTESIAN_POINT('',(-0.485510919934,-0.330309509471));
#1666 = CARTESIAN_POINT('',(-0.467882024497,-0.329663119696));
#1667 = CARTESIAN_POINT('',(-0.450253764877,-0.328973802374));
#1668 = CARTESIAN_POINT('',(-0.432626633688,-0.328237685847));
#1669 = CARTESIAN_POINT('',(-0.414999751668,-0.327471581765));
#1670 = CARTESIAN_POINT('',(-0.397373816121,-0.326666941928));
#1671 = CARTESIAN_POINT('',(-0.348355931219,-0.324328283814));
#1672 = CARTESIAN_POINT('',(-0.31696588414,-0.322715104081));
#1673 = CARTESIAN_POINT('',(-0.285579247879,-0.320986515925));
#1674 = CARTESIAN_POINT('',(-0.254196426065,-0.319142715307));
#1675 = CARTESIAN_POINT('',(-0.222818072572,-0.317187755052));
#1676 = CARTESIAN_POINT('',(-0.19144504392,-0.315127771462));
#1677 = CARTESIAN_POINT('',(-6.510636513556E-02,-0.306411748189));
#1678 = CARTESIAN_POINT('',(2.981124662066E-02,-0.298910981694));
#1679 = CARTESIAN_POINT('',(0.124661899376,-0.290522677833));
#1680 = CARTESIAN_POINT('',(0.219432614178,-0.281318889559));
#1681 = CARTESIAN_POINT('',(0.314110990125,-0.271334410727));
#1682 = CARTESIAN_POINT('',(0.408684855255,-0.260613134962));
#1683 = CARTESIAN_POINT('',(0.503140664482,-0.2491824959));
#1684 = ( GEOMETRIC_REPRESENTATION_CONTEXT(2) 
PARAMETRIC_REPRESENTATION_CONTEXT() REPRESENTATION_CONTEXT('2D SPACE',''
  ) );
#1685 = ORIENTED_EDGE('',*,*,#1686,.T.);
#1686 = EDGE_CURVE('',#1637,#1687,#1689,.T.);
#1687 = VERTEX_POINT('',#1688);
#1688 = CARTESIAN_POINT('',(4.401815265175,3.424882655152,
    -0.105646749653));
#1689 = SURFACE_CURVE('',#1690,(#1694),.PCURVE_S1.);
#1690 = LINE('',#1691,#1692);
#1691 = CARTESIAN_POINT('',(4.401815265175,3.424882655152,0.));
#1692 = VECTOR('',#1693,1.);
#1693 = DIRECTION('',(0.,0.,-1.));
#1694 = PCURVE('',#1624,#1695);
#1695 = DEFINITIONAL_REPRESENTATION('',(#1696),#1700);
#1696 = LINE('',#1697,#1698);
#1697 = CARTESIAN_POINT('',(0.503140664482,0.));
#1698 = VECTOR('',#1699,1.);
#1699 = DIRECTION('',(0.,1.));
#1700 = ( GEOMETRIC_REPRESENTATION_CONTEXT(2) 
PARAMETRIC_REPRESENTATION_CONTEXT() REPRESENTATION_CONTEXT('2D SPACE',''
  ) );
#1701 = ORIENTED_EDGE('',*,*,#1702,.F.);
#1702 = EDGE_CURVE('',#1616,#1687,#1703,.T.);
#1703 = SURFACE_CURVE('',#1704,(#1731),.PCURVE_S1.);
#1704 = B_SPLINE_CURVE_WITH_KNOTS('',7,(#1705,#1706,#1707,#1708,#1709,
    #1710,#1711,#1712,#1713,#1714,#1715,#1716,#1717,#1718,#1719,#1720,
    #1721,#1722,#1723,#1724,#1725,#1726,#1727,#1728,#1729,#1730),
  .UNSPECIFIED.,.F.,.F.,(8,6,6,6,8),(0.,0.140073240884,0.368557125909,
    0.699205407002,1.),.UNSPECIFIED.);
#1705 = CARTESIAN_POINT('',(3.463140255262,3.7875,-0.161205550643));
#1706 = CARTESIAN_POINT('',(3.48192374894,3.780243792545,-0.160433672108
    ));
#1707 = CARTESIAN_POINT('',(3.500708992115,3.772986909246,-0.1596469479)
  );
#1708 = CARTESIAN_POINT('',(3.5194956003,3.765729498634,-0.158841196651)
  );
#1709 = CARTESIAN_POINT('',(3.538283275861,3.758471675686,
    -0.158016624364));
#1710 = CARTESIAN_POINT('',(3.557071171328,3.751213767786,
    -0.157156847244));
#1711 = CARTESIAN_POINT('',(3.575859768226,3.743955588918,-0.1562786431)
  );
#1712 = CARTESIAN_POINT('',(3.625296710685,3.724857719451,
    -0.153908691877));
#1713 = CARTESIAN_POINT('',(3.655945756962,3.713017758159,-0.15238144756
    ));
#1714 = CARTESIAN_POINT('',(3.686595177932,3.70117765212,-0.15080496677)
  );
#1715 = CARTESIAN_POINT('',(3.717244649726,3.689337526448,
    -0.149182839832));
#1716 = CARTESIAN_POINT('',(3.747894015586,3.677497441698,
    -0.147516175209));
#1717 = CARTESIAN_POINT('',(3.778543121231,3.665657457472,
    -0.145806303867));
#1718 = CARTESIAN_POINT('',(3.853544377431,3.636683897831,
    -0.141526695086));
#1719 = CARTESIAN_POINT('',(3.897895872473,3.619550575646,
    -0.138913607845));
#1720 = CARTESIAN_POINT('',(3.942245338979,3.602418037099,
    -0.136227742511));
#1721 = CARTESIAN_POINT('',(3.986592046131,3.585286564512,
    -0.133476624485));
#1722 = CARTESIAN_POINT('',(4.030935282177,3.56815643284,-0.130666484423
    ));
#1723 = CARTESIAN_POINT('',(4.075274307949,3.55102792763,-0.127802958697
    ));
#1724 = CARTESIAN_POINT('',(4.159939468851,3.518321127594,
    -0.122243465616));
#1725 = CARTESIAN_POINT('',(4.200266445724,3.502742507598,
    -0.119555693953));
#1726 = CARTESIAN_POINT('',(4.240588656965,3.487165728602,
    -0.116832334594));
#1727 = CARTESIAN_POINT('',(4.280905435686,3.47159104823,-0.114076862556
    ));
#1728 = CARTESIAN_POINT('',(4.321216032154,3.45601875611,-0.111292368131
    ));
#1729 = CARTESIAN_POINT('',(4.361519613791,3.440449173872,
    -0.108481556884));
#1730 = CARTESIAN_POINT('',(4.401815265175,3.424882655152,
    -0.105646749653));
#1731 = PCURVE('',#1624,#1732);
#1732 = DEFINITIONAL_REPRESENTATION('',(#1733),#1760);
#1733 = B_SPLINE_CURVE_WITH_KNOTS('',7,(#1734,#1735,#1736,#1737,#1738,
    #1739,#1740,#1741,#1742,#1743,#1744,#1745,#1746,#1747,#1748,#1749,
    #1750,#1751,#1752,#1753,#1754,#1755,#1756,#1757,#1758,#1759),
  .UNSPECIFIED.,.F.,.F.,(8,6,6,6,8),(0.,0.140073240884,0.368557125909,
    0.699205407002,1.),.UNSPECIFIED.);
#1734 = CARTESIAN_POINT('',(-0.503140664482,0.161205550643));
#1735 = CARTESIAN_POINT('',(-0.483004324661,0.160433672108));
#1736 = CARTESIAN_POINT('',(-0.462866109339,0.1596469479));
#1737 = CARTESIAN_POINT('',(-0.442726430695,0.158841196651));
#1738 = CARTESIAN_POINT('',(-0.422585607799,0.158016624364));
#1739 = CARTESIAN_POINT('',(-0.402444549158,0.157156847244));
#1740 = CARTESIAN_POINT('',(-0.382302738567,0.1562786431));
#1741 = CARTESIAN_POINT('',(-0.329305192418,0.153908691877));
#1742 = CARTESIAN_POINT('',(-0.296448705675,0.15238144756));
#1743 = CARTESIAN_POINT('',(-0.263591817252,0.15080496677));
#1744 = CARTESIAN_POINT('',(-0.230734874346,0.149182839832));
#1745 = CARTESIAN_POINT('',(-0.197878045002,0.147516175209));
#1746 = CARTESIAN_POINT('',(-0.165021494616,0.145806303867));
#1747 = CARTESIAN_POINT('',(-8.461841264748E-02,0.141526695086));
#1748 = CARTESIAN_POINT('',(-3.707258379239E-02,0.138913607845));
#1749 = CARTESIAN_POINT('',(1.04710704255E-02,0.136227742511));
#1750 = CARTESIAN_POINT('',(5.801176655281E-02,0.133476624485));
#1751 = CARTESIAN_POINT('',(0.105548741573,0.130666484423));
#1752 = CARTESIAN_POINT('',(0.153081203083,0.127802958697));
#1753 = CARTESIAN_POINT('',(0.243844214487,0.122243465616));
#1754 = CARTESIAN_POINT('',(0.28707566675,0.119555693953));
#1755 = CARTESIAN_POINT('',(0.330302010144,0.116832334594));
#1756 = CARTESIAN_POINT('',(0.373522529751,0.114076862556));
#1757 = CARTESIAN_POINT('',(0.41673642184,0.111292368131));
#1758 = CARTESIAN_POINT('',(0.459942793868,0.108481556884));
#1759 = CARTESIAN_POINT('',(0.503140664482,0.105646749653));
#1760 = ( GEOMETRIC_REPRESENTATION_CONTEXT(2) 
PARAMETRIC_REPRESENTATION_CONTEXT() REPRESENTATION_CONTEXT('2D SPACE',''
  ) );
#1761 = ( GEOMETRIC_REPRESENTATION_CONTEXT(3) 
GLOBAL_UNCERTAINTY_ASSIGNED_CONTEXT((#1765)) 
GLOBAL_UNIT_ASSIGNED_CONTEXT((#1762,#1763,#1764)) REPRESENTATION_CONTEXT
('Context #1','3D Context with UNIT and UNCERTAINTY') );
#1762 = ( LENGTH_UNIT() NAMED_UNIT(*) SI_UNIT(.MILLI.,.METRE.) );
#1763 = ( NAMED_UNIT(*) PLANE_ANGLE_UNIT() SI_UNIT($,.RADIAN.) );
#1764 = ( NAMED_UNIT(*) SI_UNIT($,.STERADIAN.) SOLID_ANGLE_UNIT() );
#1765 = UNCERTAINTY_MEASURE_WITH_UNIT(LENGTH_MEASURE(5.E-06),#1762,
  'distance_accuracy_value','confusion accuracy');
#1766 = CONTEXT_DEPENDENT_SHAPE_REPRESENTATION(#1767,#1769);
#1767 = ( REPRESENTATION_RELATIONSHIP('','',#1606,#10) 
REPRESENTATION_RELATIONSHIP_WITH_TRANSFORMATION(#1768) 
SHAPE_REPRESENTATION_RELATIONSHIP() );
#1768 = ITEM_DEFINED_TRANSFORMATION('','',#11,#51);
#1769 = PRODUCT_DEFINITION_SHAPE('Placement','Placement of an item',
  #1770);
#1770 = NEXT_ASSEMBLY_USAGE_OCCURRENCE('10','','',#5,#1601,$);
#1771 = PRODUCT_RELATED_PRODUCT_CATEGORY('part',$,(#1603));
#1772 = SHAPE_DEFINITION_REPRESENTATION(#1773,#1779);
#1773 = PRODUCT_DEFINITION_SHAPE('','',#1774);
#1774 = PRODUCT_DEFINITION('design','',#1775,#1778);
#1775 = PRODUCT_DEFINITION_FORMATION('','',#1776);
#1776 = PRODUCT('Open CASCADE STEP translator 7.8 1.11',
  'Open CASCADE STEP translator 7.8 1.11','',(#1777));
#1777 = PRODUCT_CONTEXT('',#2,'mechanical');
#1778 = PRODUCT_DEFINITION_CONTEXT('part definition',#2,'design');
#1779 = MANIFOLD_SURFACE_SHAPE_REPRESENTATION('',(#11,#1780),#1862);
#1780 = SHELL_BASED_SURFACE_MODEL('',(#1781));
#1781 = OPEN_SHELL('',(#1782));
#1782 = ADVANCED_FACE('',(#1783),#1797,.T.);
#1783 = FACE_BOUND('',#1784,.T.);
#1784 = EDGE_LOOP('',(#1785,#1808,#1828,#1844));
#1785 = ORIENTED_EDGE('',*,*,#1786,.F.);
#1786 = EDGE_CURVE('',#1787,#1789,#1791,.T.);
#1787 = VERTEX_POINT('',#1788);
#1788 = CARTESIAN_POINT('',(3.463140255262,3.7875,0.330906736227));
#1789 = VERTEX_POINT('',#1790);
#1790 = CARTESIAN_POINT('',(3.463140255262,3.7875,-0.161205550643));
#1791 = SURFACE_CURVE('',#1792,(#1796),.PCURVE_S1.);
#1792 = LINE('',#1793,#1794);
#1793 = CARTESIAN_POINT('',(3.463140255262,3.7875,0.));
#1794 = VECTOR('',#1795,1.);
#1795 = DIRECTION('',(0.,0.,-1.));
#1796 = PCURVE('',#1797,#1802);
#1797 = PLANE('',#1798);
#1798 = AXIS2_PLACEMENT_3D('',#1799,#1800,#1801);
#1799 = CARTESIAN_POINT('',(4.13676423417,5.53125,0.));
#1800 = DIRECTION('',(-0.932815687716,0.360353843812,0.));
#1801 = DIRECTION('',(0.360353843812,0.932815687716,0.));
#1802 = DEFINITIONAL_REPRESENTATION('',(#1803),#1807);
#1803 = LINE('',#1804,#1805);
#1804 = CARTESIAN_POINT('',(-1.869340345539,0.));
#1805 = VECTOR('',#1806,1.);
#1806 = DIRECTION('',(0.,1.));
#1807 = ( GEOMETRIC_REPRESENTATION_CONTEXT(2) 
PARAMETRIC_REPRESENTATION_CONTEXT() REPRESENTATION_CONTEXT('2D SPACE',''
  ) );
#1808 = ORIENTED_EDGE('',*,*,#1809,.T.);
#1809 = EDGE_CURVE('',#1787,#1810,#1812,.T.);
#1810 = VERTEX_POINT('',#1811);
#1811 = CARTESIAN_POINT('',(4.810388213078,7.275,0.276503094856));
#1812 = SURFACE_CURVE('',#1813,(#1819),.PCURVE_S1.);
#1813 = B_SPLINE_CURVE_WITH_KNOTS('',4,(#1814,#1815,#1816,#1817,#1818),
  .UNSPECIFIED.,.F.,.F.,(5,5),(0.,1.),.PIECEWISE_BEZIER_KNOTS.);
#1814 = CARTESIAN_POINT('',(3.463140255262,3.7875,0.330906736227));
#1815 = CARTESIAN_POINT('',(3.799952244716,4.659375,0.317305825884));
#1816 = CARTESIAN_POINT('',(4.13676423417,5.53125,0.303704915541));
#1817 = CARTESIAN_POINT('',(4.473576223624,6.403125,0.290104005199));
#1818 = CARTESIAN_POINT('',(4.810388213078,7.275,0.276503094856));
#1819 = PCURVE('',#1797,#1820);
#1820 = DEFINITIONAL_REPRESENTATION('',(#1821),#1827);
#1821 = B_SPLINE_CURVE_WITH_KNOTS('',4,(#1822,#1823,#1824,#1825,#1826),
  .UNSPECIFIED.,.F.,.F.,(5,5),(0.,1.),.PIECEWISE_BEZIER_KNOTS.);
#1822 = CARTESIAN_POINT('',(-1.869340345539,-0.330906736227));
#1823 = CARTESIAN_POINT('',(-0.934670172769,-0.317305825884));
#1824 = CARTESIAN_POINT('',(1.487698852998E-14,-0.303704915541));
#1825 = CARTESIAN_POINT('',(0.934670172769,-0.290104005199));
#1826 = CARTESIAN_POINT('',(1.869340345539,-0.276503094856));
#1827 = ( GEOMETRIC_REPRESENTATION_CONTEXT(2) 
PARAMETRIC_REPRESENTATION_CONTEXT() REPRESENTATION_CONTEXT('2D SPACE',''
  ) );
#1828 = ORIENTED_EDGE('',*,*,#1829,.T.);
#1829 = EDGE_CURVE('',#1810,#1830,#1832,.T.);
#1830 = VERTEX_POINT('',#1831);
#1831 = CARTESIAN_POINT('',(4.810388213078,7.275,-0.13470210419));
#1832 = SURFACE_CURVE('',#1833,(#1837),.PCURVE_S1.);
#1833 = LINE('',#1834,#1835);
#1834 = CARTESIAN_POINT('',(4.810388213078,7.275,0.));
#1835 = VECTOR('',#1836,1.);
#1836 = DIRECTION('',(0.,0.,-1.));
#1837 = PCURVE('',#1797,#1838);
#1838 = DEFINITIONAL_REPRESENTATION('',(#1839),#1843);
#1839 = LINE('',#1840,#1841);
#1840 = CARTESIAN_POINT('',(1.869340345539,0.));
#1841 = VECTOR('',#1842,1.);
#1842 = DIRECTION('',(0.,1.));
#1843 = ( GEOMETRIC_REPRESENTATION_CONTEXT(2) 
PARAMETRIC_REPRESENTATION_CONTEXT() REPRESENTATION_CONTEXT('2D SPACE',''
  ) );
#1844 = ORIENTED_EDGE('',*,*,#1845,.F.);
#1845 = EDGE_CURVE('',#1789,#1830,#1846,.T.);
#1846 = SURFACE_CURVE('',#1847,(#1853),.PCURVE_S1.);
#1847 = B_SPLINE_CURVE_WITH_KNOTS('',4,(#1848,#1849,#1850,#1851,#1852),
  .UNSPECIFIED.,.F.,.F.,(5,5),(0.,1.),.PIECEWISE_BEZIER_KNOTS.);
#1848 = CARTESIAN_POINT('',(3.463140255262,3.7875,-0.161205550643));
#1849 = CARTESIAN_POINT('',(3.799952244716,4.659375,-0.15457968903));
#1850 = CARTESIAN_POINT('',(4.13676423417,5.53125,-0.147953827417));
#1851 = CARTESIAN_POINT('',(4.473576223624,6.403125,-0.141327965804));
#1852 = CARTESIAN_POINT('',(4.810388213078,7.275,-0.13470210419));
#1853 = PCURVE('',#1797,#1854);
#1854 = DEFINITIONAL_REPRESENTATION('',(#1855),#1861);
#1855 = B_SPLINE_CURVE_WITH_KNOTS('',4,(#1856,#1857,#1858,#1859,#1860),
  .UNSPECIFIED.,.F.,.F.,(5,5),(0.,1.),.PIECEWISE_BEZIER_KNOTS.);
#1856 = CARTESIAN_POINT('',(-1.869340345539,0.161205550643));
#1857 = CARTESIAN_POINT('',(-0.934670172769,0.15457968903));
#1858 = CARTESIAN_POINT('',(-7.771561172376E-15,0.147953827417));
#1859 = CARTESIAN_POINT('',(0.934670172769,0.141327965804));
#1860 = CARTESIAN_POINT('',(1.869340345539,0.13470210419));
#1861 = ( GEOMETRIC_REPRESENTATION_CONTEXT(2) 
PARAMETRIC_REPRESENTATION_CONTEXT() REPRESENTATION_CONTEXT('2D SPACE',''
  ) );
#1862 = ( GEOMETRIC_REPRESENTATION_CONTEXT(3) 
GLOBAL_UNCERTAINTY_ASSIGNED_CONTEXT((#1866)) 
GLOBAL_UNIT_ASSIGNED_CONTEXT((#1863,#1864,#1865)) REPRESENTATION_CONTEXT
('Context #1','3D Context with UNIT and UNCERTAINTY') );
#1863 = ( LENGTH_UNIT() NAMED_UNIT(*) SI_UNIT(.MILLI.,.METRE.) );
#1864 = ( NAMED_UNIT(*) PLANE_ANGLE_UNIT() SI_UNIT($,.RADIAN.) );
#1865 = ( NAMED_UNIT(*) SI_UNIT($,.STERADIAN.) SOLID_ANGLE_UNIT() );
#1866 = UNCERTAINTY_MEASURE_WITH_UNIT(LENGTH_MEASURE(5.E-06),#1863,
  'distance_accuracy_value','confusion accuracy');
#1867 = CONTEXT_DEPENDENT_SHAPE_REPRESENTATION(#1868,#1870);
#1868 = ( REPRESENTATION_RELATIONSHIP('','',#1779,#10) 
REPRESENTATION_RELATIONSHIP_WITH_TRANSFORMATION(#1869) 
SHAPE_REPRESENTATION_RELATIONSHIP() );
#1869 = ITEM_DEFINED_TRANSFORMATION('','',#11,#55);
#1870 = PRODUCT_DEFINITION_SHAPE('Placement','Placement of an item',
  #1871);
#1871 = NEXT_ASSEMBLY_USAGE_OCCURRENCE('11','','',#5,#1774,$);
#1872 = PRODUCT_RELATED_PRODUCT_CATEGORY('part',$,(#1776));
#1873 = SHAPE_DEFINITION_REPRESENTATION(#1874,#1880);
#1874 = PRODUCT_DEFINITION_SHAPE('','',#1875);
#1875 = PRODUCT_DEFINITION('design','',#1876,#1879);
#1876 = PRODUCT_DEFINITION_FORMATION('','',#1877);
#1877 = PRODUCT('Open CASCADE STEP translator 7.8 1.12',
  'Open CASCADE STEP translator 7.8 1.12','',(#1878));
#1878 = PRODUCT_CONTEXT('',#2,'mechanical');
#1879 = PRODUCT_DEFINITION_CONTEXT('part definition',#2,'design');
#1880 = MANIFOLD_SURFACE_SHAPE_REPRESENTATION('',(#11,#1881),#2041);
#1881 = SHELL_BASED_SURFACE_MODEL('',(#1882));
#1882 = OPEN_SHELL('',(#1883));
#1883 = ADVANCED_FACE('',(#1884),#1898,.T.);
#1884 = FACE_BOUND('',#1885,.T.);
#1885 = EDGE_LOOP('',(#1886,#1909,#1965,#1981));
#1886 = ORIENTED_EDGE('',*,*,#1887,.F.);
#1887 = EDGE_CURVE('',#1888,#1890,#1892,.T.);
#1888 = VERTEX_POINT('',#1889);
#1889 = CARTESIAN_POINT('',(4.810388213078,7.275,0.276503094856));
#1890 = VERTEX_POINT('',#1891);
#1891 = CARTESIAN_POINT('',(4.810388213078,7.275,-0.13470210419));
#1892 = SURFACE_CURVE('',#1893,(#1897),.PCURVE_S1.);
#1893 = LINE('',#1894,#1895);
#1894 = CARTESIAN_POINT('',(4.810388213078,7.275,0.));
#1895 = VECTOR('',#1896,1.);
#1896 = DIRECTION('',(-0.,0.,-1.));
#1897 = PCURVE('',#1898,#1903);
#1898 = PLANE('',#1899);
#1899 = AXIS2_PLACEMENT_3D('',#1900,#1901,#1902);
#1900 = CARTESIAN_POINT('',(4.587218912479,7.779130961705,0.));
#1901 = DIRECTION('',(-0.914408944968,-0.404791651795,0.));
#1902 = DIRECTION('',(-0.404791651795,0.914408944968,0.));
#1903 = DEFINITIONAL_REPRESENTATION('',(#1904),#1908);
#1904 = LINE('',#1905,#1906);
#1905 = CARTESIAN_POINT('',(-0.551318930637,0.));
#1906 = VECTOR('',#1907,1.);
#1907 = DIRECTION('',(0.,1.));
#1908 = ( GEOMETRIC_REPRESENTATION_CONTEXT(2) 
PARAMETRIC_REPRESENTATION_CONTEXT() REPRESENTATION_CONTEXT('2D SPACE',''
  ) );
#1909 = ORIENTED_EDGE('',*,*,#1910,.F.);
#1910 = EDGE_CURVE('',#1911,#1888,#1913,.T.);
#1911 = VERTEX_POINT('',#1912);
#1912 = CARTESIAN_POINT('',(4.36404961188,8.283261923409,0.220905477387)
  );
#1913 = SURFACE_CURVE('',#1914,(#1938),.PCURVE_S1.);
#1914 = B_SPLINE_CURVE_WITH_KNOTS('',8,(#1915,#1916,#1917,#1918,#1919,
    #1920,#1921,#1922,#1923,#1924,#1925,#1926,#1927,#1928,#1929,#1930,
    #1931,#1932,#1933,#1934,#1935,#1936,#1937),.UNSPECIFIED.,.F.,.F.,(9,
    7,7,9),(0.,0.366206455429,0.812639706764,1.),.UNSPECIFIED.);
#1915 = CARTESIAN_POINT('',(4.36404961188,8.283261923409,0.220905477387)
  );
#1916 = CARTESIAN_POINT('',(4.384165376012,8.237821177347,0.227875618191
    ));
#1917 = CARTESIAN_POINT('',(4.40435407319,8.192215678309,0.234177362781)
  );
#1918 = CARTESIAN_POINT('',(4.424601592639,8.146477301998,0.239877380379
    ));
#1919 = CARTESIAN_POINT('',(4.44489710711,8.100630506757,0.245025561526)
  );
#1920 = CARTESIAN_POINT('',(4.465232249816,8.054694192841,0.249661769738
    ));
#1921 = CARTESIAN_POINT('',(4.485600576343,8.008682917935,0.253820033432
    ));
#1922 = CARTESIAN_POINT('',(4.505997311543,7.962607468917,0.257530178103
    ));
#1923 = CARTESIAN_POINT('',(4.551315422721,7.860235579462,0.264823658805
    ));
#1924 = CARTESIAN_POINT('',(4.576247369068,7.803915260962,0.26820172044)
  );
#1925 = CARTESIAN_POINT('',(4.601208746925,7.747528457802,0.270996763635
    ));
#1926 = CARTESIAN_POINT('',(4.626192129473,7.691091946879,0.273246495772
    ));
#1927 = CARTESIAN_POINT('',(4.651196680295,7.634607617632,0.274982210616
    ));
#1928 = CARTESIAN_POINT('',(4.676213738851,7.578095033889,0.276235802829
    ));
#1929 = CARTESIAN_POINT('',(4.701243437969,7.521553895597,0.277027554631
    ));
#1930 = CARTESIAN_POINT('',(4.736792052056,7.441250928484,0.277531368435
    ));
#1931 = CARTESIAN_POINT('',(4.747302576008,7.417508054648,0.277602741179
    ));
#1932 = CARTESIAN_POINT('',(4.757814773124,7.393761401201,0.277602022624
    ));
#1933 = CARTESIAN_POINT('',(4.768327724029,7.37001304497,0.277518726711)
  );
#1934 = CARTESIAN_POINT('',(4.778842284776,7.34626105217,0.277377776019)
  );
#1935 = CARTESIAN_POINT('',(4.789356906665,7.322508921251,0.277150758598
    ));
#1936 = CARTESIAN_POINT('',(4.799872311169,7.298755022434,0.276858078403
    ));
#1937 = CARTESIAN_POINT('',(4.810388213078,7.275,0.276503094856));
#1938 = PCURVE('',#1898,#1939);
#1939 = DEFINITIONAL_REPRESENTATION('',(#1940),#1964);
#1940 = B_SPLINE_CURVE_WITH_KNOTS('',8,(#1941,#1942,#1943,#1944,#1945,
    #1946,#1947,#1948,#1949,#1950,#1951,#1952,#1953,#1954,#1955,#1956,
    #1957,#1958,#1959,#1960,#1961,#1962,#1963),.UNSPECIFIED.,.F.,.F.,(9,
    7,7,9),(0.,0.366206455429,0.812639706764,1.),.UNSPECIFIED.);
#1941 = CARTESIAN_POINT('',(0.551318930637,-0.220905477387));
#1942 = CARTESIAN_POINT('',(0.501624812582,-0.227875618191));
#1943 = CARTESIAN_POINT('',(0.451750520244,-0.234177362781));
#1944 = CARTESIAN_POINT('',(0.401730912974,-0.239877380379));
#1945 = CARTESIAN_POINT('',(0.35159273848,-0.245025561526));
#1946 = CARTESIAN_POINT('',(0.301356666131,-0.249661769738));
#1947 = CARTESIAN_POINT('',(0.251038616249,-0.253820033432));
#1948 = CARTESIAN_POINT('',(0.20065038539,-0.257530178103));
#1949 = CARTESIAN_POINT('',(8.869622088006E-02,-0.264823658805));
#1950 = CARTESIAN_POINT('',(2.710417411604E-02,-0.26820172044));
#1951 = CARTESIAN_POINT('',(-3.456058044575E-02,-0.270996763635));
#1952 = CARTESIAN_POINT('',(-9.627969554547E-02,-0.273246495772));
#1953 = CARTESIAN_POINT('',(-0.158051104889,-0.274982210616));
#1954 = CARTESIAN_POINT('',(-0.219853413423,-0.276235802829));
#1955 = CARTESIAN_POINT('',(-0.281686949285,-0.277027554631));
#1956 = CARTESIAN_POINT('',(-0.369506482936,-0.277531368435));
#1957 = CARTESIAN_POINT('',(-0.395471751503,-0.277602741179));
#1958 = CARTESIAN_POINT('',(-0.421441153463,-0.277602022624));
#1959 = CARTESIAN_POINT('',(-0.44741241759,-0.277518726711));
#1960 = CARTESIAN_POINT('',(-0.47338765868,-0.277377776019));
#1961 = CARTESIAN_POINT('',(-0.499363050817,-0.277150758598));
#1962 = CARTESIAN_POINT('',(-0.525340376332,-0.276858078403));
#1963 = CARTESIAN_POINT('',(-0.551318930637,-0.276503094856));
#1964 = ( GEOMETRIC_REPRESENTATION_CONTEXT(2) 
PARAMETRIC_REPRESENTATION_CONTEXT() REPRESENTATION_CONTEXT('2D SPACE',''
  ) );
#1965 = ORIENTED_EDGE('',*,*,#1966,.T.);
#1966 = EDGE_CURVE('',#1911,#1967,#1969,.T.);
#1967 = VERTEX_POINT('',#1968);
#1968 = CARTESIAN_POINT('',(4.36404961188,8.283261923409,-0.137147018514
    ));
#1969 = SURFACE_CURVE('',#1970,(#1974),.PCURVE_S1.);
#1970 = LINE('',#1971,#1972);
#1971 = CARTESIAN_POINT('',(4.36404961188,8.283261923409,0.));
#1972 = VECTOR('',#1973,1.);
#1973 = DIRECTION('',(-0.,0.,-1.));
#1974 = PCURVE('',#1898,#1975);
#1975 = DEFINITIONAL_REPRESENTATION('',(#1976),#1980);
#1976 = LINE('',#1977,#1978);
#1977 = CARTESIAN_POINT('',(0.551318930637,0.));
#1978 = VECTOR('',#1979,1.);
#1979 = DIRECTION('',(0.,1.));
#1980 = ( GEOMETRIC_REPRESENTATION_CONTEXT(2) 
PARAMETRIC_REPRESENTATION_CONTEXT() REPRESENTATION_CONTEXT('2D SPACE',''
  ) );
#1981 = ORIENTED_EDGE('',*,*,#1982,.T.);
#1982 = EDGE_CURVE('',#1967,#1890,#1983,.T.);
#1983 = SURFACE_CURVE('',#1984,(#2011),.PCURVE_S1.);
#1984 = B_SPLINE_CURVE_WITH_KNOTS('',7,(#1985,#1986,#1987,#1988,#1989,
    #1990,#1991,#1992,#1993,#1994,#1995,#1996,#1997,#1998,#1999,#2000,
    #2001,#2002,#2003,#2004,#2005,#2006,#2007,#2008,#2009,#2010),
  .UNSPECIFIED.,.F.,.F.,(8,6,6,6,8),(0.,0.508408083092,0.691954389761,
    0.886465648601,1.),.UNSPECIFIED.);
#1985 = CARTESIAN_POINT('',(4.36404961188,8.283261923409,-0.137147018514
    ));
#1986 = CARTESIAN_POINT('',(4.39615669273,8.210733248977,-0.140477587759
    ));
#1987 = CARTESIAN_POINT('',(4.428381709858,8.137938160979,
    -0.142637733505));
#1988 = CARTESIAN_POINT('',(4.46068363378,8.064969343458,-0.143952804741
    ));
#1989 = CARTESIAN_POINT('',(4.493039775206,7.991878050658,
    -0.144598092647));
#1990 = CARTESIAN_POINT('',(4.525434527601,7.918699537147,-0.1447137875)
  );
#1991 = CARTESIAN_POINT('',(4.557860803223,7.845449813865,
    -0.144402937093));
#1992 = CARTESIAN_POINT('',(4.602035073664,7.745661817128,
    -0.143512442301));
#1993 = CARTESIAN_POINT('',(4.613756115794,7.71918442877,-0.143231532724
    ));
#1994 = CARTESIAN_POINT('',(4.625480346586,7.692699837347,
    -0.142909743085));
#1995 = CARTESIAN_POINT('',(4.637207521473,7.666208595327,-0.14255063596
    ));
#1996 = CARTESIAN_POINT('',(4.648937434514,7.63971116792,-0.142157517674
    ));
#1997 = CARTESIAN_POINT('',(4.660669918396,7.613207933081,
    -0.141733438312));
#1998 = CARTESIAN_POINT('',(4.684840808286,7.55860681217,-0.140801928157
    ));
#1999 = CARTESIAN_POINT('',(4.697279526112,7.530508221715,-0.14029110523
    ));
#2000 = CARTESIAN_POINT('',(4.709720609938,7.502404286554,
    -0.139751600691));
#2001 = CARTESIAN_POINT('',(4.72216428704,7.474294493282,-0.139187374564
    ));
#2002 = CARTESIAN_POINT('',(4.734609584959,7.446181038646,
    -0.138599317329));
#2003 = CARTESIAN_POINT('',(4.747056938348,7.41806294078,-0.137991170485
    ));
#2004 = CARTESIAN_POINT('',(4.766773049449,7.373524995715,
    -0.137000768113));
#2005 = CARTESIAN_POINT('',(4.774040416164,7.357108290722,-0.13663016556
    ));
#2006 = CARTESIAN_POINT('',(4.781308473683,7.340690025231,
    -0.136253165169));
#2007 = CARTESIAN_POINT('',(4.788577315825,7.324269987306,-0.13587251356
    ));
#2008 = CARTESIAN_POINT('',(4.79584694924,7.307848161926,-0.135488644374
    ));
#2009 = CARTESIAN_POINT('',(4.803117266746,7.29142479121,-0.135098935454
    ));
#2010 = CARTESIAN_POINT('',(4.810388213078,7.275,-0.13470210419));
#2011 = PCURVE('',#1898,#2012);
#2012 = DEFINITIONAL_REPRESENTATION('',(#2013),#2040);
#2013 = B_SPLINE_CURVE_WITH_KNOTS('',7,(#2014,#2015,#2016,#2017,#2018,
    #2019,#2020,#2021,#2022,#2023,#2024,#2025,#2026,#2027,#2028,#2029,
    #2030,#2031,#2032,#2033,#2034,#2035,#2036,#2037,#2038,#2039),
  .UNSPECIFIED.,.F.,.F.,(8,6,6,6,8),(0.,0.508408083092,0.691954389761,
    0.886465648601,1.),.UNSPECIFIED.);
#2014 = CARTESIAN_POINT('',(0.551318930637,0.137147018514));
#2015 = CARTESIAN_POINT('',(0.472001383678,0.140477587759));
#2016 = CARTESIAN_POINT('',(0.392392486151,0.142637733505));
#2017 = CARTESIAN_POINT('',(0.312593597566,0.143952804741));
#2018 = CARTESIAN_POINT('',(0.232660769696,0.144598092647));
#2019 = CARTESIAN_POINT('',(0.152632557031,0.1447137875));
#2020 = CARTESIAN_POINT('',(7.252646917498E-02,0.144402937093));
#2021 = CARTESIAN_POINT('',(-3.660194354051E-02,0.143512442301));
#2022 = CARTESIAN_POINT('',(-6.555768429891E-02,0.143231532724));
#2023 = CARTESIAN_POINT('',(-9.452130234833E-02,0.142909743085));
#2024 = CARTESIAN_POINT('',(-0.123492193509,0.14255063596));
#2025 = CARTESIAN_POINT('',(-0.152469849024,0.142157517674));
#2026 = CARTESIAN_POINT('',(-0.18145385556,0.141733438312));
#2027 = CARTESIAN_POINT('',(-0.241165783371,0.140801928157));
#2028 = CARTESIAN_POINT('',(-0.271894474959,0.14029110523));
#2029 = CARTESIAN_POINT('',(-0.302629011531,0.139751600691));
#2030 = CARTESIAN_POINT('',(-0.333369954548,0.139187374564));
#2031 = CARTESIAN_POINT('',(-0.364114901644,0.138599317329));
#2032 = CARTESIAN_POINT('',(-0.394864926587,0.137991170485));
#2033 = CARTESIAN_POINT('',(-0.443571739124,0.137000768113));
#2034 = CARTESIAN_POINT('',(-0.461525090393,0.13663016556));
#2035 = CARTESIAN_POINT('',(-0.479480148228,0.136253165169));
#2036 = CARTESIAN_POINT('',(-0.4974371444,0.13587251356));
#2037 = CARTESIAN_POINT('',(-0.515396095338,0.135488644374));
#2038 = CARTESIAN_POINT('',(-0.533356736259,0.135098935454));
#2039 = CARTESIAN_POINT('',(-0.551318930637,0.13470210419));
#2040 = ( GEOMETRIC_REPRESENTATION_CONTEXT(2) 
PARAMETRIC_REPRESENTATION_CONTEXT() REPRESENTATION_CONTEXT('2D SPACE',''
  ) );
#2041 = ( GEOMETRIC_REPRESENTATION_CONTEXT(3) 
GLOBAL_UNCERTAINTY_ASSIGNED_CONTEXT((#2045)) 
GLOBAL_UNIT_ASSIGNED_CONTEXT((#2042,#2043,#2044)) REPRESENTATION_CONTEXT
('Context #1','3D Context with UNIT and UNCERTAINTY') );
#2042 = ( LENGTH_UNIT() NAMED_UNIT(*) SI_UNIT(.MILLI.,.METRE.) );
#2043 = ( NAMED_UNIT(*) PLANE_ANGLE_UNIT() SI_UNIT($,.RADIAN.) );
#2044 = ( NAMED_UNIT(*) SI_UNIT($,.STERADIAN.) SOLID_ANGLE_UNIT() );
#2045 = UNCERTAINTY_MEASURE_WITH_UNIT(LENGTH_MEASURE(5.E-06),#2042,
  'distance_accuracy_value','confusion accuracy');
#2046 = CONTEXT_DEPENDENT_SHAPE_REPRESENTATION(#2047,#2049);
#2047 = ( REPRESENTATION_RELATIONSHIP('','',#1880,#10) 
REPRESENTATION_RELATIONSHIP_WITH_TRANSFORMATION(#2048) 
SHAPE_REPRESENTATION_RELATIONSHIP() );
#2048 = ITEM_DEFINED_TRANSFORMATION('','',#11,#59);
#2049 = PRODUCT_DEFINITION_SHAPE('Placement','Placement of an item',
  #2050);
#2050 = NEXT_ASSEMBLY_USAGE_OCCURRENCE('12','','',#5,#1875,$);
#2051 = PRODUCT_RELATED_PRODUCT_CATEGORY('part',$,(#1877));
#2052 = SHAPE_DEFINITION_REPRESENTATION(#2053,#2059);
#2053 = PRODUCT_DEFINITION_SHAPE('','',#2054);
#2054 = PRODUCT_DEFINITION('design','',#2055,#2058);
#2055 = PRODUCT_DEFINITION_FORMATION('','',#2056);
#2056 = PRODUCT('Open CASCADE STEP translator 7.8 1.13',
  'Open CASCADE STEP translator 7.8 1.13','',(#2057));
#2057 = PRODUCT_CONTEXT('',#2,'mechanical');
#2058 = PRODUCT_DEFINITION_CONTEXT('part definition',#2,'design');
#2059 = MANIFOLD_SURFACE_SHAPE_REPRESENTATION('',(#11,#2060),#2214);
#2060 = SHELL_BASED_SURFACE_MODEL('',(#2061));
#2061 = OPEN_SHELL('',(#2062));
#2062 = ADVANCED_FACE('',(#2063),#2077,.T.);
#2063 = FACE_BOUND('',#2064,.T.);
#2064 = EDGE_LOOP('',(#2065,#2088,#2144,#2160));
#2065 = ORIENTED_EDGE('',*,*,#2066,.F.);
#2066 = EDGE_CURVE('',#2067,#2069,#2071,.T.);
#2067 = VERTEX_POINT('',#2068);
#2068 = CARTESIAN_POINT('',(4.810388213078,7.275,0.276503094856));
#2069 = VERTEX_POINT('',#2070);
#2070 = CARTESIAN_POINT('',(4.810388213078,7.275,-0.13470210419));
#2071 = SURFACE_CURVE('',#2072,(#2076),.PCURVE_S1.);
#2072 = LINE('',#2073,#2074);
#2073 = CARTESIAN_POINT('',(4.810388213078,7.275,0.));
#2074 = VECTOR('',#2075,1.);
#2075 = DIRECTION('',(0.,0.,-1.));
#2076 = PCURVE('',#2077,#2082);
#2077 = PLANE('',#2078);
#2078 = AXIS2_PLACEMENT_3D('',#2079,#2080,#2081);
#2079 = CARTESIAN_POINT('',(5.331024526378,7.505475909499,0.));
#2080 = DIRECTION('',(-0.404791651795,0.914408944968,0.));
#2081 = DIRECTION('',(0.914408944968,0.404791651795,0.));
#2082 = DEFINITIONAL_REPRESENTATION('',(#2083),#2087);
#2083 = LINE('',#2084,#2085);
#2084 = CARTESIAN_POINT('',(-0.569369226062,0.));
#2085 = VECTOR('',#2086,1.);
#2086 = DIRECTION('',(0.,1.));
#2087 = ( GEOMETRIC_REPRESENTATION_CONTEXT(2) 
PARAMETRIC_REPRESENTATION_CONTEXT() REPRESENTATION_CONTEXT('2D SPACE',''
  ) );
#2088 = ORIENTED_EDGE('',*,*,#2089,.T.);
#2089 = EDGE_CURVE('',#2067,#2090,#2092,.T.);
#2090 = VERTEX_POINT('',#2091);
#2091 = CARTESIAN_POINT('',(5.851660839678,7.735951818998,0.199391643377
    ));
#2092 = SURFACE_CURVE('',#2093,(#2117),.PCURVE_S1.);
#2093 = B_SPLINE_CURVE_WITH_KNOTS('',8,(#2094,#2095,#2096,#2097,#2098,
    #2099,#2100,#2101,#2102,#2103,#2104,#2105,#2106,#2107,#2108,#2109,
    #2110,#2111,#2112,#2113,#2114,#2115,#2116),.UNSPECIFIED.,.F.,.F.,(9,
    7,7,9),(0.,0.190816436291,0.75743070084,1.),.UNSPECIFIED.);
#2094 = CARTESIAN_POINT('',(4.810388213078,7.275,0.276503094856));
#2095 = CARTESIAN_POINT('',(4.835280995043,7.286019566666,0.27557088981)
  );
#2096 = CARTESIAN_POINT('',(4.860171697093,7.297038212593,0.274570742012
    ));
#2097 = CARTESIAN_POINT('',(4.885060245609,7.308055905192,0.273508497644
    ));
#2098 = CARTESIAN_POINT('',(4.909946933688,7.319072774209,0.27238636584)
  );
#2099 = CARTESIAN_POINT('',(4.934832301588,7.330089058809,0.271231895823
    ));
#2100 = CARTESIAN_POINT('',(4.959715140311,7.341104223788,0.270010860299
    ));
#2101 = CARTESIAN_POINT('',(4.9845960137,7.352118518752,0.268743862594)
  );
#2102 = CARTESIAN_POINT('',(5.083349857613,7.395834989177,0.26350570346)
  );
#2103 = CARTESIAN_POINT('',(5.157204855721,7.428529208587,0.259129600014
    ));
#2104 = CARTESIAN_POINT('',(5.231036778486,7.461213212977,0.254307271021
    ));
#2105 = CARTESIAN_POINT('',(5.304837778289,7.493883528353,0.249102671032
    ));
#2106 = CARTESIAN_POINT('',(5.378608891543,7.526540613514,0.243463576164
    ));
#2107 = CARTESIAN_POINT('',(5.452342044839,7.559180894517,0.237459989359
    ));
#2108 = CARTESIAN_POINT('',(5.526035227532,7.591803481285,0.231075556004
    ));
#2109 = CARTESIAN_POINT('',(5.631212302296,7.638363395269,0.221439614334
    ));
#2110 = CARTESIAN_POINT('',(5.662732985972,7.652317009439,0.218484354431
    ));
#2111 = CARTESIAN_POINT('',(5.694245018571,7.666266793939,0.215463180097
    ));
#2112 = CARTESIAN_POINT('',(5.725748012585,7.680212577227,0.212376808218
    ));
#2113 = CARTESIAN_POINT('',(5.757241551566,7.69415417495,0.209225897407)
  );
#2114 = CARTESIAN_POINT('',(5.788725190122,7.708091389941,0.206011048001
    ));
#2115 = CARTESIAN_POINT('',(5.820198453918,7.722024012221,0.202732802062
    ));
#2116 = CARTESIAN_POINT('',(5.851660839678,7.735951818998,0.199391643377
    ));
#2117 = PCURVE('',#2077,#2118);
#2118 = DEFINITIONAL_REPRESENTATION('',(#2119),#2143);
#2119 = B_SPLINE_CURVE_WITH_KNOTS('',8,(#2120,#2121,#2122,#2123,#2124,
    #2125,#2126,#2127,#2128,#2129,#2130,#2131,#2132,#2133,#2134,#2135,
    #2136,#2137,#2138,#2139,#2140,#2141,#2142),.UNSPECIFIED.,.F.,.F.,(9,
    7,7,9),(0.,0.190816436291,0.75743070084,1.),.UNSPECIFIED.);
#2120 = CARTESIAN_POINT('',(-0.569369226062,-0.276503094856));
#2121 = CARTESIAN_POINT('',(-0.542146414974,-0.27557088981));
#2122 = CARTESIAN_POINT('',(-0.514925878488,-0.274570742012));
#2123 = CARTESIAN_POINT('',(-0.487707697111,-0.273508497644));
#2124 = CARTESIAN_POINT('',(-0.460491550314,-0.27238636584));
#2125 = CARTESIAN_POINT('',(-0.433276847268,-0.271231895823));
#2126 = CARTESIAN_POINT('',(-0.406064910137,-0.270010860299));
#2127 = CARTESIAN_POINT('',(-0.378855122299,-0.268743862594));
#2128 = CARTESIAN_POINT('',(-0.270857661802,-0.26350570346));
#2129 = CARTESIAN_POINT('',(-0.190089643822,-0.259129600014));
#2130 = CARTESIAN_POINT('',(-0.109346861097,-0.254307271021));
#2131 = CARTESIAN_POINT('',(-2.863789580388E-02,-0.249102671032));
#2132 = CARTESIAN_POINT('',(5.203838548086E-02,-0.243463576164));
#2133 = CARTESIAN_POINT('',(0.132673153657,-0.237459989359));
#2134 = CARTESIAN_POINT('',(0.213264209879,-0.231075556004));
#2135 = CARTESIAN_POINT('',(0.328286132338,-0.221439614334));
#2136 = CARTESIAN_POINT('',(0.362757233971,-0.218484354431));
#2137 = CARTESIAN_POINT('',(0.397218874763,-0.215463180097));
#2138 = CARTESIAN_POINT('',(0.431670630936,-0.212376808218));
#2139 = CARTESIAN_POINT('',(0.46611204706,-0.209225897407));
#2140 = CARTESIAN_POINT('',(0.500542636053,-0.206011048001));
#2141 = CARTESIAN_POINT('',(0.534961879182,-0.202732802062));
#2142 = CARTESIAN_POINT('',(0.569369226062,-0.199391643377));
#2143 = ( GEOMETRIC_REPRESENTATION_CONTEXT(2) 
PARAMETRIC_REPRESENTATION_CONTEXT() REPRESENTATION_CONTEXT('2D SPACE',''
  ) );
#2144 = ORIENTED_EDGE('',*,*,#2145,.T.);
#2145 = EDGE_CURVE('',#2090,#2146,#2148,.T.);
#2146 = VERTEX_POINT('',#2147);
#2147 = CARTESIAN_POINT('',(5.851660839678,7.735951818998,
    -8.453674997873E-02));
#2148 = SURFACE_CURVE('',#2149,(#2153),.PCURVE_S1.);
#2149 = LINE('',#2150,#2151);
#2150 = CARTESIAN_POINT('',(5.851660839678,7.735951818998,0.));
#2151 = VECTOR('',#2152,1.);
#2152 = DIRECTION('',(0.,0.,-1.));
#2153 = PCURVE('',#2077,#2154);
#2154 = DEFINITIONAL_REPRESENTATION('',(#2155),#2159);
#2155 = LINE('',#2156,#2157);
#2156 = CARTESIAN_POINT('',(0.569369226062,0.));
#2157 = VECTOR('',#2158,1.);
#2158 = DIRECTION('',(0.,1.));
#2159 = ( GEOMETRIC_REPRESENTATION_CONTEXT(2) 
PARAMETRIC_REPRESENTATION_CONTEXT() REPRESENTATION_CONTEXT('2D SPACE',''
  ) );
#2160 = ORIENTED_EDGE('',*,*,#2161,.F.);
#2161 = EDGE_CURVE('',#2069,#2146,#2162,.T.);
#2162 = SURFACE_CURVE('',#2163,(#2187),.PCURVE_S1.);
#2163 = B_SPLINE_CURVE_WITH_KNOTS('',8,(#2164,#2165,#2166,#2167,#2168,
    #2169,#2170,#2171,#2172,#2173,#2174,#2175,#2176,#2177,#2178,#2179,
    #2180,#2181,#2182,#2183,#2184,#2185,#2186),.UNSPECIFIED.,.F.,.F.,(9,
    7,7,9),(0.,0.132653994639,0.553746205929,1.),.UNSPECIFIED.);
#2164 = CARTESIAN_POINT('',(4.810388213078,7.275,-0.13470210419));
#2165 = CARTESIAN_POINT('',(4.827666714561,7.282648867823,
    -0.134095210031));
#2166 = CARTESIAN_POINT('',(4.844945619758,7.290297914362,
    -0.133480887144));
#2167 = CARTESIAN_POINT('',(4.862224812776,7.297947088314,
    -0.132856435387));
#2168 = CARTESIAN_POINT('',(4.879504189291,7.305596343497,
    -0.132223401775));
#2169 = CARTESIAN_POINT('',(4.89678352328,7.313245579854,-0.131577214523
    ));
#2170 = CARTESIAN_POINT('',(4.914062676208,7.320894736059,
    -0.130915053662));
#2171 = CARTESIAN_POINT('',(4.931341720866,7.328543844335,
    -0.130242240109));
#2172 = CARTESIAN_POINT('',(5.003469870779,7.360473620509,-0.12738357224
    ));
#2173 = CARTESIAN_POINT('',(5.058317186919,7.384753496399,
    -0.125090653242));
#2174 = CARTESIAN_POINT('',(5.113160649794,7.409031666522,
    -0.122704246112));
#2175 = CARTESIAN_POINT('',(5.167998734087,7.433307455647,
    -0.120235844535));
#2176 = CARTESIAN_POINT('',(5.222833281407,7.457581679021,
    -0.117664131023));
#2177 = CARTESIAN_POINT('',(5.27766056381,7.481852686353,-0.115029801241
    ));
#2178 = CARTESIAN_POINT('',(5.33248114601,7.50612072763,-0.112323507971)
  );
#2179 = CARTESIAN_POINT('',(5.445381286046,7.556099497441,
    -0.106623490874));
#2180 = CARTESIAN_POINT('',(5.503459832932,7.581809778445,
    -0.103621607456));
#2181 = CARTESIAN_POINT('',(5.561528085661,7.607515502419,
    -0.100558307401));
#2182 = CARTESIAN_POINT('',(5.619584734907,7.63321608975,
    -9.74405384718E-02));
#2183 = CARTESIAN_POINT('',(5.677628268634,7.658910871086,
    -9.427445460697E-02));
#2184 = CARTESIAN_POINT('',(5.735656916094,7.684599062553,
    -9.106545423359E-02));
#2185 = CARTESIAN_POINT('',(5.79366859183,7.710279740956,
    -8.781821857833E-02));
#2186 = CARTESIAN_POINT('',(5.851660839678,7.735951818998,
    -8.453674997873E-02));
#2187 = PCURVE('',#2077,#2188);
#2188 = DEFINITIONAL_REPRESENTATION('',(#2189),#2213);
#2189 = B_SPLINE_CURVE_WITH_KNOTS('',8,(#2190,#2191,#2192,#2193,#2194,
    #2195,#2196,#2197,#2198,#2199,#2200,#2201,#2202,#2203,#2204,#2205,
    #2206,#2207,#2208,#2209,#2210,#2211,#2212),.UNSPECIFIED.,.F.,.F.,(9,
    7,7,9),(0.,0.132653994639,0.553746205929,1.),.UNSPECIFIED.);
#2190 = CARTESIAN_POINT('',(-0.569369226062,0.13470210419));
#2191 = CARTESIAN_POINT('',(-0.550473411909,0.134095210031));
#2192 = CARTESIAN_POINT('',(-0.531577156254,0.133480887144));
#2193 = CARTESIAN_POINT('',(-0.512680585838,0.132856435387));
#2194 = CARTESIAN_POINT('',(-0.493783814749,0.132223401775));
#2195 = CARTESIAN_POINT('',(-0.474887090166,0.131577214523));
#2196 = CARTESIAN_POINT('',(-0.455990563593,0.130915053662));
#2197 = CARTESIAN_POINT('',(-0.437094155422,0.130242240109));
#2198 = CARTESIAN_POINT('',(-0.358214623119,0.12738357224));
#2199 = CARTESIAN_POINT('',(-0.298233455567,0.125090653242));
#2200 = CARTESIAN_POINT('',(-0.238256501954,0.122704246112));
#2201 = CARTESIAN_POINT('',(-0.178285430373,0.120235844535));
#2202 = CARTESIAN_POINT('',(-0.118318226835,0.117664131023));
#2203 = CARTESIAN_POINT('',(-5.835896822865E-02,0.115029801241));
#2204 = CARTESIAN_POINT('',(1.592963017386E-03,0.112323507971));
#2205 = CARTESIAN_POINT('',(0.125060849741,0.106623490874));
#2206 = CARTESIAN_POINT('',(0.18857569964,0.103621607456));
#2207 = CARTESIAN_POINT('',(0.252079291822,0.100558307401));
#2208 = CARTESIAN_POINT('',(0.315570194406,9.74405384718E-02));
#2209 = CARTESIAN_POINT('',(0.379046753822,9.427445460697E-02));
#2210 = CARTESIAN_POINT('',(0.442507033579,9.106545423359E-02));
#2211 = CARTESIAN_POINT('',(0.505948753016,8.781821857833E-02));
#2212 = CARTESIAN_POINT('',(0.569369226062,8.453674997873E-02));
#2213 = ( GEOMETRIC_REPRESENTATION_CONTEXT(2) 
PARAMETRIC_REPRESENTATION_CONTEXT() REPRESENTATION_CONTEXT('2D SPACE',''
  ) );
#2214 = ( GEOMETRIC_REPRESENTATION_CONTEXT(3) 
GLOBAL_UNCERTAINTY_ASSIGNED_CONTEXT((#2218)) 
GLOBAL_UNIT_ASSIGNED_CONTEXT((#2215,#2216,#2217)) REPRESENTATION_CONTEXT
('Context #1','3D Context with UNIT and UNCERTAINTY') );
#2215 = ( LENGTH_UNIT() NAMED_UNIT(*) SI_UNIT(.MILLI.,.METRE.) );
#2216 = ( NAMED_UNIT(*) PLANE_ANGLE_UNIT() SI_UNIT($,.RADIAN.) );
#2217 = ( NAMED_UNIT(*) SI_UNIT($,.STERADIAN.) SOLID_ANGLE_UNIT() );
#2218 = UNCERTAINTY_MEASURE_WITH_UNIT(LENGTH_MEASURE(5.E-06),#2215,
  'distance_accuracy_value','confusion accuracy');
#2219 = CONTEXT_DEPENDENT_SHAPE_REPRESENTATION(#2220,#2222);
#2220 = ( REPRESENTATION_RELATIONSHIP('','',#2059,#10) 
REPRESENTATION_RELATIONSHIP_WITH_TRANSFORMATION(#2221) 
SHAPE_REPRESENTATION_RELATIONSHIP() );
#2221 = ITEM_DEFINED_TRANSFORMATION('','',#11,#63);
#2222 = PRODUCT_DEFINITION_SHAPE('Placement','Placement of an item',
  #2223);
#2223 = NEXT_ASSEMBLY_USAGE_OCCURRENCE('13','','',#5,#2054,$);
#2224 = PRODUCT_RELATED_PRODUCT_CATEGORY('part',$,(#2056));
#2225 = SHAPE_DEFINITION_REPRESENTATION(#2226,#2232);
#2226 = PRODUCT_DEFINITION_SHAPE('','',#2227);
#2227 = PRODUCT_DEFINITION('design','',#2228,#2231);
#2228 = PRODUCT_DEFINITION_FORMATION('','',#2229);
#2229 = PRODUCT('Open CASCADE STEP translator 7.8 1.14',
  'Open CASCADE STEP translator 7.8 1.14','',(#2230));
#2230 = PRODUCT_CONTEXT('',#2,'mechanical');
#2231 = PRODUCT_DEFINITION_CONTEXT('part definition',#2,'design');
#2232 = MANIFOLD_SURFACE_SHAPE_REPRESENTATION('',(#11,#2233),#2393);
#2233 = SHELL_BASED_SURFACE_MODEL('',(#2234));
#2234 = OPEN_SHELL('',(#2235));
#2235 = ADVANCED_FACE('',(#2236),#2250,.T.);
#2236 = FACE_BOUND('',#2237,.T.);
#2237 = EDGE_LOOP('',(#2238,#2261,#2323,#2339));
#2238 = ORIENTED_EDGE('',*,*,#2239,.F.);
#2239 = EDGE_CURVE('',#2240,#2242,#2244,.T.);
#2240 = VERTEX_POINT('',#2241);
#2241 = CARTESIAN_POINT('',(4.810388213078,7.275,0.276503094856));
#2242 = VERTEX_POINT('',#2243);
#2243 = CARTESIAN_POINT('',(4.810388213078,7.275,-0.13470210419));
#2244 = SURFACE_CURVE('',#2245,(#2249),.PCURVE_S1.);
#2245 = LINE('',#2246,#2247);
#2246 = CARTESIAN_POINT('',(4.810388213078,7.275,0.));
#2247 = VECTOR('',#2248,1.);
#2248 = DIRECTION('',(-0.,0.,-1.));
#2249 = PCURVE('',#2250,#2255);
#2250 = PLANE('',#2251);
#2251 = AXIS2_PLACEMENT_3D('',#2252,#2253,#2254);
#2252 = CARTESIAN_POINT('',(4.431178181046,7.421491739423,0.));
#2253 = DIRECTION('',(-0.360353843812,-0.932815687716,0.));
#2254 = DIRECTION('',(-0.932815687716,0.360353843812,0.));
#2255 = DEFINITIONAL_REPRESENTATION('',(#2256),#2260);
#2256 = LINE('',#2257,#2258);
#2257 = CARTESIAN_POINT('',(-0.406521928207,0.));
#2258 = VECTOR('',#2259,1.);
#2259 = DIRECTION('',(0.,1.));
#2260 = ( GEOMETRIC_REPRESENTATION_CONTEXT(2) 
PARAMETRIC_REPRESENTATION_CONTEXT() REPRESENTATION_CONTEXT('2D SPACE',''
  ) );
#2261 = ORIENTED_EDGE('',*,*,#2262,.F.);
#2262 = EDGE_CURVE('',#2263,#2240,#2265,.T.);
#2263 = VERTEX_POINT('',#2264);
#2264 = CARTESIAN_POINT('',(4.051968149014,7.567983478846,0.230357622903
    ));
#2265 = SURFACE_CURVE('',#2266,(#2293),.PCURVE_S1.);
#2266 = B_SPLINE_CURVE_WITH_KNOTS('',7,(#2267,#2268,#2269,#2270,#2271,
    #2272,#2273,#2274,#2275,#2276,#2277,#2278,#2279,#2280,#2281,#2282,
    #2283,#2284,#2285,#2286,#2287,#2288,#2289,#2290,#2291,#2292),
  .UNSPECIFIED.,.F.,.F.,(8,6,6,6,8),(0.,0.460510983219,0.722519907375,
    0.856494570162,1.),.UNSPECIFIED.);
#2267 = CARTESIAN_POINT('',(4.051968149014,7.567983478846,0.230357622903
    ));
#2268 = CARTESIAN_POINT('',(4.100701133393,7.549157553776,0.239687891888
    ));
#2269 = CARTESIAN_POINT('',(4.149819384803,7.530182797101,0.247711715315
    ));
#2270 = CARTESIAN_POINT('',(4.199222116321,7.511098143582,0.254584112455
    ));
#2271 = CARTESIAN_POINT('',(4.24883889888,7.491930800506,0.260409061423)
  );
#2272 = CARTESIAN_POINT('',(4.29861911014,7.472700323672,0.265267671597)
  );
#2273 = CARTESIAN_POINT('',(4.348527023754,7.45342051444,0.269230690261)
  );
#2274 = CARTESIAN_POINT('',(4.426998996828,7.423106190291,0.274133122997
    ));
#2275 = CARTESIAN_POINT('',(4.455488380936,7.412100523034,0.275639051462
    ));
#2276 = CARTESIAN_POINT('',(4.484005300758,7.40108421852,0.276884893824)
  );
#2277 = CARTESIAN_POINT('',(4.512545738609,7.390058828811,0.277878757598
    ));
#2278 = CARTESIAN_POINT('',(4.541105623031,7.379025926743,0.278629478069
    ));
#2279 = CARTESIAN_POINT('',(4.569680871842,7.367987089293,0.279146567471
    ));
#2280 = CARTESIAN_POINT('',(4.612887002815,7.351296230019,0.279583586381
    ));
#2281 = CARTESIAN_POINT('',(4.627508466535,7.345647846611,0.279671941472
    ));
#2282 = CARTESIAN_POINT('',(4.642132851989,7.339998334514,0.279701819915
    ));
#2283 = CARTESIAN_POINT('',(4.656759895773,7.334347795484,0.279674160711
    ));
#2284 = CARTESIAN_POINT('',(4.671389371773,7.32869631687,0.279589853717)
  );
#2285 = CARTESIAN_POINT('',(4.686020947752,7.323044027019,0.279449778062
    ));
#2286 = CARTESIAN_POINT('',(4.716328113617,7.311336136749,0.279046035495
    ));
#2287 = CARTESIAN_POINT('',(4.732004031225,7.305280409728,0.278774746528
    ));
#2288 = CARTESIAN_POINT('',(4.747680687766,7.299224397252,0.278438838251
    ));
#2289 = CARTESIAN_POINT('',(4.7633586283,7.293167888759,0.278048176355)
  );
#2290 = CARTESIAN_POINT('',(4.779035384857,7.287111837646,0.277588596919
    ));
#2291 = CARTESIAN_POINT('',(4.794712033806,7.281055828103,0.277072390186
    ));
#2292 = CARTESIAN_POINT('',(4.810388213078,7.275,0.276503094856));
#2293 = PCURVE('',#2250,#2294);
#2294 = DEFINITIONAL_REPRESENTATION('',(#2295),#2322);
#2295 = B_SPLINE_CURVE_WITH_KNOTS('',7,(#2296,#2297,#2298,#2299,#2300,
    #2301,#2302,#2303,#2304,#2305,#2306,#2307,#2308,#2309,#2310,#2311,
    #2312,#2313,#2314,#2315,#2316,#2317,#2318,#2319,#2320,#2321),
  .UNSPECIFIED.,.F.,.F.,(8,6,6,6,8),(0.,0.460510983219,0.722519907375,
    0.856494570162,1.),.UNSPECIFIED.);
#2296 = CARTESIAN_POINT('',(0.406521928207,-0.230357622903));
#2297 = CARTESIAN_POINT('',(0.354279041406,-0.239687891888));
#2298 = CARTESIAN_POINT('',(0.301623139434,-0.247711715315));
#2299 = CARTESIAN_POINT('',(0.248662268205,-0.254584112455));
#2300 = CARTESIAN_POINT('',(0.195471929307,-0.260409061423));
#2301 = CARTESIAN_POINT('',(0.14210639106,-0.265267671597));
#2302 = CARTESIAN_POINT('',(8.8603952935E-02,-0.269230690261));
#2303 = CARTESIAN_POINT('',(4.480182176271E-03,-0.274133122997));
#2304 = CARTESIAN_POINT('',(-2.606109675252E-02,-0.275639051462));
#2305 = CARTESIAN_POINT('',(-5.663189460446E-02,-0.276884893824));
#2306 = CARTESIAN_POINT('',(-8.722790432788E-02,-0.277878757598));
#2307 = CARTESIAN_POINT('',(-0.117844761224,-0.278629478069));
#2308 = CARTESIAN_POINT('',(-0.148478089102,-0.279146567471));
#2309 = CARTESIAN_POINT('',(-0.194796061174,-0.279583586381));
#2310 = CARTESIAN_POINT('',(-0.210470608582,-0.279671941472));
#2311 = CARTESIAN_POINT('',(-0.226148288158,-0.279701819915));
#2312 = CARTESIAN_POINT('',(-0.241828817523,-0.279674160711));
#2313 = CARTESIAN_POINT('',(-0.257511954281,-0.279589853717));
#2314 = CARTESIAN_POINT('',(-0.273197342264,-0.279449778062));
#2315 = CARTESIAN_POINT('',(-0.305687325294,-0.279046035495));
#2316 = CARTESIAN_POINT('',(-0.322492271668,-0.278774746528));
#2317 = CARTESIAN_POINT('',(-0.339298010194,-0.278438838251));
#2318 = CARTESIAN_POINT('',(-0.356105125191,-0.278048176355));
#2319 = CARTESIAN_POINT('',(-0.372910970937,-0.277588596919));
#2320 = CARTESIAN_POINT('',(-0.389716701324,-0.277072390186));
#2321 = CARTESIAN_POINT('',(-0.406521928207,-0.276503094856));
#2322 = ( GEOMETRIC_REPRESENTATION_CONTEXT(2) 
PARAMETRIC_REPRESENTATION_CONTEXT() REPRESENTATION_CONTEXT('2D SPACE',''
  ) );
#2323 = ORIENTED_EDGE('',*,*,#2324,.T.);
#2324 = EDGE_CURVE('',#2263,#2325,#2327,.T.);
#2325 = VERTEX_POINT('',#2326);
#2326 = CARTESIAN_POINT('',(4.051968149014,7.567983478846,
    -0.143015288775));
#2327 = SURFACE_CURVE('',#2328,(#2332),.PCURVE_S1.);
#2328 = LINE('',#2329,#2330);
#2329 = CARTESIAN_POINT('',(4.051968149014,7.567983478846,0.));
#2330 = VECTOR('',#2331,1.);
#2331 = DIRECTION('',(-0.,0.,-1.));
#2332 = PCURVE('',#2250,#2333);
#2333 = DEFINITIONAL_REPRESENTATION('',(#2334),#2338);
#2334 = LINE('',#2335,#2336);
#2335 = CARTESIAN_POINT('',(0.406521928207,0.));
#2336 = VECTOR('',#2337,1.);
#2337 = DIRECTION('',(0.,1.));
#2338 = ( GEOMETRIC_REPRESENTATION_CONTEXT(2) 
PARAMETRIC_REPRESENTATION_CONTEXT() REPRESENTATION_CONTEXT('2D SPACE',''
  ) );
#2339 = ORIENTED_EDGE('',*,*,#2340,.T.);
#2340 = EDGE_CURVE('',#2325,#2242,#2341,.T.);
#2341 = SURFACE_CURVE('',#2342,(#2366),.PCURVE_S1.);
#2342 = B_SPLINE_CURVE_WITH_KNOTS('',8,(#2343,#2344,#2345,#2346,#2347,
    #2348,#2349,#2350,#2351,#2352,#2353,#2354,#2355,#2356,#2357,#2358,
    #2359,#2360,#2361,#2362,#2363,#2364,#2365),.UNSPECIFIED.,.F.,.F.,(9,
    7,7,9),(0.,0.519608579438,0.819126189036,1.),.UNSPECIFIED.);
#2343 = CARTESIAN_POINT('',(4.051968149014,7.567983478846,
    -0.143015288775));
#2344 = CARTESIAN_POINT('',(4.100558003694,7.549212845875,
    -0.145605643692));
#2345 = CARTESIAN_POINT('',(4.149370538867,7.530356189723,
    -0.147326568519));
#2346 = CARTESIAN_POINT('',(4.198342408705,7.511437981371,
    -0.148360771184));
#2347 = CARTESIAN_POINT('',(4.247431470926,7.492474500703,
    -0.148830567962));
#2348 = CARTESIAN_POINT('',(4.296607851011,7.473477288476,
    -0.148829992762));
#2349 = CARTESIAN_POINT('',(4.345851573174,7.454454061488,
    -0.148436524359));
#2350 = CARTESIAN_POINT('',(4.39515247026,7.43540874739,-0.147713513741)
  );
#2351 = CARTESIAN_POINT('',(4.472958107094,7.405351834033,
    -0.146138471672));
#2352 = CARTESIAN_POINT('',(4.501424014869,7.394355235864,-0.14547090956
    ));
#2353 = CARTESIAN_POINT('',(4.529904231714,7.383353109991,
    -0.144722061654));
#2354 = CARTESIAN_POINT('',(4.558396265807,7.372346419024,
    -0.143900634272));
#2355 = CARTESIAN_POINT('',(4.586899972573,7.361335218814,
    -0.143015701808));
#2356 = CARTESIAN_POINT('',(4.615414929962,7.350319672403,
    -0.142075340548));
#2357 = CARTESIAN_POINT('',(4.643938280517,7.339300883647,
    -0.141085466461));
#2358 = CARTESIAN_POINT('',(4.689698869834,7.321623217553,
    -0.139428649257));
#2359 = CARTESIAN_POINT('',(4.70693117992,7.314966244199,-0.138789604039
    ));
#2360 = CARTESIAN_POINT('',(4.724165508033,7.308308491266,
    -0.138132884303));
#2361 = CARTESIAN_POINT('',(4.741404438512,7.301648960403,
    -0.137472788088));
#2362 = CARTESIAN_POINT('',(4.758644279573,7.294989077776,
    -0.136786788629));
#2363 = CARTESIAN_POINT('',(4.775889478562,7.28832712534,-0.136105233486
    ));
#2364 = CARTESIAN_POINT('',(4.793137506337,7.281664080123,
    -0.135410995224));
#2365 = CARTESIAN_POINT('',(4.810388213078,7.275,-0.13470210419));
#2366 = PCURVE('',#2250,#2367);
#2367 = DEFINITIONAL_REPRESENTATION('',(#2368),#2392);
#2368 = B_SPLINE_CURVE_WITH_KNOTS('',8,(#2369,#2370,#2371,#2372,#2373,
    #2374,#2375,#2376,#2377,#2378,#2379,#2380,#2381,#2382,#2383,#2384,
    #2385,#2386,#2387,#2388,#2389,#2390,#2391),.UNSPECIFIED.,.F.,.F.,(9,
    7,7,9),(0.,0.519608579438,0.819126189036,1.),.UNSPECIFIED.);
#2369 = CARTESIAN_POINT('',(0.406521928207,0.143015288775));
#2370 = CARTESIAN_POINT('',(0.354432479755,0.145605643692));
#2371 = CARTESIAN_POINT('',(0.302104312663,0.147326568519));
#2372 = CARTESIAN_POINT('',(0.249605335123,0.148360771184));
#2373 = CARTESIAN_POINT('',(0.196980724638,0.148830567962));
#2374 = CARTESIAN_POINT('',(0.144262507381,0.148829992762));
#2375 = CARTESIAN_POINT('',(9.147209785952E-02,0.148436524359));
#2376 = CARTESIAN_POINT('',(3.862039549687E-02,0.147713513741));
#2377 = CARTESIAN_POINT('',(-4.478904739583E-02,0.146138471672));
#2378 = CARTESIAN_POINT('',(-7.53051591522E-02,0.14547090956));
#2379 = CARTESIAN_POINT('',(-0.105836610563,0.144722061654));
#2380 = CARTESIAN_POINT('',(-0.136380730338,0.143900634272));
#2381 = CARTESIAN_POINT('',(-0.166937363488,0.143015701808));
#2382 = CARTESIAN_POINT('',(-0.197506057565,0.142075340548));
#2383 = CARTESIAN_POINT('',(-0.228083749312,0.141085466461));
#2384 = CARTESIAN_POINT('',(-0.277140159833,0.139428649257));
#2385 = CARTESIAN_POINT('',(-0.295613594953,0.138789604039));
#2386 = CARTESIAN_POINT('',(-0.314089193444,0.138132884303));
#2387 = CARTESIAN_POINT('',(-0.332569725779,0.137472788088));
#2388 = CARTESIAN_POINT('',(-0.351051234278,0.136786788629));
#2389 = CARTESIAN_POINT('',(-0.369538486601,0.136105233486));
#2390 = CARTESIAN_POINT('',(-0.388028771447,0.135410995224));
#2391 = CARTESIAN_POINT('',(-0.406521928207,0.13470210419));
#2392 = ( GEOMETRIC_REPRESENTATION_CONTEXT(2) 
PARAMETRIC_REPRESENTATION_CONTEXT() REPRESENTATION_CONTEXT('2D SPACE',''
  ) );
#2393 = ( GEOMETRIC_REPRESENTATION_CONTEXT(3) 
GLOBAL_UNCERTAINTY_ASSIGNED_CONTEXT((#2397)) 
GLOBAL_UNIT_ASSIGNED_CONTEXT((#2394,#2395,#2396)) REPRESENTATION_CONTEXT
('Context #1','3D Context with UNIT and UNCERTAINTY') );
#2394 = ( LENGTH_UNIT() NAMED_UNIT(*) SI_UNIT(.MILLI.,.METRE.) );
#2395 = ( NAMED_UNIT(*) PLANE_ANGLE_UNIT() SI_UNIT($,.RADIAN.) );
#2396 = ( NAMED_UNIT(*) SI_UNIT($,.STERADIAN.) SOLID_ANGLE_UNIT() );
#2397 = UNCERTAINTY_MEASURE_WITH_UNIT(LENGTH_MEASURE(5.E-06),#2394,
  'distance_accuracy_value','confusion accuracy');
#2398 = CONTEXT_DEPENDENT_SHAPE_REPRESENTATION(#2399,#2401);
#2399 = ( REPRESENTATION_RELATIONSHIP('','',#2232,#10) 
REPRESENTATION_RELATIONSHIP_WITH_TRANSFORMATION(#2400) 
SHAPE_REPRESENTATION_RELATIONSHIP() );
#2400 = ITEM_DEFINED_TRANSFORMATION('','',#11,#67);
#2401 = PRODUCT_DEFINITION_SHAPE('Placement','Placement of an item',
  #2402);
#2402 = NEXT_ASSEMBLY_USAGE_OCCURRENCE('14','','',#5,#2227,$);
#2403 = PRODUCT_RELATED_PRODUCT_CATEGORY('part',$,(#2229));
#2404 = SHAPE_DEFINITION_REPRESENTATION(#2405,#2411);
#2405 = PRODUCT_DEFINITION_SHAPE('','',#2406);
#2406 = PRODUCT_DEFINITION('design','',#2407,#2410);
#2407 = PRODUCT_DEFINITION_FORMATION('','',#2408);
#2408 = PRODUCT('Open CASCADE STEP translator 7.8 1.15',
  'Open CASCADE STEP translator 7.8 1.15','',(#2409));
#2409 = PRODUCT_CONTEXT('',#2,'mechanical');
#2410 = PRODUCT_DEFINITION_CONTEXT('part definition',#2,'design');
#2411 = MANIFOLD_SURFACE_SHAPE_REPRESENTATION('',(#11,#2412),#2558);
#2412 = SHELL_BASED_SURFACE_MODEL('',(#2413));
#2413 = OPEN_SHELL('',(#2414));
#2414 = ADVANCED_FACE('',(#2415),#2429,.T.);
#2415 = FACE_BOUND('',#2416,.T.);
#2416 = EDGE_LOOP('',(#2417,#2440,#2490,#2506));
#2417 = ORIENTED_EDGE('',*,*,#2418,.F.);
#2418 = EDGE_CURVE('',#2419,#2421,#2423,.T.);
#2419 = VERTEX_POINT('',#2420);
#2420 = CARTESIAN_POINT('',(4.810388213078,7.275,0.276503094856));
#2421 = VERTEX_POINT('',#2422);
#2422 = CARTESIAN_POINT('',(4.810388213078,7.275,-0.13470210419));
#2423 = SURFACE_CURVE('',#2424,(#2428),.PCURVE_S1.);
#2424 = LINE('',#2425,#2426);
#2425 = CARTESIAN_POINT('',(4.810388213078,7.275,0.));
#2426 = VECTOR('',#2427,1.);
#2427 = DIRECTION('',(0.,0.,-1.));
#2428 = PCURVE('',#2429,#2434);
#2429 = PLANE('',#2430);
#2430 = AXIS2_PLACEMENT_3D('',#2431,#2432,#2433);
#2431 = CARTESIAN_POINT('',(5.202563054231,7.123499855527,0.));
#2432 = DIRECTION('',(0.360353843812,0.932815687716,0.));
#2433 = DIRECTION('',(0.932815687716,-0.360353843812,0.));
#2434 = DEFINITIONAL_REPRESENTATION('',(#2435),#2439);
#2435 = LINE('',#2436,#2437);
#2436 = CARTESIAN_POINT('',(-0.420420503554,0.));
#2437 = VECTOR('',#2438,1.);
#2438 = DIRECTION('',(0.,1.));
#2439 = ( GEOMETRIC_REPRESENTATION_CONTEXT(2) 
PARAMETRIC_REPRESENTATION_CONTEXT() REPRESENTATION_CONTEXT('2D SPACE',''
  ) );
#2440 = ORIENTED_EDGE('',*,*,#2441,.T.);
#2441 = EDGE_CURVE('',#2419,#2442,#2444,.T.);
#2442 = VERTEX_POINT('',#2443);
#2443 = CARTESIAN_POINT('',(5.594737895383,6.971999711054,0.208214936456
    ));
#2444 = SURFACE_CURVE('',#2445,(#2466),.PCURVE_S1.);
#2445 = B_SPLINE_CURVE_WITH_KNOTS('',7,(#2446,#2447,#2448,#2449,#2450,
    #2451,#2452,#2453,#2454,#2455,#2456,#2457,#2458,#2459,#2460,#2461,
    #2462,#2463,#2464,#2465),.UNSPECIFIED.,.F.,.F.,(8,6,6,8),(0.,
    0.122372454551,0.340282116853,1.),.UNSPECIFIED.);
#2446 = CARTESIAN_POINT('',(4.810388213078,7.275,0.276503094856));
#2447 = CARTESIAN_POINT('',(4.824130070633,7.269691415189,0.276004046255
    ));
#2448 = CARTESIAN_POINT('',(4.83787160282,7.26438295607,0.275464512883)
  );
#2449 = CARTESIAN_POINT('',(4.851612738384,7.25907465017,0.274886345825)
  );
#2450 = CARTESIAN_POINT('',(4.865353606979,7.253766447402,0.274274264835
    ));
#2451 = CARTESIAN_POINT('',(4.879094267357,7.24845832507,0.273631896957)
  );
#2452 = CARTESIAN_POINT('',(4.892834633482,7.24315031641,0.272960060319)
  );
#2453 = CARTESIAN_POINT('',(4.931041470375,7.228390722725,0.271005869641
    ));
#2454 = CARTESIAN_POINT('',(4.95550709123,7.218939466027,0.269657975226)
  );
#2455 = CARTESIAN_POINT('',(4.979970926156,7.209488899247,0.26821360801)
  );
#2456 = CARTESIAN_POINT('',(5.0044326571,7.200039145252,0.266672918295)
  );
#2457 = CARTESIAN_POINT('',(5.028891635616,7.19059045454,0.265039290464)
  );
#2458 = CARTESIAN_POINT('',(5.053346973474,7.181143170243,0.26331785918)
  );
#2459 = CARTESIAN_POINT('',(5.151824169042,7.143100675442,0.256034560996
    ));
#2460 = CARTESIAN_POINT('',(5.225812122778,7.114518562302,0.249766601683
    ));
#2461 = CARTESIAN_POINT('',(5.299749561028,7.085955963682,0.242756741294
    ));
#2462 = CARTESIAN_POINT('',(5.373623246911,7.057417993089,0.235065460812
    ));
#2463 = CARTESIAN_POINT('',(5.447421219849,7.028909270987,0.226722176825
    ));
#2464 = CARTESIAN_POINT('',(5.521130810827,7.000434691513,0.21776410723)
  );
#2465 = CARTESIAN_POINT('',(5.594737895383,6.971999711054,0.208214936456
    ));
#2466 = PCURVE('',#2429,#2467);
#2467 = DEFINITIONAL_REPRESENTATION('',(#2468),#2489);
#2468 = B_SPLINE_CURVE_WITH_KNOTS('',7,(#2469,#2470,#2471,#2472,#2473,
    #2474,#2475,#2476,#2477,#2478,#2479,#2480,#2481,#2482,#2483,#2484,
    #2485,#2486,#2487,#2488),.UNSPECIFIED.,.F.,.F.,(8,6,6,8),(0.,
    0.122372454551,0.340282116853,1.),.UNSPECIFIED.);
#2469 = CARTESIAN_POINT('',(-0.420420503554,-0.276503094856));
#2470 = CARTESIAN_POINT('',(-0.405688914306,-0.276004046255));
#2471 = CARTESIAN_POINT('',(-0.390957673861,-0.275464512883));
#2472 = CARTESIAN_POINT('',(-0.376226858605,-0.274886345825));
#2473 = CARTESIAN_POINT('',(-0.361496329545,-0.274274264835));
#2474 = CARTESIAN_POINT('',(-0.346766023699,-0.273631896957));
#2475 = CARTESIAN_POINT('',(-0.332036033299,-0.272960060319));
#2476 = CARTESIAN_POINT('',(-0.29107742015,-0.271005869641));
#2477 = CARTESIAN_POINT('',(-0.264849708527,-0.269657975226));
#2478 = CARTESIAN_POINT('',(-0.238623911461,-0.26821360801));
#2479 = CARTESIAN_POINT('',(-0.212400369912,-0.266672918295));
#2480 = CARTESIAN_POINT('',(-0.18617977903,-0.265039290464));
#2481 = CARTESIAN_POINT('',(-0.159963091017,-0.26331785918));
#2482 = CARTESIAN_POINT('',(-5.439325887957E-02,-0.256034560996));
#2483 = CARTESIAN_POINT('',(2.492353940133E-02,-0.249766601683));
#2484 = CARTESIAN_POINT('',(0.104186183913,-0.242756741294));
#2485 = CARTESIAN_POINT('',(0.183380484412,-0.235065460812));
#2486 = CARTESIAN_POINT('',(0.262493618882,-0.226722176825));
#2487 = CARTESIAN_POINT('',(0.341512005845,-0.21776410723));
#2488 = CARTESIAN_POINT('',(0.420420503554,-0.208214936456));
#2489 = ( GEOMETRIC_REPRESENTATION_CONTEXT(2) 
PARAMETRIC_REPRESENTATION_CONTEXT() REPRESENTATION_CONTEXT('2D SPACE',''
  ) );
#2490 = ORIENTED_EDGE('',*,*,#2491,.T.);
#2491 = EDGE_CURVE('',#2442,#2492,#2494,.T.);
#2492 = VERTEX_POINT('',#2493);
#2493 = CARTESIAN_POINT('',(5.594737895383,6.971999711054,
    -8.827759201211E-02));
#2494 = SURFACE_CURVE('',#2495,(#2499),.PCURVE_S1.);
#2495 = LINE('',#2496,#2497);
#2496 = CARTESIAN_POINT('',(5.594737895383,6.971999711054,0.));
#2497 = VECTOR('',#2498,1.);
#2498 = DIRECTION('',(0.,0.,-1.));
#2499 = PCURVE('',#2429,#2500);
#2500 = DEFINITIONAL_REPRESENTATION('',(#2501),#2505);
#2501 = LINE('',#2502,#2503);
#2502 = CARTESIAN_POINT('',(0.420420503554,0.));
#2503 = VECTOR('',#2504,1.);
#2504 = DIRECTION('',(0.,1.));
#2505 = ( GEOMETRIC_REPRESENTATION_CONTEXT(2) 
PARAMETRIC_REPRESENTATION_CONTEXT() REPRESENTATION_CONTEXT('2D SPACE',''
  ) );
#2506 = ORIENTED_EDGE('',*,*,#2507,.F.);
#2507 = EDGE_CURVE('',#2421,#2492,#2508,.T.);
#2508 = SURFACE_CURVE('',#2509,(#2532),.PCURVE_S1.);
#2509 = B_SPLINE_CURVE_WITH_KNOTS('',6,(#2510,#2511,#2512,#2513,#2514,
    #2515,#2516,#2517,#2518,#2519,#2520,#2521,#2522,#2523,#2524,#2525,
    #2526,#2527,#2528,#2529,#2530,#2531),.UNSPECIFIED.,.F.,.F.,(7,5,5,5,
    7),(0.,0.121777771505,0.325105984754,0.680520282402,1.),
  .UNSPECIFIED.);
#2510 = CARTESIAN_POINT('',(4.810388213078,7.275,-0.13470210419));
#2511 = CARTESIAN_POINT('',(4.82630240184,7.268852227008,-0.13404813529)
  );
#2512 = CARTESIAN_POINT('',(4.842218947051,7.262703543701,
    -0.133380598549));
#2513 = CARTESIAN_POINT('',(4.858137509515,7.256554081115,
    -0.132698234639));
#2514 = CARTESIAN_POINT('',(4.874057352896,7.2504041237,-0.131992757655)
  );
#2515 = CARTESIAN_POINT('',(4.889978238344,7.244253763727,
    -0.131263689766));
#2516 = CARTESIAN_POINT('',(4.932484162793,7.227833399595,
    -0.129265306467));
#2517 = CARTESIAN_POINT('',(4.959070808721,7.217562774669,
    -0.127959402489));
#2518 = CARTESIAN_POINT('',(4.985659167943,7.207291487883,-0.12660471041
    ));
#2519 = CARTESIAN_POINT('',(5.012248154613,7.19701995871,-0.125209836352
    ));
#2520 = CARTESIAN_POINT('',(5.038838056676,7.186748075914,
    -0.123771455071));
#2521 = CARTESIAN_POINT('',(5.111907537264,7.158520775985,
    -0.119712870324));
#2522 = CARTESIAN_POINT('',(5.158387879219,7.140565063934,
    -0.117011579924));
#2523 = CARTESIAN_POINT('',(5.204866915235,7.122609856377,
    -0.114208940859));
#2524 = CARTESIAN_POINT('',(5.251342583502,7.104655949808,
    -0.111318637782));
#2525 = CARTESIAN_POINT('',(5.297812879221,7.086704118695,
    -0.108351628148));
#2526 = CARTESIAN_POINT('',(5.38604062427,7.052621065121,-0.102591127441
    ));
#2527 = CARTESIAN_POINT('',(5.42779946853,7.036489303788,
    -9.981058166323E-02));
#2528 = CARTESIAN_POINT('',(5.469550567251,7.020360534615,
    -9.698339671736E-02));
#2529 = CARTESIAN_POINT('',(5.511292103949,7.004235459326,
    -9.411561645903E-02));
#2530 = CARTESIAN_POINT('',(5.553021996149,6.988114882395,
    -9.12123140608E-02));
#2531 = CARTESIAN_POINT('',(5.594737895383,6.971999711054,
    -8.827759201211E-02));
#2532 = PCURVE('',#2429,#2533);
#2533 = DEFINITIONAL_REPRESENTATION('',(#2534),#2557);
#2534 = B_SPLINE_CURVE_WITH_KNOTS('',6,(#2535,#2536,#2537,#2538,#2539,
    #2540,#2541,#2542,#2543,#2544,#2545,#2546,#2547,#2548,#2549,#2550,
    #2551,#2552,#2553,#2554,#2555,#2556),.UNSPECIFIED.,.F.,.F.,(7,5,5,5,
    7),(0.,0.121777771505,0.325105984754,0.680520282402,1.),
  .UNSPECIFIED.);
#2535 = CARTESIAN_POINT('',(-0.420420503554,0.13470210419));
#2536 = CARTESIAN_POINT('',(-0.40336012499,0.13404813529));
#2537 = CARTESIAN_POINT('',(-0.38629722026,0.133380598549));
#2538 = CARTESIAN_POINT('',(-0.369232152987,0.132698234639));
#2539 = CARTESIAN_POINT('',(-0.352165712541,0.131992757655));
#2540 = CARTESIAN_POINT('',(-0.335098154976,0.131263689766));
#2541 = CARTESIAN_POINT('',(-0.289530820498,0.129265306467));
#2542 = CARTESIAN_POINT('',(-0.261029320922,0.127959402489));
#2543 = CARTESIAN_POINT('',(-0.232525984655,0.12660471041));
#2544 = CARTESIAN_POINT('',(-0.204021975749,0.125209836352));
#2545 = CARTESIAN_POINT('',(-0.175516985521,0.123771455071));
#2546 = CARTESIAN_POINT('',(-9.718481170574E-02,0.119712870324));
#2547 = CARTESIAN_POINT('',(-4.735680970293E-02,0.117011579924));
#2548 = CARTESIAN_POINT('',(2.469792302097E-03,0.114208940859));
#2549 = CARTESIAN_POINT('',(5.229278400198E-02,0.111318637782));
#2550 = CARTESIAN_POINT('',(0.102110016206,0.108351628148));
#2551 = CARTESIAN_POINT('',(0.196692200245,0.102591127441));
#2552 = CARTESIAN_POINT('',(0.241458647475,9.981058166323E-02));
#2553 = CARTESIAN_POINT('',(0.286216791308,9.698339671736E-02));
#2554 = CARTESIAN_POINT('',(0.330964684432,9.411561645903E-02));
#2555 = CARTESIAN_POINT('',(0.375700094384,9.12123140608E-02));
#2556 = CARTESIAN_POINT('',(0.420420503554,8.827759201211E-02));
#2557 = ( GEOMETRIC_REPRESENTATION_CONTEXT(2) 
PARAMETRIC_REPRESENTATION_CONTEXT() REPRESENTATION_CONTEXT('2D SPACE',''
  ) );
#2558 = ( GEOMETRIC_REPRESENTATION_CONTEXT(3) 
GLOBAL_UNCERTAINTY_ASSIGNED_CONTEXT((#2562)) 
GLOBAL_UNIT_ASSIGNED_CONTEXT((#2559,#2560,#2561)) REPRESENTATION_CONTEXT
('Context #1','3D Context with UNIT and UNCERTAINTY') );
#2559 = ( LENGTH_UNIT() NAMED_UNIT(*) SI_UNIT(.MILLI.,.METRE.) );
#2560 = ( NAMED_UNIT(*) PLANE_ANGLE_UNIT() SI_UNIT($,.RADIAN.) );
#2561 = ( NAMED_UNIT(*) SI_UNIT($,.STERADIAN.) SOLID_ANGLE_UNIT() );
#2562 = UNCERTAINTY_MEASURE_WITH_UNIT(LENGTH_MEASURE(5.E-06),#2559,
  'distance_accuracy_value','confusion accuracy');
#2563 = CONTEXT_DEPENDENT_SHAPE_REPRESENTATION(#2564,#2566);
#2564 = ( REPRESENTATION_RELATIONSHIP('','',#2411,#10) 
REPRESENTATION_RELATIONSHIP_WITH_TRANSFORMATION(#2565) 
SHAPE_REPRESENTATION_RELATIONSHIP() );
#2565 = ITEM_DEFINED_TRANSFORMATION('','',#11,#71);
#2566 = PRODUCT_DEFINITION_SHAPE('Placement','Placement of an item',
  #2567);
#2567 = NEXT_ASSEMBLY_USAGE_OCCURRENCE('15','','',#5,#2406,$);
#2568 = PRODUCT_RELATED_PRODUCT_CATEGORY('part',$,(#2408));
#2569 = SHAPE_DEFINITION_REPRESENTATION(#2570,#2576);
#2570 = PRODUCT_DEFINITION_SHAPE('','',#2571);
#2571 = PRODUCT_DEFINITION('design','',#2572,#2575);
#2572 = PRODUCT_DEFINITION_FORMATION('','',#2573);
#2573 = PRODUCT('Open CASCADE STEP translator 7.8 1.16',
  'Open CASCADE STEP translator 7.8 1.16','',(#2574));
#2574 = PRODUCT_CONTEXT('',#2,'mechanical');
#2575 = PRODUCT_DEFINITION_CONTEXT('part definition',#2,'design');
#2576 = MANIFOLD_SURFACE_SHAPE_REPRESENTATION('',(#11,#2577),#2659);
#2577 = SHELL_BASED_SURFACE_MODEL('',(#2578));
#2578 = OPEN_SHELL('',(#2579));
#2579 = ADVANCED_FACE('',(#2580),#2594,.T.);
#2580 = FACE_BOUND('',#2581,.T.);
#2581 = EDGE_LOOP('',(#2582,#2605,#2625,#2641));
#2582 = ORIENTED_EDGE('',*,*,#2583,.F.);
#2583 = EDGE_CURVE('',#2584,#2586,#2588,.T.);
#2584 = VERTEX_POINT('',#2585);
#2585 = CARTESIAN_POINT('',(4.810388213078,7.275,0.276503094856));
#2586 = VERTEX_POINT('',#2587);
#2587 = CARTESIAN_POINT('',(4.810388213078,7.275,-0.13470210419));
#2588 = SURFACE_CURVE('',#2589,(#2593),.PCURVE_S1.);
#2589 = LINE('',#2590,#2591);
#2590 = CARTESIAN_POINT('',(4.810388213078,7.275,0.));
#2591 = VECTOR('',#2592,1.);
#2592 = DIRECTION('',(0.,0.,-1.));
#2593 = PCURVE('',#2594,#2599);
#2594 = PLANE('',#2595);
#2595 = AXIS2_PLACEMENT_3D('',#2596,#2597,#2598);
#2596 = CARTESIAN_POINT('',(5.484012191985,9.01875,0.));
#2597 = DIRECTION('',(-0.932815687716,0.360353843812,0.));
#2598 = DIRECTION('',(0.360353843812,0.932815687716,0.));
#2599 = DEFINITIONAL_REPRESENTATION('',(#2600),#2604);
#2600 = LINE('',#2601,#2602);
#2601 = CARTESIAN_POINT('',(-1.869340345539,0.));
#2602 = VECTOR('',#2603,1.);
#2603 = DIRECTION('',(0.,1.));
#2604 = ( GEOMETRIC_REPRESENTATION_CONTEXT(2) 
PARAMETRIC_REPRESENTATION_CONTEXT() REPRESENTATION_CONTEXT('2D SPACE',''
  ) );
#2605 = ORIENTED_EDGE('',*,*,#2606,.T.);
#2606 = EDGE_CURVE('',#2584,#2607,#2609,.T.);
#2607 = VERTEX_POINT('',#2608);
#2608 = CARTESIAN_POINT('',(6.157636170893,10.7625,0.222099453484));
#2609 = SURFACE_CURVE('',#2610,(#2616),.PCURVE_S1.);
#2610 = B_SPLINE_CURVE_WITH_KNOTS('',4,(#2611,#2612,#2613,#2614,#2615),
  .UNSPECIFIED.,.F.,.F.,(5,5),(0.,1.),.PIECEWISE_BEZIER_KNOTS.);
#2611 = CARTESIAN_POINT('',(4.810388213078,7.275,0.276503094856));
#2612 = CARTESIAN_POINT('',(5.147200202532,8.146875,0.262902184513));
#2613 = CARTESIAN_POINT('',(5.484012191985,9.01875,0.24930127417));
#2614 = CARTESIAN_POINT('',(5.820824181439,9.890625,0.235700363827));
#2615 = CARTESIAN_POINT('',(6.157636170893,10.7625,0.222099453484));
#2616 = PCURVE('',#2594,#2617);
#2617 = DEFINITIONAL_REPRESENTATION('',(#2618),#2624);
#2618 = B_SPLINE_CURVE_WITH_KNOTS('',4,(#2619,#2620,#2621,#2622,#2623),
  .UNSPECIFIED.,.F.,.F.,(5,5),(0.,1.),.PIECEWISE_BEZIER_KNOTS.);
#2619 = CARTESIAN_POINT('',(-1.869340345539,-0.276503094856));
#2620 = CARTESIAN_POINT('',(-0.934670172769,-0.262902184513));
#2621 = CARTESIAN_POINT('',(-1.731947918415E-14,-0.24930127417));
#2622 = CARTESIAN_POINT('',(0.934670172769,-0.235700363827));
#2623 = CARTESIAN_POINT('',(1.869340345539,-0.222099453484));
#2624 = ( GEOMETRIC_REPRESENTATION_CONTEXT(2) 
PARAMETRIC_REPRESENTATION_CONTEXT() REPRESENTATION_CONTEXT('2D SPACE',''
  ) );
#2625 = ORIENTED_EDGE('',*,*,#2626,.T.);
#2626 = EDGE_CURVE('',#2607,#2627,#2629,.T.);
#2627 = VERTEX_POINT('',#2628);
#2628 = CARTESIAN_POINT('',(6.157636170893,10.7625,-0.108198657738));
#2629 = SURFACE_CURVE('',#2630,(#2634),.PCURVE_S1.);
#2630 = LINE('',#2631,#2632);
#2631 = CARTESIAN_POINT('',(6.157636170893,10.7625,0.));
#2632 = VECTOR('',#2633,1.);
#2633 = DIRECTION('',(0.,0.,-1.));
#2634 = PCURVE('',#2594,#2635);
#2635 = DEFINITIONAL_REPRESENTATION('',(#2636),#2640);
#2636 = LINE('',#2637,#2638);
#2637 = CARTESIAN_POINT('',(1.869340345539,0.));
#2638 = VECTOR('',#2639,1.);
#2639 = DIRECTION('',(0.,1.));
#2640 = ( GEOMETRIC_REPRESENTATION_CONTEXT(2) 
PARAMETRIC_REPRESENTATION_CONTEXT() REPRESENTATION_CONTEXT('2D SPACE',''
  ) );
#2641 = ORIENTED_EDGE('',*,*,#2642,.F.);
#2642 = EDGE_CURVE('',#2586,#2627,#2643,.T.);
#2643 = SURFACE_CURVE('',#2644,(#2650),.PCURVE_S1.);
#2644 = B_SPLINE_CURVE_WITH_KNOTS('',4,(#2645,#2646,#2647,#2648,#2649),
  .UNSPECIFIED.,.F.,.F.,(5,5),(0.,1.),.PIECEWISE_BEZIER_KNOTS.);
#2645 = CARTESIAN_POINT('',(4.810388213078,7.275,-0.13470210419));
#2646 = CARTESIAN_POINT('',(5.147200202532,8.146875,-0.128076242577));
#2647 = CARTESIAN_POINT('',(5.484012191985,9.01875,-0.121450380964));
#2648 = CARTESIAN_POINT('',(5.820824181439,9.890625,-0.114824519351));
#2649 = CARTESIAN_POINT('',(6.157636170893,10.7625,-0.108198657738));
#2650 = PCURVE('',#2594,#2651);
#2651 = DEFINITIONAL_REPRESENTATION('',(#2652),#2658);
#2652 = B_SPLINE_CURVE_WITH_KNOTS('',4,(#2653,#2654,#2655,#2656,#2657),
  .UNSPECIFIED.,.F.,.F.,(5,5),(0.,1.),.PIECEWISE_BEZIER_KNOTS.);
#2653 = CARTESIAN_POINT('',(-1.869340345539,0.13470210419));
#2654 = CARTESIAN_POINT('',(-0.934670172769,0.128076242577));
#2655 = CARTESIAN_POINT('',(1.86517468137E-14,0.121450380964));
#2656 = CARTESIAN_POINT('',(0.934670172769,0.114824519351));
#2657 = CARTESIAN_POINT('',(1.869340345539,0.108198657738));
#2658 = ( GEOMETRIC_REPRESENTATION_CONTEXT(2) 
PARAMETRIC_REPRESENTATION_CONTEXT() REPRESENTATION_CONTEXT('2D SPACE',''
  ) );
#2659 = ( GEOMETRIC_REPRESENTATION_CONTEXT(3) 
GLOBAL_UNCERTAINTY_ASSIGNED_CONTEXT((#2663)) 
GLOBAL_UNIT_ASSIGNED_CONTEXT((#2660,#2661,#2662)) REPRESENTATION_CONTEXT
('Context #1','3D Context with UNIT and UNCERTAINTY') );
#2660 = ( LENGTH_UNIT() NAMED_UNIT(*) SI_UNIT(.MILLI.,.METRE.) );
#2661 = ( NAMED_UNIT(*) PLANE_ANGLE_UNIT() SI_UNIT($,.RADIAN.) );
#2662 = ( NAMED_UNIT(*) SI_UNIT($,.STERADIAN.) SOLID_ANGLE_UNIT() );
#2663 = UNCERTAINTY_MEASURE_WITH_UNIT(LENGTH_MEASURE(5.E-06),#2660,
  'distance_accuracy_value','confusion accuracy');
#2664 = CONTEXT_DEPENDENT_SHAPE_REPRESENTATION(#2665,#2667);
#2665 = ( REPRESENTATION_RELATIONSHIP('','',#2576,#10) 
REPRESENTATION_RELATIONSHIP_WITH_TRANSFORMATION(#2666) 
SHAPE_REPRESENTATION_RELATIONSHIP() );
#2666 = ITEM_DEFINED_TRANSFORMATION('','',#11,#75);
#2667 = PRODUCT_DEFINITION_SHAPE('Placement','Placement of an item',
  #2668);
#2668 = NEXT_ASSEMBLY_USAGE_OCCURRENCE('16','','',#5,#2571,$);
#2669 = PRODUCT_RELATED_PRODUCT_CATEGORY('part',$,(#2573));
#2670 = SHAPE_DEFINITION_REPRESENTATION(#2671,#2677);
#2671 = PRODUCT_DEFINITION_SHAPE('','',#2672);
#2672 = PRODUCT_DEFINITION('design','',#2673,#2676);
#2673 = PRODUCT_DEFINITION_FORMATION('','',#2674);
#2674 = PRODUCT('Open CASCADE STEP translator 7.8 1.17',
  'Open CASCADE STEP translator 7.8 1.17','',(#2675));
#2675 = PRODUCT_CONTEXT('',#2,'mechanical');
#2676 = PRODUCT_DEFINITION_CONTEXT('part definition',#2,'design');
#2677 = MANIFOLD_SURFACE_SHAPE_REPRESENTATION('',(#11,#2678),#2832);
#2678 = SHELL_BASED_SURFACE_MODEL('',(#2679));
#2679 = OPEN_SHELL('',(#2680));
#2680 = ADVANCED_FACE('',(#2681),#2695,.T.);
#2681 = FACE_BOUND('',#2682,.T.);
#2682 = EDGE_LOOP('',(#2683,#2706,#2768,#2784));
#2683 = ORIENTED_EDGE('',*,*,#2684,.F.);
#2684 = EDGE_CURVE('',#2685,#2687,#2689,.T.);
#2685 = VERTEX_POINT('',#2686);
#2686 = CARTESIAN_POINT('',(6.157636170893,10.7625,0.222099453484));
#2687 = VERTEX_POINT('',#2688);
#2688 = CARTESIAN_POINT('',(6.157636170893,10.7625,-0.108198657738));
#2689 = SURFACE_CURVE('',#2690,(#2694),.PCURVE_S1.);
#2690 = LINE('',#2691,#2692);
#2691 = CARTESIAN_POINT('',(6.157636170893,10.7625,0.));
#2692 = VECTOR('',#2693,1.);
#2693 = DIRECTION('',(-0.,0.,-1.));
#2694 = PCURVE('',#2695,#2700);
#2695 = PLANE('',#2696);
#2696 = AXIS2_PLACEMENT_3D('',#2697,#2698,#2699);
#2697 = CARTESIAN_POINT('',(5.978376718439,11.167440284878,0.));
#2698 = DIRECTION('',(-0.914408944968,-0.404791651795,0.));
#2699 = DIRECTION('',(-0.404791651795,0.914408944968,0.));
#2700 = DEFINITIONAL_REPRESENTATION('',(#2701),#2705);
#2701 = LINE('',#2702,#2703);
#2702 = CARTESIAN_POINT('',(-0.44284374853,0.));
#2703 = VECTOR('',#2704,1.);
#2704 = DIRECTION('',(0.,1.));
#2705 = ( GEOMETRIC_REPRESENTATION_CONTEXT(2) 
PARAMETRIC_REPRESENTATION_CONTEXT() REPRESENTATION_CONTEXT('2D SPACE',''
  ) );
#2706 = ORIENTED_EDGE('',*,*,#2707,.F.);
#2707 = EDGE_CURVE('',#2708,#2685,#2710,.T.);
#2708 = VERTEX_POINT('',#2709);
#2709 = CARTESIAN_POINT('',(5.799117265984,11.572380569757,
    0.177440966217));
#2710 = SURFACE_CURVE('',#2711,(#2738),.PCURVE_S1.);
#2711 = B_SPLINE_CURVE_WITH_KNOTS('',7,(#2712,#2713,#2714,#2715,#2716,
    #2717,#2718,#2719,#2720,#2721,#2722,#2723,#2724,#2725,#2726,#2727,
    #2728,#2729,#2730,#2731,#2732,#2733,#2734,#2735,#2736,#2737),
  .UNSPECIFIED.,.F.,.F.,(8,6,6,6,8),(0.,0.449597604322,0.713722809858,
    0.851043821717,1.),.UNSPECIFIED.);
#2712 = CARTESIAN_POINT('',(5.799117265984,11.572380569757,
    0.177440966217));
#2713 = CARTESIAN_POINT('',(5.821693151266,11.521382503588,
    0.185263546662));
#2714 = CARTESIAN_POINT('',(5.844413988053,11.470056997486,
    0.192026165822));
#2715 = CARTESIAN_POINT('',(5.867240335991,11.418493145704,
    0.197877187548));
#2716 = CARTESIAN_POINT('',(5.890146201247,11.366749667326,
    0.202912146757));
#2717 = CARTESIAN_POINT('',(5.91311366484,11.314867040646,0.207203688434
    ));
#2718 = CARTESIAN_POINT('',(5.936130474824,11.262872942349,
    0.210814768425));
#2719 = CARTESIAN_POINT('',(5.972737740551,11.180178521446,
    0.215545981468));
#2720 = CARTESIAN_POINT('',(5.986298973095,11.149544212937,
    0.217078807571));
#2721 = CARTESIAN_POINT('',(5.999872329829,11.118882516344,
    0.218404692051));
#2722 = CARTESIAN_POINT('',(6.013456374379,11.088196676379,
    0.219531546458));
#2723 = CARTESIAN_POINT('',(6.027049669276,11.057489940235,
    0.220467610301));
#2724 = CARTESIAN_POINT('',(6.040650790131,11.026765525548,
    0.221221469758));
#2725 = CARTESIAN_POINT('',(6.061333858741,10.980043260249,
    0.222098626091));
#2726 = CARTESIAN_POINT('',(6.068410723496,10.964056891939,
    0.222350970972));
#2727 = CARTESIAN_POINT('',(6.075489325525,10.948066599194,
    0.222556598213));
#2728 = CARTESIAN_POINT('',(6.082569576344,10.932072581893,0.22271641055
    ));
#2729 = CARTESIAN_POINT('',(6.089651401868,10.916075007396,
    0.222831260802));
#2730 = CARTESIAN_POINT('',(6.096734687718,10.900074134078,
    0.222901981854));
#2731 = CARTESIAN_POINT('',(6.111504031942,10.866710747234,
    0.222959175953));
#2732 = CARTESIAN_POINT('',(6.11919033927,10.849347671331,0.222938371655
    ));
#2733 = CARTESIAN_POINT('',(6.126877752842,10.831982096467,
    0.222865477182));
#2734 = CARTESIAN_POINT('',(6.134566468303,10.814613580685,
    0.222748568178));
#2735 = CARTESIAN_POINT('',(6.14225560356,10.797244116599,0.222576394886
    ));
#2736 = CARTESIAN_POINT('',(6.149945560627,10.779872796075,
    0.222359064209));
#2737 = CARTESIAN_POINT('',(6.157636170893,10.7625,0.222099453484));
#2738 = PCURVE('',#2695,#2739);
#2739 = DEFINITIONAL_REPRESENTATION('',(#2740),#2767);
#2740 = B_SPLINE_CURVE_WITH_KNOTS('',7,(#2741,#2742,#2743,#2744,#2745,
    #2746,#2747,#2748,#2749,#2750,#2751,#2752,#2753,#2754,#2755,#2756,
    #2757,#2758,#2759,#2760,#2761,#2762,#2763,#2764,#2765,#2766),
  .UNSPECIFIED.,.F.,.F.,(8,6,6,6,8),(0.,0.449597604322,0.713722809858,
    0.851043821717,1.),.UNSPECIFIED.);
#2741 = CARTESIAN_POINT('',(0.44284374853,-0.177440966217));
#2742 = CARTESIAN_POINT('',(0.387072130755,-0.185263546662));
#2743 = CARTESIAN_POINT('',(0.330942423817,-0.192026165822));
#2744 = CARTESIAN_POINT('',(0.274552061424,-0.197877187548));
#2745 = CARTESIAN_POINT('',(0.217965258919,-0.202912146757));
#2746 = CARTESIAN_POINT('',(0.161226283469,-0.207203688434));
#2747 = CARTESIAN_POINT('',(0.104365402368,-0.210814768425));
#2748 = CARTESIAN_POINT('',(1.393056863427E-02,-0.215545981468));
#2749 = CARTESIAN_POINT('',(-1.957119081145E-02,-0.217078807571));
#2750 = CARTESIAN_POINT('',(-5.310290193683E-02,-0.218404692051));
#2751 = CARTESIAN_POINT('',(-8.666101631614E-02,-0.219531546458));
#2752 = CARTESIAN_POINT('',(-0.120241982811,-0.220467610301));
#2753 = CARTESIAN_POINT('',(-0.153842282608,-0.221221469758));
#2754 = CARTESIAN_POINT('',(-0.204937873433,-0.222098626091));
#2755 = CARTESIAN_POINT('',(-0.222420607387,-0.222350970972));
#2756 = CARTESIAN_POINT('',(-0.239907633113,-0.222556598213));
#2757 = CARTESIAN_POINT('',(-0.257398732023,-0.22271641055));
#2758 = CARTESIAN_POINT('',(-0.274893721093,-0.222831260802));
#2759 = CARTESIAN_POINT('',(-0.292392317761,-0.222901981854));
#2760 = CARTESIAN_POINT('',(-0.328878604371,-0.222959175953));
#2761 = CARTESIAN_POINT('',(-0.347866909327,-0.222938371655));
#2762 = CARTESIAN_POINT('',(-0.366857947156,-0.222865477182));
#2763 = CARTESIAN_POINT('',(-0.385852201179,-0.222748568178));
#2764 = CARTESIAN_POINT('',(-0.40484749227,-0.222576394886));
#2765 = CARTESIAN_POINT('',(-0.423844813567,-0.222359064209));
#2766 = CARTESIAN_POINT('',(-0.44284374853,-0.222099453484));
#2767 = ( GEOMETRIC_REPRESENTATION_CONTEXT(2) 
PARAMETRIC_REPRESENTATION_CONTEXT() REPRESENTATION_CONTEXT('2D SPACE',''
  ) );
#2768 = ORIENTED_EDGE('',*,*,#2769,.T.);
#2769 = EDGE_CURVE('',#2708,#2770,#2772,.T.);
#2770 = VERTEX_POINT('',#2771);
#2771 = CARTESIAN_POINT('',(5.799117265984,11.572380569757,
    -0.110162510242));
#2772 = SURFACE_CURVE('',#2773,(#2777),.PCURVE_S1.);
#2773 = LINE('',#2774,#2775);
#2774 = CARTESIAN_POINT('',(5.799117265984,11.572380569757,0.));
#2775 = VECTOR('',#2776,1.);
#2776 = DIRECTION('',(-0.,0.,-1.));
#2777 = PCURVE('',#2695,#2778);
#2778 = DEFINITIONAL_REPRESENTATION('',(#2779),#2783);
#2779 = LINE('',#2780,#2781);
#2780 = CARTESIAN_POINT('',(0.44284374853,0.));
#2781 = VECTOR('',#2782,1.);
#2782 = DIRECTION('',(0.,1.));
#2783 = ( GEOMETRIC_REPRESENTATION_CONTEXT(2) 
PARAMETRIC_REPRESENTATION_CONTEXT() REPRESENTATION_CONTEXT('2D SPACE',''
  ) );
#2784 = ORIENTED_EDGE('',*,*,#2785,.T.);
#2785 = EDGE_CURVE('',#2770,#2687,#2786,.T.);
#2786 = SURFACE_CURVE('',#2787,(#2808),.PCURVE_S1.);
#2787 = B_SPLINE_CURVE_WITH_KNOTS('',7,(#2788,#2789,#2790,#2791,#2792,
    #2793,#2794,#2795,#2796,#2797,#2798,#2799,#2800,#2801,#2802,#2803,
    #2804,#2805,#2806,#2807),.UNSPECIFIED.,.F.,.F.,(8,6,6,8),(0.,
    0.52593828341,0.83118070824,1.),.UNSPECIFIED.);
#2788 = CARTESIAN_POINT('',(5.799117265984,11.572380569757,
    -0.110162510242));
#2789 = CARTESIAN_POINT('',(5.825673166026,11.512391801627,
    -0.112917241131));
#2790 = CARTESIAN_POINT('',(5.852372944999,11.452078016467,
    -0.114679631174));
#2791 = CARTESIAN_POINT('',(5.879167595556,11.391549920006,
    -0.115727926335));
#2792 = CARTESIAN_POINT('',(5.906030523533,11.330867587448,
    -0.116211831768));
#2793 = CARTESIAN_POINT('',(5.932942843085,11.270073681204,
    -0.116252276294));
#2794 = CARTESIAN_POINT('',(5.959895889641,11.209187774206,
    -0.115937047931));
#2795 = CARTESIAN_POINT('',(6.002552553515,11.112827992981,
    -0.114989767212));
#2796 = CARTESIAN_POINT('',(6.018229322654,11.077414767768,
    -0.114546252964));
#2797 = CARTESIAN_POINT('',(6.033916205355,11.041978696404,
    -0.114020745703));
#2798 = CARTESIAN_POINT('',(6.049611753396,11.006523050368,
    -0.113425173919));
#2799 = CARTESIAN_POINT('',(6.065316320012,10.971047031712,
    -0.112771171987));
#2800 = CARTESIAN_POINT('',(6.08102747828,10.935556122765,
    -0.112066186568));
#2801 = CARTESIAN_POINT('',(6.105437664084,10.880414441487,
    -0.110904776262));
#2802 = CARTESIAN_POINT('',(6.114132326882,10.860773528931,
    -0.110477647338));
#2803 = CARTESIAN_POINT('',(6.122829086345,10.84112788009,-0.11004140032
    ));
#2804 = CARTESIAN_POINT('',(6.131527602921,10.821478261998,
    -0.109589971713));
#2805 = CARTESIAN_POINT('',(6.140228488249,10.801823292984,
    -0.10913573465));
#2806 = CARTESIAN_POINT('',(6.148931448899,10.782163635897,
    -0.108673741127));
#2807 = CARTESIAN_POINT('',(6.157636170893,10.7625,-0.108198657738));
#2808 = PCURVE('',#2695,#2809);
#2809 = DEFINITIONAL_REPRESENTATION('',(#2810),#2831);
#2810 = B_SPLINE_CURVE_WITH_KNOTS('',7,(#2811,#2812,#2813,#2814,#2815,
    #2816,#2817,#2818,#2819,#2820,#2821,#2822,#2823,#2824,#2825,#2826,
    #2827,#2828,#2829,#2830),.UNSPECIFIED.,.F.,.F.,(8,6,6,8),(0.,
    0.52593828341,0.83118070824,1.),.UNSPECIFIED.);
#2811 = CARTESIAN_POINT('',(0.44284374853,0.110162510242));
#2812 = CARTESIAN_POINT('',(0.377239875711,0.112917241131));
#2813 = CARTESIAN_POINT('',(0.311280563423,0.114679631174));
#2814 = CARTESIAN_POINT('',(0.245086879739,0.115727926335));
#2815 = CARTESIAN_POINT('',(0.178724523059,0.116211831768));
#2816 = CARTESIAN_POINT('',(0.112240149104,0.116252276294));
#2817 = CARTESIAN_POINT('',(4.565516288712E-02,0.115937047931));
#2818 = CARTESIAN_POINT('',(-5.97241444306E-02,0.114989767212));
#2819 = CARTESIAN_POINT('',(-9.84521396104E-02,0.114546252964));
#2820 = CARTESIAN_POINT('',(-0.1372051194,0.114020745703));
#2821 = CARTESIAN_POINT('',(-0.175979506101,0.113425173919));
#2822 = CARTESIAN_POINT('',(-0.214776172354,0.112771171987));
#2823 = CARTESIAN_POINT('',(-0.253589122667,0.112066186568));
#2824 = CARTESIAN_POINT('',(-0.313892208701,0.110904776262));
#2825 = CARTESIAN_POINT('',(-0.335371561745,0.110477647338));
#2826 = CARTESIAN_POINT('',(-0.356856094403,0.11004140032));
#2827 = CARTESIAN_POINT('',(-0.378344967845,0.109589971713));
#2828 = CARTESIAN_POINT('',(-0.399839693069,0.10913573465));
#2829 = CARTESIAN_POINT('',(-0.421339545181,0.108673741127));
#2830 = CARTESIAN_POINT('',(-0.44284374853,0.108198657738));
#2831 = ( GEOMETRIC_REPRESENTATION_CONTEXT(2) 
PARAMETRIC_REPRESENTATION_CONTEXT() REPRESENTATION_CONTEXT('2D SPACE',''
  ) );
#2832 = ( GEOMETRIC_REPRESENTATION_CONTEXT(3) 
GLOBAL_UNCERTAINTY_ASSIGNED_CONTEXT((#2836)) 
GLOBAL_UNIT_ASSIGNED_CONTEXT((#2833,#2834,#2835)) REPRESENTATION_CONTEXT
('Context #1','3D Context with UNIT and UNCERTAINTY') );
#2833 = ( LENGTH_UNIT() NAMED_UNIT(*) SI_UNIT(.MILLI.,.METRE.) );
#2834 = ( NAMED_UNIT(*) PLANE_ANGLE_UNIT() SI_UNIT($,.RADIAN.) );
#2835 = ( NAMED_UNIT(*) SI_UNIT($,.STERADIAN.) SOLID_ANGLE_UNIT() );
#2836 = UNCERTAINTY_MEASURE_WITH_UNIT(LENGTH_MEASURE(5.E-06),#2833,
  'distance_accuracy_value','confusion accuracy');
#2837 = CONTEXT_DEPENDENT_SHAPE_REPRESENTATION(#2838,#2840);
#2838 = ( REPRESENTATION_RELATIONSHIP('','',#2677,#10) 
REPRESENTATION_RELATIONSHIP_WITH_TRANSFORMATION(#2839) 
SHAPE_REPRESENTATION_RELATIONSHIP() );
#2839 = ITEM_DEFINED_TRANSFORMATION('','',#11,#79);
#2840 = PRODUCT_DEFINITION_SHAPE('Placement','Placement of an item',
  #2841);
#2841 = NEXT_ASSEMBLY_USAGE_OCCURRENCE('17','','',#5,#2672,$);
#2842 = PRODUCT_RELATED_PRODUCT_CATEGORY('part',$,(#2674));
#2843 = SHAPE_DEFINITION_REPRESENTATION(#2844,#2850);
#2844 = PRODUCT_DEFINITION_SHAPE('','',#2845);
#2845 = PRODUCT_DEFINITION('design','',#2846,#2849);
#2846 = PRODUCT_DEFINITION_FORMATION('','',#2847);
#2847 = PRODUCT('Open CASCADE STEP translator 7.8 1.18',
  'Open CASCADE STEP translator 7.8 1.18','',(#2848));
#2848 = PRODUCT_CONTEXT('',#2,'mechanical');
#2849 = PRODUCT_DEFINITION_CONTEXT('part definition',#2,'design');
#2850 = MANIFOLD_SURFACE_SHAPE_REPRESENTATION('',(#11,#2851),#3005);
#2851 = SHELL_BASED_SURFACE_MODEL('',(#2852));
#2852 = OPEN_SHELL('',(#2853));
#2853 = ADVANCED_FACE('',(#2854),#2868,.T.);
#2854 = FACE_BOUND('',#2855,.T.);
#2855 = EDGE_LOOP('',(#2856,#2879,#2935,#2951));
#2856 = ORIENTED_EDGE('',*,*,#2857,.F.);
#2857 = EDGE_CURVE('',#2858,#2860,#2862,.T.);
#2858 = VERTEX_POINT('',#2859);
#2859 = CARTESIAN_POINT('',(6.157636170893,10.7625,0.222099453484));
#2860 = VERTEX_POINT('',#2861);
#2861 = CARTESIAN_POINT('',(6.157636170893,10.7625,-0.108198657738));
#2862 = SURFACE_CURVE('',#2863,(#2867),.PCURVE_S1.);
#2863 = LINE('',#2864,#2865);
#2864 = CARTESIAN_POINT('',(6.157636170893,10.7625,0.));
#2865 = VECTOR('',#2866,1.);
#2866 = DIRECTION('',(0.,0.,-1.));
#2867 = PCURVE('',#2868,#2873);
#2868 = PLANE('',#2869);
#2869 = AXIS2_PLACEMENT_3D('',#2870,#2871,#2872);
#2870 = CARTESIAN_POINT('',(6.575834284319,10.947628443945,0.));
#2871 = DIRECTION('',(-0.404791651795,0.914408944968,0.));
#2872 = DIRECTION('',(0.914408944968,0.404791651795,0.));
#2873 = DEFINITIONAL_REPRESENTATION('',(#2874),#2878);
#2874 = LINE('',#2875,#2876);
#2875 = CARTESIAN_POINT('',(-0.457342544304,0.));
#2876 = VECTOR('',#2877,1.);
#2877 = DIRECTION('',(0.,1.));
#2878 = ( GEOMETRIC_REPRESENTATION_CONTEXT(2) 
PARAMETRIC_REPRESENTATION_CONTEXT() REPRESENTATION_CONTEXT('2D SPACE',''
  ) );
#2879 = ORIENTED_EDGE('',*,*,#2880,.T.);
#2880 = EDGE_CURVE('',#2858,#2881,#2883,.T.);
#2881 = VERTEX_POINT('',#2882);
#2882 = CARTESIAN_POINT('',(6.994032397745,11.13275688789,0.160160117755
    ));
#2883 = SURFACE_CURVE('',#2884,(#2908),.PCURVE_S1.);
#2884 = B_SPLINE_CURVE_WITH_KNOTS('',8,(#2885,#2886,#2887,#2888,#2889,
    #2890,#2891,#2892,#2893,#2894,#2895,#2896,#2897,#2898,#2899,#2900,
    #2901,#2902,#2903,#2904,#2905,#2906,#2907),.UNSPECIFIED.,.F.,.F.,(9,
    7,7,9),(0.,0.16529950025,0.664768856766,1.),.UNSPECIFIED.);
#2885 = CARTESIAN_POINT('',(6.157636170893,10.7625,0.222099453484));
#2886 = CARTESIAN_POINT('',(6.174961096769,10.770169419029,
    0.221450655638));
#2887 = CARTESIAN_POINT('',(6.192284777462,10.777838286838,
    0.220761207057));
#2888 = CARTESIAN_POINT('',(6.209607176743,10.785506587391,
    0.220032283354));
#2889 = CARTESIAN_POINT('',(6.226928494837,10.793174409322,0.21927011325
    ));
#2890 = CARTESIAN_POINT('',(6.244248827853,10.800841795178,
    0.218478708614));
#2891 = CARTESIAN_POINT('',(6.261568059644,10.808508693543,
    0.217657424476));
#2892 = CARTESIAN_POINT('',(6.278885986083,10.816175014052,
    0.216803348991));
#2893 = CARTESIAN_POINT('',(6.348526809675,10.847003697618,
    0.213244932224));
#2894 = CARTESIAN_POINT('',(6.400838841111,10.870161250626,
    0.210287793895));
#2895 = CARTESIAN_POINT('',(6.453138492753,10.893313323331,
    0.207034521141));
#2896 = CARTESIAN_POINT('',(6.505417634797,10.916456316823,
    0.203544922814));
#2897 = CARTESIAN_POINT('',(6.557677731118,10.939590879132,
    0.199780105847));
#2898 = CARTESIAN_POINT('',(6.60991364534,10.96271473648,0.195776275992)
  );
#2899 = CARTESIAN_POINT('',(6.662122877156,10.985826782028,
    0.191530702577));
#2900 = CARTESIAN_POINT('',(6.749323572337,11.024428890673,
    0.184046306506));
#2901 = CARTESIAN_POINT('',(6.784331405964,11.039926200578,
    0.180935369371));
#2902 = CARTESIAN_POINT('',(6.819324711582,11.055417079206,
    0.177721300399));
#2903 = CARTESIAN_POINT('',(6.854302428959,11.070901057213,
    0.174405868362));
#2904 = CARTESIAN_POINT('',(6.889263388902,11.086377617018,
    0.170990677253));
#2905 = CARTESIAN_POINT('',(6.924206313254,11.101846192807,
    0.167477166287));
#2906 = CARTESIAN_POINT('',(6.959129814896,11.117306170527,
    0.163866609901));
#2907 = CARTESIAN_POINT('',(6.994032397745,11.13275688789,0.160160117755
    ));
#2908 = PCURVE('',#2868,#2909);
#2909 = DEFINITIONAL_REPRESENTATION('',(#2910),#2934);
#2910 = B_SPLINE_CURVE_WITH_KNOTS('',8,(#2911,#2912,#2913,#2914,#2915,
    #2916,#2917,#2918,#2919,#2920,#2921,#2922,#2923,#2924,#2925,#2926,
    #2927,#2928,#2929,#2930,#2931,#2932,#2933),.UNSPECIFIED.,.F.,.F.,(9,
    7,7,9),(0.,0.16529950025,0.664768856766,1.),.UNSPECIFIED.);
#2911 = CARTESIAN_POINT('',(-0.457342544304,-0.222099453484));
#2912 = CARTESIAN_POINT('',(-0.438395960315,-0.221450655638));
#2913 = CARTESIAN_POINT('',(-0.419450738062,-0.220761207057));
#2914 = CARTESIAN_POINT('',(-0.400506917163,-0.220032283354));
#2915 = CARTESIAN_POINT('',(-0.381564278654,-0.21927011325));
#2916 = CARTESIAN_POINT('',(-0.362622717429,-0.218478708614));
#2917 = CARTESIAN_POINT('',(-0.343682360507,-0.217657424476));
#2918 = CARTESIAN_POINT('',(-0.324743431121,-0.216803348991));
#2919 = CARTESIAN_POINT('',(-0.24858404535,-0.213244932224));
#2920 = CARTESIAN_POINT('',(-0.191375471741,-0.210287793895));
#2921 = CARTESIAN_POINT('',(-0.134180436708,-0.207034521141));
#2922 = CARTESIAN_POINT('',(-7.700783102501E-02,-0.203544922814));
#2923 = CARTESIAN_POINT('',(-1.985605379355E-02,-0.199780105847));
#2924 = CARTESIAN_POINT('',(3.726927783135E-02,-0.195776275992));
#2925 = CARTESIAN_POINT('',(9.436542950766E-02,-0.191530702577));
#2926 = CARTESIAN_POINT('',(0.18972833651,-0.184046306506));
#2927 = CARTESIAN_POINT('',(0.228012994397,-0.180935369371));
#2928 = CARTESIAN_POINT('',(0.266281764415,-0.177721300399));
#2929 = CARTESIAN_POINT('',(0.304533487093,-0.174405868362));
#2930 = CARTESIAN_POINT('',(0.342766883798,-0.170990677253));
#2931 = CARTESIAN_POINT('',(0.380980556733,-0.167477166287));
#2932 = CARTESIAN_POINT('',(0.419172988941,-0.163866609901));
#2933 = CARTESIAN_POINT('',(0.457342544304,-0.160160117755));
#2934 = ( GEOMETRIC_REPRESENTATION_CONTEXT(2) 
PARAMETRIC_REPRESENTATION_CONTEXT() REPRESENTATION_CONTEXT('2D SPACE',''
  ) );
#2935 = ORIENTED_EDGE('',*,*,#2936,.T.);
#2936 = EDGE_CURVE('',#2881,#2937,#2939,.T.);
#2937 = VERTEX_POINT('',#2938);
#2938 = CARTESIAN_POINT('',(6.994032397745,11.13275688789,
    -6.790362458905E-02));
#2939 = SURFACE_CURVE('',#2940,(#2944),.PCURVE_S1.);
#2940 = LINE('',#2941,#2942);
#2941 = CARTESIAN_POINT('',(6.994032397745,11.13275688789,0.));
#2942 = VECTOR('',#2943,1.);
#2943 = DIRECTION('',(0.,0.,-1.));
#2944 = PCURVE('',#2868,#2945);
#2945 = DEFINITIONAL_REPRESENTATION('',(#2946),#2950);
#2946 = LINE('',#2947,#2948);
#2947 = CARTESIAN_POINT('',(0.457342544304,0.));
#2948 = VECTOR('',#2949,1.);
#2949 = DIRECTION('',(0.,1.));
#2950 = ( GEOMETRIC_REPRESENTATION_CONTEXT(2) 
PARAMETRIC_REPRESENTATION_CONTEXT() REPRESENTATION_CONTEXT('2D SPACE',''
  ) );
#2951 = ORIENTED_EDGE('',*,*,#2952,.F.);
#2952 = EDGE_CURVE('',#2860,#2937,#2953,.T.);
#2953 = SURFACE_CURVE('',#2954,(#2978),.PCURVE_S1.);
#2954 = B_SPLINE_CURVE_WITH_KNOTS('',8,(#2955,#2956,#2957,#2958,#2959,
    #2960,#2961,#2962,#2963,#2964,#2965,#2966,#2967,#2968,#2969,#2970,
    #2971,#2972,#2973,#2974,#2975,#2976,#2977),.UNSPECIFIED.,.F.,.F.,(9,
    7,7,9),(0.,0.195722110828,0.478813115842,1.),.UNSPECIFIED.);
#2955 = CARTESIAN_POINT('',(6.157636170893,10.7625,-0.108198657738));
#2956 = CARTESIAN_POINT('',(6.178116220722,10.771566133096,
    -0.107479311642));
#2957 = CARTESIAN_POINT('',(6.198597520059,10.780632819325,
    -0.106746186765));
#2958 = CARTESIAN_POINT('',(6.219079918671,10.789699992184,
    -0.105997439597));
#2959 = CARTESIAN_POINT('',(6.239562365422,10.798767186351,
    -0.105227758888));
#2960 = CARTESIAN_POINT('',(6.260044675531,10.807834320031,
    -0.104422964083));
#2961 = CARTESIAN_POINT('',(6.280527048136,10.816901481376,
    -0.10360860029));
#2962 = CARTESIAN_POINT('',(6.30100894178,10.825968430694,
    -0.102770734797));
#2963 = CARTESIAN_POINT('',(6.351114221879,10.848149096365,
    -0.100679839204));
#2964 = CARTESIAN_POINT('',(6.38073693377,10.861262514101,
    -9.940718246516E-02));
#2965 = CARTESIAN_POINT('',(6.410357924872,10.874375170077,
    -9.810085700973E-02));
#2966 = CARTESIAN_POINT('',(6.43997701041,10.887486982494,
    -9.676187962061E-02));
#2967 = CARTESIAN_POINT('',(6.469593952427,10.900597846016,
    -9.539151794787E-02));
#2968 = CARTESIAN_POINT('',(6.499208343073,10.913707580093,
    -9.399203597796E-02));
#2969 = CARTESIAN_POINT('',(6.528819684049,10.926815964139,
    -9.256617322504E-02));
#2970 = CARTESIAN_POINT('',(6.612937659397,10.96405341066,
    -8.844432239986E-02));
#2971 = CARTESIAN_POINT('',(6.667436093082,10.988178842846,
    -8.568880149302E-02));
#2972 = CARTESIAN_POINT('',(6.72192071827,11.012298162269,
    -8.285951835756E-02));
#2973 = CARTESIAN_POINT('',(6.776389021472,11.036410256256,
    -7.996607422723E-02));
#2974 = CARTESIAN_POINT('',(6.830838096604,11.060513838338,
    -7.701695151367E-02));
#2975 = CARTESIAN_POINT('',(6.885264520889,11.084607393316,
    -7.401951718408E-02));
#2976 = CARTESIAN_POINT('',(6.939664230757,11.108689122323,
    -7.098002613881E-02));
#2977 = CARTESIAN_POINT('',(6.994032397745,11.13275688789,
    -6.790362458905E-02));
#2978 = PCURVE('',#2868,#2979);
#2979 = DEFINITIONAL_REPRESENTATION('',(#2980),#3004);
#2980 = B_SPLINE_CURVE_WITH_KNOTS('',8,(#2981,#2982,#2983,#2984,#2985,
    #2986,#2987,#2988,#2989,#2990,#2991,#2992,#2993,#2994,#2995,#2996,
    #2997,#2998,#2999,#3000,#3001,#3002,#3003),.UNSPECIFIED.,.F.,.F.,(9,
    7,7,9),(0.,0.195722110828,0.478813115842,1.),.UNSPECIFIED.);
#2981 = CARTESIAN_POINT('',(-0.457342544304,0.108198657738));
#2982 = CARTESIAN_POINT('',(-0.434945508555,0.107479311642));
#2983 = CARTESIAN_POINT('',(-0.412547106343,0.106746186765));
#2984 = CARTESIAN_POINT('',(-0.390147501958,0.105997439597));
#2985 = CARTESIAN_POINT('',(-0.367747844931,0.105227758888));
#2986 = CARTESIAN_POINT('',(-0.345348337334,0.104422964083));
#2987 = CARTESIAN_POINT('',(-0.322948761392,0.10360860029));
#2988 = CARTESIAN_POINT('',(-0.300549709242,0.102770734797));
#2989 = CARTESIAN_POINT('',(-0.245754444635,0.100679839204));
#2990 = CARTESIAN_POINT('',(-0.213358969881,9.940718246516E-02));
#2991 = CARTESIAN_POINT('',(-0.180965376987,9.810085700973E-02));
#2992 = CARTESIAN_POINT('',(-0.148573868023,9.676187962061E-02));
#2993 = CARTESIAN_POINT('',(-0.116184703219,9.539151794787E-02));
#2994 = CARTESIAN_POINT('',(-8.379832860069E-02,9.399203597796E-02));
#2995 = CARTESIAN_POINT('',(-5.141528910988E-02,9.256617322504E-02));
#2996 = CARTESIAN_POINT('',(4.057634746717E-02,8.844432239986E-02));
#2997 = CARTESIAN_POINT('',(0.10017597626,8.568880149302E-02));
#2998 = CARTESIAN_POINT('',(0.159760504045,8.285951835756E-02));
#2999 = CARTESIAN_POINT('',(0.219327182064,7.996607422723E-02));
#3000 = CARTESIAN_POINT('',(0.278872832214,7.701695151367E-02));
#3001 = CARTESIAN_POINT('',(0.33839371134,7.401951718408E-02));
#3002 = CARTESIAN_POINT('',(0.39788537551,7.098002613881E-02));
#3003 = CARTESIAN_POINT('',(0.457342544304,6.790362458905E-02));
#3004 = ( GEOMETRIC_REPRESENTATION_CONTEXT(2) 
PARAMETRIC_REPRESENTATION_CONTEXT() REPRESENTATION_CONTEXT('2D SPACE',''
  ) );
#3005 = ( GEOMETRIC_REPRESENTATION_CONTEXT(3) 
GLOBAL_UNCERTAINTY_ASSIGNED_CONTEXT((#3009)) 
GLOBAL_UNIT_ASSIGNED_CONTEXT((#3006,#3007,#3008)) REPRESENTATION_CONTEXT
('Context #1','3D Context with UNIT and UNCERTAINTY') );
#3006 = ( LENGTH_UNIT() NAMED_UNIT(*) SI_UNIT(.MILLI.,.METRE.) );
#3007 = ( NAMED_UNIT(*) PLANE_ANGLE_UNIT() SI_UNIT($,.RADIAN.) );
#3008 = ( NAMED_UNIT(*) SI_UNIT($,.STERADIAN.) SOLID_ANGLE_UNIT() );
#3009 = UNCERTAINTY_MEASURE_WITH_UNIT(LENGTH_MEASURE(5.E-06),#3006,
  'distance_accuracy_value','confusion accuracy');
#3010 = CONTEXT_DEPENDENT_SHAPE_REPRESENTATION(#3011,#3013);
#3011 = ( REPRESENTATION_RELATIONSHIP('','',#2850,#10) 
REPRESENTATION_RELATIONSHIP_WITH_TRANSFORMATION(#3012) 
SHAPE_REPRESENTATION_RELATIONSHIP() );
#3012 = ITEM_DEFINED_TRANSFORMATION('','',#11,#83);
#3013 = PRODUCT_DEFINITION_SHAPE('Placement','Placement of an item',
  #3014);
#3014 = NEXT_ASSEMBLY_USAGE_OCCURRENCE('18','','',#5,#2845,$);
#3015 = PRODUCT_RELATED_PRODUCT_CATEGORY('part',$,(#2847));
#3016 = SHAPE_DEFINITION_REPRESENTATION(#3017,#3023);
#3017 = PRODUCT_DEFINITION_SHAPE('','',#3018);
#3018 = PRODUCT_DEFINITION('design','',#3019,#3022);
#3019 = PRODUCT_DEFINITION_FORMATION('','',#3020);
#3020 = PRODUCT('Open CASCADE STEP translator 7.8 1.19',
  'Open CASCADE STEP translator 7.8 1.19','',(#3021));
#3021 = PRODUCT_CONTEXT('',#2,'mechanical');
#3022 = PRODUCT_DEFINITION_CONTEXT('part definition',#2,'design');
#3023 = MANIFOLD_SURFACE_SHAPE_REPRESENTATION('',(#11,#3024),#3170);
#3024 = SHELL_BASED_SURFACE_MODEL('',(#3025));
#3025 = OPEN_SHELL('',(#3026));
#3026 = ADVANCED_FACE('',(#3027),#3041,.T.);
#3027 = FACE_BOUND('',#3028,.T.);
#3028 = EDGE_LOOP('',(#3029,#3052,#3106,#3122));
#3029 = ORIENTED_EDGE('',*,*,#3030,.F.);
#3030 = EDGE_CURVE('',#3031,#3033,#3035,.T.);
#3031 = VERTEX_POINT('',#3032);
#3032 = CARTESIAN_POINT('',(6.157636170893,10.7625,0.222099453484));
#3033 = VERTEX_POINT('',#3034);
#3034 = CARTESIAN_POINT('',(6.157636170893,10.7625,-0.108198657738));
#3035 = SURFACE_CURVE('',#3036,(#3040),.PCURVE_S1.);
#3036 = LINE('',#3037,#3038);
#3037 = CARTESIAN_POINT('',(6.157636170893,10.7625,0.));
#3038 = VECTOR('',#3039,1.);
#3039 = DIRECTION('',(-0.,0.,-1.));
#3040 = PCURVE('',#3041,#3046);
#3041 = PLANE('',#3042);
#3042 = AXIS2_PLACEMENT_3D('',#3043,#3044,#3045);
#3043 = CARTESIAN_POINT('',(5.853037901635,10.880168644075,0.));
#3044 = DIRECTION('',(-0.360353843812,-0.932815687716,0.));
#3045 = DIRECTION('',(-0.932815687716,0.360353843812,0.));
#3046 = DEFINITIONAL_REPRESENTATION('',(#3047),#3051);
#3047 = LINE('',#3048,#3049);
#3048 = CARTESIAN_POINT('',(-0.326536392204,0.));
#3049 = VECTOR('',#3050,1.);
#3050 = DIRECTION('',(0.,1.));
#3051 = ( GEOMETRIC_REPRESENTATION_CONTEXT(2) 
PARAMETRIC_REPRESENTATION_CONTEXT() REPRESENTATION_CONTEXT('2D SPACE',''
  ) );
#3052 = ORIENTED_EDGE('',*,*,#3053,.F.);
#3053 = EDGE_CURVE('',#3054,#3031,#3056,.T.);
#3054 = VERTEX_POINT('',#3055);
#3055 = CARTESIAN_POINT('',(5.548439632376,10.997837288151,
    0.185033347529));
#3056 = SURFACE_CURVE('',#3057,(#3080),.PCURVE_S1.);
#3057 = B_SPLINE_CURVE_WITH_KNOTS('',6,(#3058,#3059,#3060,#3061,#3062,
    #3063,#3064,#3065,#3066,#3067,#3068,#3069,#3070,#3071,#3072,#3073,
    #3074,#3075,#3076,#3077,#3078,#3079),.UNSPECIFIED.,.F.,.F.,(7,5,5,5,
    7),(0.,0.461492886176,0.723192159696,0.856877477663,1.),
  .UNSPECIFIED.);
#3058 = CARTESIAN_POINT('',(5.548439632376,10.997837288151,
    0.185033347529));
#3059 = CARTESIAN_POINT('',(5.5939474283,10.98025727808,0.193746136489)
  );
#3060 = CARTESIAN_POINT('',(5.639977292043,10.962475589212,
    0.201017642082));
#3061 = CARTESIAN_POINT('',(5.686363592821,10.944556205988,
    0.207047255677));
#3062 = CARTESIAN_POINT('',(5.733007135712,10.926537448166,0.21195182325
    ));
#3063 = CARTESIAN_POINT('',(5.779840054886,10.908445532835,
    0.215832624597));
#3064 = CARTESIAN_POINT('',(5.853472396434,10.880000795407,
    0.220432609733));
#3065 = CARTESIAN_POINT('',(5.880164891403,10.869689280185,
    0.221792638007));
#3066 = CARTESIAN_POINT('',(5.906895816773,10.859362919005,
    0.222864084387));
#3067 = CARTESIAN_POINT('',(5.933659510673,10.849023899091,
    0.223656248121));
#3068 = CARTESIAN_POINT('',(5.960448027302,10.838675289967,
    0.224183988439));
#3069 = CARTESIAN_POINT('',(6.000952233846,10.823028204791,
    0.224593623163));
#3070 = CARTESIAN_POINT('',(6.014652733455,10.817735596872,
    0.224665266641));
#3071 = CARTESIAN_POINT('',(6.02835791233,10.812441181316,0.224671462646
    ));
#3072 = CARTESIAN_POINT('',(6.042067515965,10.807145056441,
    0.224613460636));
#3073 = CARTESIAN_POINT('',(6.055781176888,10.801847364205,
    0.224492457961));
#3074 = CARTESIAN_POINT('',(6.084182718289,10.790875631259,
    0.224114063129));
#3075 = CARTESIAN_POINT('',(6.098871009856,10.785201431741,
    0.223847244186));
#3076 = CARTESIAN_POINT('',(6.113561688944,10.779526309906,
    0.223512511991));
#3077 = CARTESIAN_POINT('',(6.12825319193,10.773850869793,0.223107651167
    ));
#3078 = CARTESIAN_POINT('',(6.142944485008,10.768175510769,
    0.222632996007));
#3079 = CARTESIAN_POINT('',(6.157636170893,10.7625,0.222099453484));
#3080 = PCURVE('',#3041,#3081);
#3081 = DEFINITIONAL_REPRESENTATION('',(#3082),#3105);
#3082 = B_SPLINE_CURVE_WITH_KNOTS('',6,(#3083,#3084,#3085,#3086,#3087,
    #3088,#3089,#3090,#3091,#3092,#3093,#3094,#3095,#3096,#3097,#3098,
    #3099,#3100,#3101,#3102,#3103,#3104),.UNSPECIFIED.,.F.,.F.,(7,5,5,5,
    7),(0.,0.461492886176,0.723192159696,0.856877477663,1.),
  .UNSPECIFIED.);
#3083 = CARTESIAN_POINT('',(0.326536392204,-0.185033347529));
#3084 = CARTESIAN_POINT('',(0.27775098205,-0.193746136489));
#3085 = CARTESIAN_POINT('',(0.228405903114,-0.201017642082));
#3086 = CARTESIAN_POINT('',(0.178678715429,-0.207047255677));
#3087 = CARTESIAN_POINT('',(0.128675758248,-0.21195182325));
#3088 = CARTESIAN_POINT('',(7.846978531016E-02,-0.215832624597));
#3089 = CARTESIAN_POINT('',(-4.657884777706E-04,-0.220432609733));
#3090 = CARTESIAN_POINT('',(-2.908076067521E-02,-0.221792638007));
#3091 = CARTESIAN_POINT('',(-5.773693115084E-02,-0.222864084387));
#3092 = CARTESIAN_POINT('',(-8.642823025008E-02,-0.223656248121));
#3093 = CARTESIAN_POINT('',(-0.115146139887,-0.224183988439));
#3094 = CARTESIAN_POINT('',(-0.158567586458,-0.224593623163));
#3095 = CARTESIAN_POINT('',(-0.173254839031,-0.224665266641));
#3096 = CARTESIAN_POINT('',(-0.187947107884,-0.224671462646));
#3097 = CARTESIAN_POINT('',(-0.202644120183,-0.224613460636));
#3098 = CARTESIAN_POINT('',(-0.217345481989,-0.224492457961));
#3099 = CARTESIAN_POINT('',(-0.247792591504,-0.224114063129));
#3100 = CARTESIAN_POINT('',(-0.26353877991,-0.223847244186));
#3101 = CARTESIAN_POINT('',(-0.279287527794,-0.223512511991));
#3102 = CARTESIAN_POINT('',(-0.295037158915,-0.223107651167));
#3103 = CARTESIAN_POINT('',(-0.310786565011,-0.222632996007));
#3104 = CARTESIAN_POINT('',(-0.326536392204,-0.222099453484));
#3105 = ( GEOMETRIC_REPRESENTATION_CONTEXT(2) 
PARAMETRIC_REPRESENTATION_CONTEXT() REPRESENTATION_CONTEXT('2D SPACE',''
  ) );
#3106 = ORIENTED_EDGE('',*,*,#3107,.T.);
#3107 = EDGE_CURVE('',#3054,#3108,#3110,.T.);
#3108 = VERTEX_POINT('',#3109);
#3109 = CARTESIAN_POINT('',(5.548439632376,10.997837288151,
    -0.114876164451));
#3110 = SURFACE_CURVE('',#3111,(#3115),.PCURVE_S1.);
#3111 = LINE('',#3112,#3113);
#3112 = CARTESIAN_POINT('',(5.548439632376,10.997837288151,0.));
#3113 = VECTOR('',#3114,1.);
#3114 = DIRECTION('',(-0.,0.,-1.));
#3115 = PCURVE('',#3041,#3116);
#3116 = DEFINITIONAL_REPRESENTATION('',(#3117),#3121);
#3117 = LINE('',#3118,#3119);
#3118 = CARTESIAN_POINT('',(0.326536392204,0.));
#3119 = VECTOR('',#3120,1.);
#3120 = DIRECTION('',(0.,1.));
#3121 = ( GEOMETRIC_REPRESENTATION_CONTEXT(2) 
PARAMETRIC_REPRESENTATION_CONTEXT() REPRESENTATION_CONTEXT('2D SPACE',''
  ) );
#3122 = ORIENTED_EDGE('',*,*,#3123,.T.);
#3123 = EDGE_CURVE('',#3108,#3033,#3124,.T.);
#3124 = SURFACE_CURVE('',#3125,(#3146),.PCURVE_S1.);
#3125 = B_SPLINE_CURVE_WITH_KNOTS('',7,(#3126,#3127,#3128,#3129,#3130,
    #3131,#3132,#3133,#3134,#3135,#3136,#3137,#3138,#3139,#3140,#3141,
    #3142,#3143,#3144,#3145),.UNSPECIFIED.,.F.,.F.,(8,6,6,8),(0.,
    0.537332497702,0.837496639893,1.),.UNSPECIFIED.);
#3126 = CARTESIAN_POINT('',(5.548439632376,10.997837288151,
    -0.114876164451));
#3127 = CARTESIAN_POINT('',(5.594271895317,10.980131933986,
    -0.117319513601));
#3128 = CARTESIAN_POINT('',(5.640458603867,10.962289654768,
    -0.118785207654));
#3129 = CARTESIAN_POINT('',(5.686883211067,10.94435547348,
    -0.119518702435));
#3130 = CARTESIAN_POINT('',(5.733478679902,10.926355287034,-0.1196658698
    ));
#3131 = CARTESIAN_POINT('',(5.780197384453,10.908307493687,
    -0.119343776681));
#3132 = CARTESIAN_POINT('',(5.82701598754,10.89022110877,-0.118642279638
    ));
#3133 = CARTESIAN_POINT('',(5.900131648947,10.861975968837,
    -0.117072412171));
#3134 = CARTESIAN_POINT('',(5.92636261124,10.851842747223,
    -0.116414487697));
#3135 = CARTESIAN_POINT('',(5.952616075624,10.841700832878,
    -0.115673907733));
#3136 = CARTESIAN_POINT('',(5.978888288992,10.831551675657,
    -0.114861964532));
#3137 = CARTESIAN_POINT('',(6.005181176904,10.821394531702,
    -0.113989991728));
#3138 = CARTESIAN_POINT('',(6.031487647141,10.81123214079,-0.11306538633
    ));
#3139 = CARTESIAN_POINT('',(6.072055792259,10.795560355654,
    -0.11157171566));
#3140 = CARTESIAN_POINT('',(6.086308319784,10.790054495123,
    -0.111033633212));
#3141 = CARTESIAN_POINT('',(6.100565188996,10.784546957365,
    -0.110486408803));
#3142 = CARTESIAN_POINT('',(6.114825731551,10.779038000567,
    -0.109923966838));
#3143 = CARTESIAN_POINT('',(6.129091425532,10.773527053733,
    -0.109358488734));
#3144 = CARTESIAN_POINT('',(6.14336200719,10.768014218752,-0.10878523218
    ));
#3145 = CARTESIAN_POINT('',(6.157636170893,10.7625,-0.108198657738));
#3146 = PCURVE('',#3041,#3147);
#3147 = DEFINITIONAL_REPRESENTATION('',(#3148),#3169);
#3148 = B_SPLINE_CURVE_WITH_KNOTS('',7,(#3149,#3150,#3151,#3152,#3153,
    #3154,#3155,#3156,#3157,#3158,#3159,#3160,#3161,#3162,#3163,#3164,
    #3165,#3166,#3167,#3168),.UNSPECIFIED.,.F.,.F.,(8,6,6,8),(0.,
    0.537332497702,0.837496639893,1.),.UNSPECIFIED.);
#3149 = CARTESIAN_POINT('',(0.326536392204,0.114876164451));
#3150 = CARTESIAN_POINT('',(0.2774031459,0.117319513601));
#3151 = CARTESIAN_POINT('',(0.227889925702,0.118785207654));
#3152 = CARTESIAN_POINT('',(0.178121672648,0.119518702435));
#3153 = CARTESIAN_POINT('',(0.128170251966,0.1196658698));
#3154 = CARTESIAN_POINT('',(7.808671974653E-02,0.119343776681));
#3155 = CARTESIAN_POINT('',(2.789609398432E-02,0.118642279638));
#3156 = CARTESIAN_POINT('',(-5.048558673728E-02,0.117072412171));
#3157 = CARTESIAN_POINT('',(-7.860578522728E-02,0.116414487697));
#3158 = CARTESIAN_POINT('',(-0.10675010648,0.115673907733));
#3159 = CARTESIAN_POINT('',(-0.134914527076,0.114861964532));
#3160 = CARTESIAN_POINT('',(-0.163101111263,0.113989991728));
#3161 = CARTESIAN_POINT('',(-0.191302256015,0.11306538633));
#3162 = CARTESIAN_POINT('',(-0.234792246216,0.11157171566));
#3163 = CARTESIAN_POINT('',(-0.250071285487,0.111033633212));
#3164 = CARTESIAN_POINT('',(-0.265354979147,0.110486408803));
#3165 = CARTESIAN_POINT('',(-0.280642610715,0.109923966838));
#3166 = CARTESIAN_POINT('',(-0.295935764731,0.109358488734));
#3167 = CARTESIAN_POINT('',(-0.31123415845,0.10878523218));
#3168 = CARTESIAN_POINT('',(-0.326536392204,0.108198657738));
#3169 = ( GEOMETRIC_REPRESENTATION_CONTEXT(2) 
PARAMETRIC_REPRESENTATION_CONTEXT() REPRESENTATION_CONTEXT('2D SPACE',''
  ) );
#3170 = ( GEOMETRIC_REPRESENTATION_CONTEXT(3) 
GLOBAL_UNCERTAINTY_ASSIGNED_CONTEXT((#3174)) 
GLOBAL_UNIT_ASSIGNED_CONTEXT((#3171,#3172,#3173)) REPRESENTATION_CONTEXT
('Context #1','3D Context with UNIT and UNCERTAINTY') );
#3171 = ( LENGTH_UNIT() NAMED_UNIT(*) SI_UNIT(.MILLI.,.METRE.) );
#3172 = ( NAMED_UNIT(*) PLANE_ANGLE_UNIT() SI_UNIT($,.RADIAN.) );
#3173 = ( NAMED_UNIT(*) SI_UNIT($,.STERADIAN.) SOLID_ANGLE_UNIT() );
#3174 = UNCERTAINTY_MEASURE_WITH_UNIT(LENGTH_MEASURE(5.E-06),#3171,
  'distance_accuracy_value','confusion accuracy');
#3175 = CONTEXT_DEPENDENT_SHAPE_REPRESENTATION(#3176,#3178);
#3176 = ( REPRESENTATION_RELATIONSHIP('','',#3023,#10) 
REPRESENTATION_RELATIONSHIP_WITH_TRANSFORMATION(#3177) 
SHAPE_REPRESENTATION_RELATIONSHIP() );
#3177 = ITEM_DEFINED_TRANSFORMATION('','',#11,#87);
#3178 = PRODUCT_DEFINITION_SHAPE('Placement','Placement of an item',
  #3179);
#3179 = NEXT_ASSEMBLY_USAGE_OCCURRENCE('19','','',#5,#3018,$);
#3180 = PRODUCT_RELATED_PRODUCT_CATEGORY('part',$,(#3020));
#3181 = SHAPE_DEFINITION_REPRESENTATION(#3182,#3188);
#3182 = PRODUCT_DEFINITION_SHAPE('','',#3183);
#3183 = PRODUCT_DEFINITION('design','',#3184,#3187);
#3184 = PRODUCT_DEFINITION_FORMATION('','',#3185);
#3185 = PRODUCT('Open CASCADE STEP translator 7.8 1.20',
  'Open CASCADE STEP translator 7.8 1.20','',(#3186));
#3186 = PRODUCT_CONTEXT('',#2,'mechanical');
#3187 = PRODUCT_DEFINITION_CONTEXT('part definition',#2,'design');
#3188 = MANIFOLD_SURFACE_SHAPE_REPRESENTATION('',(#11,#3189),#3333);
#3189 = SHELL_BASED_SURFACE_MODEL('',(#3190));
#3190 = OPEN_SHELL('',(#3191));
#3191 = ADVANCED_FACE('',(#3192),#3206,.T.);
#3192 = FACE_BOUND('',#3193,.T.);
#3193 = EDGE_LOOP('',(#3194,#3217,#3273,#3289));
#3194 = ORIENTED_EDGE('',*,*,#3195,.F.);
#3195 = EDGE_CURVE('',#3196,#3198,#3200,.T.);
#3196 = VERTEX_POINT('',#3197);
#3197 = CARTESIAN_POINT('',(6.157636170893,10.7625,0.222099453484));
#3198 = VERTEX_POINT('',#3199);
#3199 = CARTESIAN_POINT('',(6.157636170893,10.7625,-0.108198657738));
#3200 = SURFACE_CURVE('',#3201,(#3205),.PCURVE_S1.);
#3201 = LINE('',#3202,#3203);
#3202 = CARTESIAN_POINT('',(6.157636170893,10.7625,0.));
#3203 = VECTOR('',#3204,1.);
#3204 = DIRECTION('',(0.,0.,-1.));
#3205 = PCURVE('',#3206,#3211);
#3206 = PLANE('',#3207);
#3207 = AXIS2_PLACEMENT_3D('',#3208,#3209,#3210);
#3208 = CARTESIAN_POINT('',(6.472648348172,10.640808383505,0.));
#3209 = DIRECTION('',(0.360353843812,0.932815687716,0.));
#3210 = DIRECTION('',(0.932815687716,-0.360353843812,0.));
#3211 = DEFINITIONAL_REPRESENTATION('',(#3212),#3216);
#3212 = LINE('',#3213,#3214);
#3213 = CARTESIAN_POINT('',(-0.337700342551,0.));
#3214 = VECTOR('',#3215,1.);
#3215 = DIRECTION('',(0.,1.));
#3216 = ( GEOMETRIC_REPRESENTATION_CONTEXT(2) 
PARAMETRIC_REPRESENTATION_CONTEXT() REPRESENTATION_CONTEXT('2D SPACE',''
  ) );
#3217 = ORIENTED_EDGE('',*,*,#3218,.T.);
#3218 = EDGE_CURVE('',#3196,#3219,#3221,.T.);
#3219 = VERTEX_POINT('',#3220);
#3220 = CARTESIAN_POINT('',(6.787660525451,10.51911676701,0.167247377031
    ));
#3221 = SURFACE_CURVE('',#3222,(#3246),.PCURVE_S1.);
#3222 = B_SPLINE_CURVE_WITH_KNOTS('',8,(#3223,#3224,#3225,#3226,#3227,
    #3228,#3229,#3230,#3231,#3232,#3233,#3234,#3235,#3236,#3237,#3238,
    #3239,#3240,#3241,#3242,#3243,#3244,#3245),.UNSPECIFIED.,.F.,.F.,(9,
    7,7,9),(0.,0.196714928744,0.811888861941,1.),.UNSPECIFIED.);
#3223 = CARTESIAN_POINT('',(6.157636170893,10.7625,0.222099453484));
#3224 = CARTESIAN_POINT('',(6.173155223296,10.756504871209,
    0.221535864361));
#3225 = CARTESIAN_POINT('',(6.188674561502,10.750509632011,
    0.220909474552));
#3226 = CARTESIAN_POINT('',(6.204193925449,10.744514382869,
    0.220223083052));
#3227 = CARTESIAN_POINT('',(6.219714086237,10.7385188259,0.219489693829)
  );
#3228 = CARTESIAN_POINT('',(6.23523474274,10.732523077434,0.218718992911
    ));
#3229 = CARTESIAN_POINT('',(6.250755137407,10.726527430116,
    0.217890940102));
#3230 = CARTESIAN_POINT('',(6.26627555265,10.72053177485,0.217019973151)
  );
#3231 = CARTESIAN_POINT('',(6.330331160194,10.695786603108,
    0.213228320449));
#3232 = CARTESIAN_POINT('',(6.378863615153,10.677038144088,0.20989363123
    ));
#3233 = CARTESIAN_POINT('',(6.427384347498,10.658294213604,
    0.206134220129));
#3234 = CARTESIAN_POINT('',(6.475881185661,10.639559513626,
    0.201985815439));
#3235 = CARTESIAN_POINT('',(6.524354688271,10.62083382835,0.197438705928
    ));
#3236 = CARTESIAN_POINT('',(6.572790194836,10.602122821237,
    0.192545214181));
#3237 = CARTESIAN_POINT('',(6.621185414817,10.58342737714,0.187301215433
    ));
#3238 = CARTESIAN_POINT('',(6.684315575014,10.559039712796,
    0.180023028949));
#3239 = CARTESIAN_POINT('',(6.699094645073,10.553330444851,
    0.178287707834));
#3240 = CARTESIAN_POINT('',(6.713868924457,10.547623027582,
    0.176521854931));
#3241 = CARTESIAN_POINT('',(6.728638195015,10.54191754526,0.174725854168
    ));
#3242 = CARTESIAN_POINT('',(6.74340223001,10.536214085476,0.172900070214
    ));
#3243 = CARTESIAN_POINT('',(6.758160794117,10.530512739138,
    0.171044848482));
#3244 = CARTESIAN_POINT('',(6.772913643429,10.524813600469,
    0.169160515122));
#3245 = CARTESIAN_POINT('',(6.787660525451,10.51911676701,0.167247377031
    ));
#3246 = PCURVE('',#3206,#3247);
#3247 = DEFINITIONAL_REPRESENTATION('',(#3248),#3272);
#3248 = B_SPLINE_CURVE_WITH_KNOTS('',8,(#3249,#3250,#3251,#3252,#3253,
    #3254,#3255,#3256,#3257,#3258,#3259,#3260,#3261,#3262,#3263,#3264,
    #3265,#3266,#3267,#3268,#3269,#3270,#3271),.UNSPECIFIED.,.F.,.F.,(9,
    7,7,9),(0.,0.196714928744,0.811888861941,1.),.UNSPECIFIED.);
#3249 = CARTESIAN_POINT('',(-0.337700342551,-0.222099453484));
#3250 = CARTESIAN_POINT('',(-0.321063559308,-0.221535864361));
#3251 = CARTESIAN_POINT('',(-0.304426469676,-0.220909474552));
#3252 = CARTESIAN_POINT('',(-0.28778935245,-0.220223083052));
#3253 = CARTESIAN_POINT('',(-0.271151380992,-0.219489693829));
#3254 = CARTESIAN_POINT('',(-0.254512878115,-0.218718992911));
#3255 = CARTESIAN_POINT('',(-0.237874655934,-0.217890940102));
#3256 = CARTESIAN_POINT('',(-0.221236411694,-0.217019973151));
#3257 = CARTESIAN_POINT('',(-0.152567318338,-0.213228320449));
#3258 = CARTESIAN_POINT('',(-0.100539403715,-0.20989363123));
#3259 = CARTESIAN_POINT('',(-4.852405600641E-02,-0.206134220129));
#3260 = CARTESIAN_POINT('',(3.465676586252E-03,-0.201985815439));
#3261 = CARTESIAN_POINT('',(5.54303929266E-02,-0.197438705928));
#3262 = CARTESIAN_POINT('',(0.107354376628,-0.192545214181));
#3263 = CARTESIAN_POINT('',(0.159235172178,-0.187301215433));
#3264 = CARTESIAN_POINT('',(0.226912164567,-0.180023028949));
#3265 = CARTESIAN_POINT('',(0.242755669617,-0.178287707834));
#3266 = CARTESIAN_POINT('',(0.258594038953,-0.176521854931));
#3267 = CARTESIAN_POINT('',(0.274427038711,-0.174725854168));
#3268 = CARTESIAN_POINT('',(0.290254425824,-0.172900070214));
#3269 = CARTESIAN_POINT('',(0.306075948019,-0.171044848482));
#3270 = CARTESIAN_POINT('',(0.321891343821,-0.169160515122));
#3271 = CARTESIAN_POINT('',(0.337700342551,-0.167247377031));
#3272 = ( GEOMETRIC_REPRESENTATION_CONTEXT(2) 
PARAMETRIC_REPRESENTATION_CONTEXT() REPRESENTATION_CONTEXT('2D SPACE',''
  ) );
#3273 = ORIENTED_EDGE('',*,*,#3274,.T.);
#3274 = EDGE_CURVE('',#3219,#3275,#3277,.T.);
#3275 = VERTEX_POINT('',#3276);
#3276 = CARTESIAN_POINT('',(6.787660525451,10.51911676701,
    -7.090843438097E-02));
#3277 = SURFACE_CURVE('',#3278,(#3282),.PCURVE_S1.);
#3278 = LINE('',#3279,#3280);
#3279 = CARTESIAN_POINT('',(6.787660525451,10.51911676701,0.));
#3280 = VECTOR('',#3281,1.);
#3281 = DIRECTION('',(0.,0.,-1.));
#3282 = PCURVE('',#3206,#3283);
#3283 = DEFINITIONAL_REPRESENTATION('',(#3284),#3288);
#3284 = LINE('',#3285,#3286);
#3285 = CARTESIAN_POINT('',(0.337700342551,0.));
#3286 = VECTOR('',#3287,1.);
#3287 = DIRECTION('',(0.,1.));
#3288 = ( GEOMETRIC_REPRESENTATION_CONTEXT(2) 
PARAMETRIC_REPRESENTATION_CONTEXT() REPRESENTATION_CONTEXT('2D SPACE',''
  ) );
#3289 = ORIENTED_EDGE('',*,*,#3290,.F.);
#3290 = EDGE_CURVE('',#3198,#3275,#3291,.T.);
#3291 = SURFACE_CURVE('',#3292,(#3311),.PCURVE_S1.);
#3292 = B_SPLINE_CURVE_WITH_KNOTS('',5,(#3293,#3294,#3295,#3296,#3297,
    #3298,#3299,#3300,#3301,#3302,#3303,#3304,#3305,#3306,#3307,#3308,
    #3309,#3310),.UNSPECIFIED.,.F.,.F.,(6,4,4,4,6),(0.,0.115729819415,
    0.300368680434,0.643116674858,1.),.UNSPECIFIED.);
#3293 = CARTESIAN_POINT('',(6.157636170893,10.7625,-0.108198657738));
#3294 = CARTESIAN_POINT('',(6.172205258451,10.756871849904,
    -0.107599963862));
#3295 = CARTESIAN_POINT('',(6.186778471722,10.751242106014,
    -0.106986610301));
#3296 = CARTESIAN_POINT('',(6.201355181545,10.745611011378,
    -0.10635575154));
#3297 = CARTESIAN_POINT('',(6.215934068325,10.739979075768,
    -0.105696342525));
#3298 = CARTESIAN_POINT('',(6.253777995019,10.725359677071,
    -0.103929133569));
#3299 = CARTESIAN_POINT('',(6.277046182243,10.716370998155,
    -0.102785822417));
#3300 = CARTESIAN_POINT('',(6.300317570688,10.707381082583,
    -0.101596414947));
#3301 = CARTESIAN_POINT('',(6.323591160469,10.698390316618,
    -0.100365083268));
#3302 = CARTESIAN_POINT('',(6.390073213029,10.672707790584,
    -9.673271312514E-02));
#3303 = CARTESIAN_POINT('',(6.433286060258,10.656014336769,
    -9.423313488288E-02));
#3304 = CARTESIAN_POINT('',(6.476499829788,10.639320526662,
    -9.161956198317E-02));
#3305 = CARTESIAN_POINT('',(6.519709416328,10.622628332476,
    -8.89124738211E-02));
#3306 = CARTESIAN_POINT('',(6.607892324947,10.588562599557,
    -8.322401516639E-02));
#3307 = CARTESIAN_POINT('',(6.652864653902,10.571189444477,
    -8.023642440603E-02));
#3308 = CARTESIAN_POINT('',(6.697821561593,10.553822246749,
    -7.717987455691E-02));
#3309 = CARTESIAN_POINT('',(6.742756235783,10.536463637993,
    -7.406746050038E-02));
#3310 = CARTESIAN_POINT('',(6.787660525451,10.51911676701,
    -7.090843438097E-02));
#3311 = PCURVE('',#3206,#3312);
#3312 = DEFINITIONAL_REPRESENTATION('',(#3313),#3332);
#3313 = B_SPLINE_CURVE_WITH_KNOTS('',5,(#3314,#3315,#3316,#3317,#3318,
    #3319,#3320,#3321,#3322,#3323,#3324,#3325,#3326,#3327,#3328,#3329,
    #3330,#3331),.UNSPECIFIED.,.F.,.F.,(6,4,4,4,6),(0.,0.115729819415,
    0.300368680434,0.643116674858,1.),.UNSPECIFIED.);
#3314 = CARTESIAN_POINT('',(-0.337700342551,0.108198657738));
#3315 = CARTESIAN_POINT('',(-0.322081943601,0.107599963862));
#3316 = CARTESIAN_POINT('',(-0.306459121791,0.106986610301));
#3317 = CARTESIAN_POINT('',(-0.290832551596,0.10635575154));
#3318 = CARTESIAN_POINT('',(-0.275203647653,0.105696342525));
#3319 = CARTESIAN_POINT('',(-0.234634082633,0.103929133569));
#3320 = CARTESIAN_POINT('',(-0.209690047568,0.102785822417));
#3321 = CARTESIAN_POINT('',(-0.18474258072,0.101596414947));
#3322 = CARTESIAN_POINT('',(-0.159792753988,0.100365083268));
#3323 = CARTESIAN_POINT('',(-8.852245543279E-02,9.673271312514E-02));
#3324 = CARTESIAN_POINT('',(-4.219728337844E-02,9.423313488288E-02));
#3325 = CARTESIAN_POINT('',(4.128877404307E-03,9.161956198317E-02));
#3326 = CARTESIAN_POINT('',(5.045055392522E-02,8.89124738211E-02));
#3327 = CARTESIAN_POINT('',(0.144984672274,8.322401516639E-02));
#3328 = CARTESIAN_POINT('',(0.193196049448,8.023642440603E-02));
#3329 = CARTESIAN_POINT('',(0.241390894671,7.717987455691E-02));
#3330 = CARTESIAN_POINT('',(0.289561905066,7.406746050038E-02));
#3331 = CARTESIAN_POINT('',(0.337700342551,7.090843438097E-02));
#3332 = ( GEOMETRIC_REPRESENTATION_CONTEXT(2) 
PARAMETRIC_REPRESENTATION_CONTEXT() REPRESENTATION_CONTEXT('2D SPACE',''
  ) );
#3333 = ( GEOMETRIC_REPRESENTATION_CONTEXT(3) 
GLOBAL_UNCERTAINTY_ASSIGNED_CONTEXT((#3337)) 
GLOBAL_UNIT_ASSIGNED_CONTEXT((#3334,#3335,#3336)) REPRESENTATION_CONTEXT
('Context #1','3D Context with UNIT and UNCERTAINTY') );
#3334 = ( LENGTH_UNIT() NAMED_UNIT(*) SI_UNIT(.MILLI.,.METRE.) );
#3335 = ( NAMED_UNIT(*) PLANE_ANGLE_UNIT() SI_UNIT($,.RADIAN.) );
#3336 = ( NAMED_UNIT(*) SI_UNIT($,.STERADIAN.) SOLID_ANGLE_UNIT() );
#3337 = UNCERTAINTY_MEASURE_WITH_UNIT(LENGTH_MEASURE(5.E-06),#3334,
  'distance_accuracy_value','confusion accuracy');
#3338 = CONTEXT_DEPENDENT_SHAPE_REPRESENTATION(#3339,#3341);
#3339 = ( REPRESENTATION_RELATIONSHIP('','',#3188,#10) 
REPRESENTATION_RELATIONSHIP_WITH_TRANSFORMATION(#3340) 
SHAPE_REPRESENTATION_RELATIONSHIP() );
#3340 = ITEM_DEFINED_TRANSFORMATION('','',#11,#91);
#3341 = PRODUCT_DEFINITION_SHAPE('Placement','Placement of an item',
  #3342);
#3342 = NEXT_ASSEMBLY_USAGE_OCCURRENCE('20','','',#5,#3183,$);
#3343 = PRODUCT_RELATED_PRODUCT_CATEGORY('part',$,(#3185));
#3344 = SHAPE_DEFINITION_REPRESENTATION(#3345,#3351);
#3345 = PRODUCT_DEFINITION_SHAPE('','',#3346);
#3346 = PRODUCT_DEFINITION('design','',#3347,#3350);
#3347 = PRODUCT_DEFINITION_FORMATION('','',#3348);
#3348 = PRODUCT('Open CASCADE STEP translator 7.8 1.21',
  'Open CASCADE STEP translator 7.8 1.21','',(#3349));
#3349 = PRODUCT_CONTEXT('',#2,'mechanical');
#3350 = PRODUCT_DEFINITION_CONTEXT('part definition',#2,'design');
#3351 = MANIFOLD_SURFACE_SHAPE_REPRESENTATION('',(#11,#3352),#3434);
#3352 = SHELL_BASED_SURFACE_MODEL('',(#3353));
#3353 = OPEN_SHELL('',(#3354));
#3354 = ADVANCED_FACE('',(#3355),#3369,.T.);
#3355 = FACE_BOUND('',#3356,.T.);
#3356 = EDGE_LOOP('',(#3357,#3380,#3400,#3416));
#3357 = ORIENTED_EDGE('',*,*,#3358,.F.);
#3358 = EDGE_CURVE('',#3359,#3361,#3363,.T.);
#3359 = VERTEX_POINT('',#3360);
#3360 = CARTESIAN_POINT('',(6.157636170893,10.7625,0.222099453484));
#3361 = VERTEX_POINT('',#3362);
#3362 = CARTESIAN_POINT('',(6.157636170893,10.7625,-0.108198657738));
#3363 = SURFACE_CURVE('',#3364,(#3368),.PCURVE_S1.);
#3364 = LINE('',#3365,#3366);
#3365 = CARTESIAN_POINT('',(6.157636170893,10.7625,0.));
#3366 = VECTOR('',#3367,1.);
#3367 = DIRECTION('',(0.,0.,-1.));
#3368 = PCURVE('',#3369,#3374);
#3369 = PLANE('',#3370);
#3370 = AXIS2_PLACEMENT_3D('',#3371,#3372,#3373);
#3371 = CARTESIAN_POINT('',(6.831260149801,12.50625,0.));
#3372 = DIRECTION('',(-0.932815687716,0.360353843812,0.));
#3373 = DIRECTION('',(0.360353843812,0.932815687716,0.));
#3374 = DEFINITIONAL_REPRESENTATION('',(#3375),#3379);
#3375 = LINE('',#3376,#3377);
#3376 = CARTESIAN_POINT('',(-1.869340345539,0.));
#3377 = VECTOR('',#3378,1.);
#3378 = DIRECTION('',(0.,1.));
#3379 = ( GEOMETRIC_REPRESENTATION_CONTEXT(2) 
PARAMETRIC_REPRESENTATION_CONTEXT() REPRESENTATION_CONTEXT('2D SPACE',''
  ) );
#3380 = ORIENTED_EDGE('',*,*,#3381,.T.);
#3381 = EDGE_CURVE('',#3359,#3382,#3384,.T.);
#3382 = VERTEX_POINT('',#3383);
#3383 = CARTESIAN_POINT('',(7.504884128709,14.25,0.167695812113));
#3384 = SURFACE_CURVE('',#3385,(#3391),.PCURVE_S1.);
#3385 = B_SPLINE_CURVE_WITH_KNOTS('',4,(#3386,#3387,#3388,#3389,#3390),
  .UNSPECIFIED.,.F.,.F.,(5,5),(0.,1.),.PIECEWISE_BEZIER_KNOTS.);
#3386 = CARTESIAN_POINT('',(6.157636170893,10.7625,0.222099453484));
#3387 = CARTESIAN_POINT('',(6.494448160347,11.634375,0.208498543141));
#3388 = CARTESIAN_POINT('',(6.831260149801,12.50625,0.194897632798));
#3389 = CARTESIAN_POINT('',(7.168072139255,13.378125,0.181296722456));
#3390 = CARTESIAN_POINT('',(7.504884128709,14.25,0.167695812113));
#3391 = PCURVE('',#3369,#3392);
#3392 = DEFINITIONAL_REPRESENTATION('',(#3393),#3399);
#3393 = B_SPLINE_CURVE_WITH_KNOTS('',4,(#3394,#3395,#3396,#3397,#3398),
  .UNSPECIFIED.,.F.,.F.,(5,5),(0.,1.),.PIECEWISE_BEZIER_KNOTS.);
#3394 = CARTESIAN_POINT('',(-1.869340345539,-0.222099453484));
#3395 = CARTESIAN_POINT('',(-0.934670172769,-0.208498543141));
#3396 = CARTESIAN_POINT('',(2.442490654175E-15,-0.194897632798));
#3397 = CARTESIAN_POINT('',(0.934670172769,-0.181296722456));
#3398 = CARTESIAN_POINT('',(1.869340345539,-0.167695812113));
#3399 = ( GEOMETRIC_REPRESENTATION_CONTEXT(2) 
PARAMETRIC_REPRESENTATION_CONTEXT() REPRESENTATION_CONTEXT('2D SPACE',''
  ) );
#3400 = ORIENTED_EDGE('',*,*,#3401,.T.);
#3401 = EDGE_CURVE('',#3382,#3402,#3404,.T.);
#3402 = VERTEX_POINT('',#3403);
#3403 = CARTESIAN_POINT('',(7.504884128709,14.25,-8.169521128619E-02));
#3404 = SURFACE_CURVE('',#3405,(#3409),.PCURVE_S1.);
#3405 = LINE('',#3406,#3407);
#3406 = CARTESIAN_POINT('',(7.504884128709,14.25,0.));
#3407 = VECTOR('',#3408,1.);
#3408 = DIRECTION('',(0.,0.,-1.));
#3409 = PCURVE('',#3369,#3410);
#3410 = DEFINITIONAL_REPRESENTATION('',(#3411),#3415);
#3411 = LINE('',#3412,#3413);
#3412 = CARTESIAN_POINT('',(1.869340345539,0.));
#3413 = VECTOR('',#3414,1.);
#3414 = DIRECTION('',(0.,1.));
#3415 = ( GEOMETRIC_REPRESENTATION_CONTEXT(2) 
PARAMETRIC_REPRESENTATION_CONTEXT() REPRESENTATION_CONTEXT('2D SPACE',''
  ) );
#3416 = ORIENTED_EDGE('',*,*,#3417,.F.);
#3417 = EDGE_CURVE('',#3361,#3402,#3418,.T.);
#3418 = SURFACE_CURVE('',#3419,(#3425),.PCURVE_S1.);
#3419 = B_SPLINE_CURVE_WITH_KNOTS('',4,(#3420,#3421,#3422,#3423,#3424),
  .UNSPECIFIED.,.F.,.F.,(5,5),(0.,1.),.PIECEWISE_BEZIER_KNOTS.);
#3420 = CARTESIAN_POINT('',(6.157636170893,10.7625,-0.108198657738));
#3421 = CARTESIAN_POINT('',(6.494448160347,11.634375,-0.101572796125));
#3422 = CARTESIAN_POINT('',(6.831260149801,12.50625,-9.494693451227E-02)
  );
#3423 = CARTESIAN_POINT('',(7.168072139255,13.378125,-8.832107289923E-02
    ));
#3424 = CARTESIAN_POINT('',(7.504884128709,14.25,-8.169521128619E-02));
#3425 = PCURVE('',#3369,#3426);
#3426 = DEFINITIONAL_REPRESENTATION('',(#3427),#3433);
#3427 = B_SPLINE_CURVE_WITH_KNOTS('',4,(#3428,#3429,#3430,#3431,#3432),
  .UNSPECIFIED.,.F.,.F.,(5,5),(0.,1.),.PIECEWISE_BEZIER_KNOTS.);
#3428 = CARTESIAN_POINT('',(-1.869340345539,0.108198657738));
#3429 = CARTESIAN_POINT('',(-0.934670172769,0.101572796125));
#3430 = CARTESIAN_POINT('',(-5.773159728051E-15,9.494693451227E-02));
#3431 = CARTESIAN_POINT('',(0.934670172769,8.832107289923E-02));
#3432 = CARTESIAN_POINT('',(1.869340345539,8.169521128619E-02));
#3433 = ( GEOMETRIC_REPRESENTATION_CONTEXT(2) 
PARAMETRIC_REPRESENTATION_CONTEXT() REPRESENTATION_CONTEXT('2D SPACE',''
  ) );
#3434 = ( GEOMETRIC_REPRESENTATION_CONTEXT(3) 
GLOBAL_UNCERTAINTY_ASSIGNED_CONTEXT((#3438)) 
GLOBAL_UNIT_ASSIGNED_CONTEXT((#3435,#3436,#3437)) REPRESENTATION_CONTEXT
('Context #1','3D Context with UNIT and UNCERTAINTY') );
#3435 = ( LENGTH_UNIT() NAMED_UNIT(*) SI_UNIT(.MILLI.,.METRE.) );
#3436 = ( NAMED_UNIT(*) PLANE_ANGLE_UNIT() SI_UNIT($,.RADIAN.) );
#3437 = ( NAMED_UNIT(*) SI_UNIT($,.STERADIAN.) SOLID_ANGLE_UNIT() );
#3438 = UNCERTAINTY_MEASURE_WITH_UNIT(LENGTH_MEASURE(5.E-06),#3435,
  'distance_accuracy_value','confusion accuracy');
#3439 = CONTEXT_DEPENDENT_SHAPE_REPRESENTATION(#3440,#3442);
#3440 = ( REPRESENTATION_RELATIONSHIP('','',#3351,#10) 
REPRESENTATION_RELATIONSHIP_WITH_TRANSFORMATION(#3441) 
SHAPE_REPRESENTATION_RELATIONSHIP() );
#3441 = ITEM_DEFINED_TRANSFORMATION('','',#11,#95);
#3442 = PRODUCT_DEFINITION_SHAPE('Placement','Placement of an item',
  #3443);
#3443 = NEXT_ASSEMBLY_USAGE_OCCURRENCE('21','','',#5,#3346,$);
#3444 = PRODUCT_RELATED_PRODUCT_CATEGORY('part',$,(#3348));
#3445 = SHAPE_DEFINITION_REPRESENTATION(#3446,#3452);
#3446 = PRODUCT_DEFINITION_SHAPE('','',#3447);
#3447 = PRODUCT_DEFINITION('design','',#3448,#3451);
#3448 = PRODUCT_DEFINITION_FORMATION('','',#3449);
#3449 = PRODUCT('Open CASCADE STEP translator 7.8 1.22',
  'Open CASCADE STEP translator 7.8 1.22','',(#3450));
#3450 = PRODUCT_CONTEXT('',#2,'mechanical');
#3451 = PRODUCT_DEFINITION_CONTEXT('part definition',#2,'design');
#3452 = MANIFOLD_SURFACE_SHAPE_REPRESENTATION('',(#11,#3453),#3619);
#3453 = SHELL_BASED_SURFACE_MODEL('',(#3454));
#3454 = OPEN_SHELL('',(#3455));
#3455 = ADVANCED_FACE('',(#3456),#3470,.T.);
#3456 = FACE_BOUND('',#3457,.T.);
#3457 = EDGE_LOOP('',(#3458,#3481,#3535,#3551));
#3458 = ORIENTED_EDGE('',*,*,#3459,.F.);
#3459 = EDGE_CURVE('',#3460,#3462,#3464,.T.);
#3460 = VERTEX_POINT('',#3461);
#3461 = CARTESIAN_POINT('',(7.504884128709,14.25,0.167695812113));
#3462 = VERTEX_POINT('',#3463);
#3463 = CARTESIAN_POINT('',(7.504884128709,14.25,-8.169521128619E-02));
#3464 = SURFACE_CURVE('',#3465,(#3469),.PCURVE_S1.);
#3465 = LINE('',#3466,#3467);
#3466 = CARTESIAN_POINT('',(7.504884128709,14.25,0.));
#3467 = VECTOR('',#3468,1.);
#3468 = DIRECTION('',(-0.,0.,-1.));
#3469 = PCURVE('',#3470,#3475);
#3470 = PLANE('',#3471);
#3471 = AXIS2_PLACEMENT_3D('',#3472,#3473,#3474);
#3472 = CARTESIAN_POINT('',(7.36953452438,14.555749608095,0.));
#3473 = DIRECTION('',(-0.914408944968,-0.404791651795,0.));
#3474 = DIRECTION('',(-0.404791651795,0.914408944968,0.));
#3475 = DEFINITIONAL_REPRESENTATION('',(#3476),#3480);
#3476 = LINE('',#3477,#3478);
#3477 = CARTESIAN_POINT('',(-0.334368566468,0.));
#3478 = VECTOR('',#3479,1.);
#3479 = DIRECTION('',(0.,1.));
#3480 = ( GEOMETRIC_REPRESENTATION_CONTEXT(2) 
PARAMETRIC_REPRESENTATION_CONTEXT() REPRESENTATION_CONTEXT('2D SPACE',''
  ) );
#3481 = ORIENTED_EDGE('',*,*,#3482,.F.);
#3482 = EDGE_CURVE('',#3483,#3460,#3485,.T.);
#3483 = VERTEX_POINT('',#3484);
#3484 = CARTESIAN_POINT('',(7.23418492005,14.861499216189,0.133976455034
    ));
#3485 = SURFACE_CURVE('',#3486,(#3509),.PCURVE_S1.);
#3486 = B_SPLINE_CURVE_WITH_KNOTS('',6,(#3487,#3488,#3489,#3490,#3491,
    #3492,#3493,#3494,#3495,#3496,#3497,#3498,#3499,#3500,#3501,#3502,
    #3503,#3504,#3505,#3506,#3507,#3508),.UNSPECIFIED.,.F.,.F.,(7,5,5,5,
    7),(0.,0.451031341234,0.714727477874,0.851619011403,1.),
  .UNSPECIFIED.);
#3487 = CARTESIAN_POINT('',(7.23418492005,14.861499216189,0.133976455034
    ));
#3488 = CARTESIAN_POINT('',(7.253967141822,14.816811929634,
    0.140831032624));
#3489 = CARTESIAN_POINT('',(7.273960714103,14.771647210314,
    0.146597557902));
#3490 = CARTESIAN_POINT('',(7.294096708529,14.726160764789,0.15145016434
    ));
#3491 = CARTESIAN_POINT('',(7.314337091725,14.680438509001,
    0.155486289341));
#3492 = CARTESIAN_POINT('',(7.334656323696,14.63453813683,0.158789997472
    ));
#3493 = CARTESIAN_POINT('',(7.366961664153,14.561561601485,
    0.162965456967));
#3494 = CARTESIAN_POINT('',(7.378902509429,14.534587686183,
    0.164276962608));
#3495 = CARTESIAN_POINT('',(7.390861741557,14.507572235682,
    0.165373444884));
#3496 = CARTESIAN_POINT('',(7.402837201496,14.480520127171,
    0.166263511566));
#3497 = CARTESIAN_POINT('',(7.414825869829,14.453438181401,
    0.166959541632));
#3498 = CARTESIAN_POINT('',(7.433055963509,14.412257093169,
    0.167732728773));
#3499 = CARTESIAN_POINT('',(7.43928885315,14.39817723254,0.167946615544)
  );
#3500 = CARTESIAN_POINT('',(7.445524632772,14.384090843555,
    0.168111429932));
#3501 = CARTESIAN_POINT('',(7.451763216776,14.369998119578,
    0.168228295611));
#3502 = CARTESIAN_POINT('',(7.458004474287,14.35589935625,0.168298278942
    ));
#3503 = CARTESIAN_POINT('',(7.471015511966,14.326507917014,0.16834868638
    ));
#3504 = CARTESIAN_POINT('',(7.477785668258,14.311214391455,
    0.168320804826));
#3505 = CARTESIAN_POINT('',(7.484558052652,14.295915832701,
    0.168241475869));
#3506 = CARTESIAN_POINT('',(7.491332085941,14.280613549155,
    0.168109248367));
#3507 = CARTESIAN_POINT('',(7.498107382975,14.265308410857,
    0.167924573654));
#3508 = CARTESIAN_POINT('',(7.504884128709,14.25,0.167695812113));
#3509 = PCURVE('',#3470,#3510);
#3510 = DEFINITIONAL_REPRESENTATION('',(#3511),#3534);
#3511 = B_SPLINE_CURVE_WITH_KNOTS('',6,(#3512,#3513,#3514,#3515,#3516,
    #3517,#3518,#3519,#3520,#3521,#3522,#3523,#3524,#3525,#3526,#3527,
    #3528,#3529,#3530,#3531,#3532,#3533),.UNSPECIFIED.,.F.,.F.,(7,5,5,5,
    7),(0.,0.451031341234,0.714727477874,0.851619011403,1.),
  .UNSPECIFIED.);
#3512 = CARTESIAN_POINT('',(0.334368566468,-0.133976455034));
#3513 = CARTESIAN_POINT('',(0.285498433689,-0.140831032624));
#3514 = CARTESIAN_POINT('',(0.236106179197,-0.146597557902));
#3515 = CARTESIAN_POINT('',(0.18636208409,-0.15145016434));
#3516 = CARTESIAN_POINT('',(0.136360106266,-0.155486289341));
#3517 = CARTESIAN_POINT('',(8.61633399028E-02,-0.158789997472));
#3518 = CARTESIAN_POINT('',(6.356011085385E-03,-0.162965456967));
#3519 = CARTESIAN_POINT('',(-2.314273283089E-02,-0.164276962608));
#3520 = CARTESIAN_POINT('',(-5.268689974828E-02,-0.165373444884));
#3521 = CARTESIAN_POINT('',(-8.227115596081E-02,-0.166263511566));
#3522 = CARTESIAN_POINT('',(-0.111888042277,-0.166959541632));
#3523 = CARTESIAN_POINT('',(-0.156923787454,-0.167732728773));
#3524 = CARTESIAN_POINT('',(-0.17232155965,-0.167946615544));
#3525 = CARTESIAN_POINT('',(-0.187726471273,-0.168111429932));
#3526 = CARTESIAN_POINT('',(-0.203138310861,-0.168228295611));
#3527 = CARTESIAN_POINT('',(-0.218556755098,-0.168298278942));
#3528 = CARTESIAN_POINT('',(-0.250699309474,-0.16834868638));
#3529 = CARTESIAN_POINT('',(-0.267424348795,-0.168320804826));
#3530 = CARTESIAN_POINT('',(-0.284154892429,-0.168241475869));
#3531 = CARTESIAN_POINT('',(-0.300889509507,-0.168109248367));
#3532 = CARTESIAN_POINT('',(-0.317627248548,-0.167924573654));
#3533 = CARTESIAN_POINT('',(-0.334368566468,-0.167695812113));
#3534 = ( GEOMETRIC_REPRESENTATION_CONTEXT(2) 
PARAMETRIC_REPRESENTATION_CONTEXT() REPRESENTATION_CONTEXT('2D SPACE',''
  ) );
#3535 = ORIENTED_EDGE('',*,*,#3536,.T.);
#3536 = EDGE_CURVE('',#3483,#3537,#3539,.T.);
#3537 = VERTEX_POINT('',#3538);
#3538 = CARTESIAN_POINT('',(7.23418492005,14.861499216189,
    -8.317800196661E-02));
#3539 = SURFACE_CURVE('',#3540,(#3544),.PCURVE_S1.);
#3540 = LINE('',#3541,#3542);
#3541 = CARTESIAN_POINT('',(7.23418492005,14.861499216189,0.));
#3542 = VECTOR('',#3543,1.);
#3543 = DIRECTION('',(-0.,0.,-1.));
#3544 = PCURVE('',#3470,#3545);
#3545 = DEFINITIONAL_REPRESENTATION('',(#3546),#3550);
#3546 = LINE('',#3547,#3548);
#3547 = CARTESIAN_POINT('',(0.334368566468,0.));
#3548 = VECTOR('',#3549,1.);
#3549 = DIRECTION('',(0.,1.));
#3550 = ( GEOMETRIC_REPRESENTATION_CONTEXT(2) 
PARAMETRIC_REPRESENTATION_CONTEXT() REPRESENTATION_CONTEXT('2D SPACE',''
  ) );
#3551 = ORIENTED_EDGE('',*,*,#3552,.T.);
#3552 = EDGE_CURVE('',#3537,#3462,#3553,.T.);
#3553 = SURFACE_CURVE('',#3554,(#3585),.PCURVE_S1.);
#3554 = B_SPLINE_CURVE_WITH_KNOTS('',8,(#3555,#3556,#3557,#3558,#3559,
    #3560,#3561,#3562,#3563,#3564,#3565,#3566,#3567,#3568,#3569,#3570,
    #3571,#3572,#3573,#3574,#3575,#3576,#3577,#3578,#3579,#3580,#3581,
    #3582,#3583,#3584),.UNSPECIFIED.,.F.,.F.,(9,7,7,7,9),(0.,
    5.617654062034E-02,0.544866516213,0.832590607434,1.),.UNSPECIFIED.);
#3555 = CARTESIAN_POINT('',(7.23418492005,14.861499216189,
    -8.317800196661E-02));
#3556 = CARTESIAN_POINT('',(7.236041621465,14.857304998314,
    -8.337060452829E-02));
#3557 = CARTESIAN_POINT('',(7.237899659788,14.853107760415,
    -8.35569528016E-02));
#3558 = CARTESIAN_POINT('',(7.23975965465,14.848906102766,
    -8.373727282418E-02));
#3559 = CARTESIAN_POINT('',(7.241620188409,14.84470322777,
    -8.391155354597E-02));
#3560 = CARTESIAN_POINT('',(7.243482946589,14.840495327894,
    -8.408012461686E-02));
#3561 = CARTESIAN_POINT('',(7.245346451766,14.836285740578,
    -8.424295831802E-02));
#3562 = CARTESIAN_POINT('',(7.247211449636,14.832072781325,
    -8.440026672504E-02));
#3563 = CARTESIAN_POINT('',(7.265311990551,14.791184347862,
    -8.587333780787E-02));
#3564 = CARTESIAN_POINT('',(7.281638553113,14.754303264021,
    -8.678383912881E-02));
#3565 = CARTESIAN_POINT('',(7.298036012478,14.717262027002,
    -8.736474074206E-02));
#3566 = CARTESIAN_POINT('',(7.314489336156,14.680094594621,
    -8.767392799063E-02));
#3567 = CARTESIAN_POINT('',(7.330987802418,14.642825186863,
    -8.775565259256E-02));
#3568 = CARTESIAN_POINT('',(7.347523731014,14.605471153118,
    -8.764655282622E-02));
#3569 = CARTESIAN_POINT('',(7.364091918661,14.568044247402,
    -8.737811861365E-02));
#3570 = CARTESIAN_POINT('',(7.390462036975,14.508475153129,
    -8.673861307161E-02));
#3571 = CARTESIAN_POINT('',(7.400244058474,14.486377938626,
    -8.645523936061E-02));
#3572 = CARTESIAN_POINT('',(7.410034702953,14.46426124514,
    -8.613055771974E-02));
#3573 = CARTESIAN_POINT('',(7.419833523072,14.442126083194,
    -8.576954722905E-02));
#3574 = CARTESIAN_POINT('',(7.429640034211,14.419973547527,
    -8.537663822004E-02));
#3575 = CARTESIAN_POINT('',(7.439453435328,14.397805447659,
    -8.495556893817E-02));
#3576 = CARTESIAN_POINT('',(7.44927278147,14.375623918209,
    -8.450954934542E-02));
#3577 = CARTESIAN_POINT('',(7.464814085181,14.340516704248,
    -8.376953724356E-02));
#3578 = CARTESIAN_POINT('',(7.470532446558,14.327599143397,
    -8.349003153132E-02));
#3579 = CARTESIAN_POINT('',(7.476252734151,14.314677231298,
    -8.320387645716E-02));
#3580 = CARTESIAN_POINT('',(7.481974970388,14.301750917287,
    -8.291157260072E-02));
#3581 = CARTESIAN_POINT('',(7.487699221941,14.288820050753,
    -8.26141878951E-02));
#3582 = CARTESIAN_POINT('',(7.493425570345,14.275884447513,
    -8.231298516626E-02));
#3583 = CARTESIAN_POINT('',(7.499153989306,14.262944166961,
    -8.200794890711E-02));
#3584 = CARTESIAN_POINT('',(7.504884128709,14.25,-8.169521128619E-02));
#3585 = PCURVE('',#3470,#3586);
#3586 = DEFINITIONAL_REPRESENTATION('',(#3587),#3618);
#3587 = B_SPLINE_CURVE_WITH_KNOTS('',8,(#3588,#3589,#3590,#3591,#3592,
    #3593,#3594,#3595,#3596,#3597,#3598,#3599,#3600,#3601,#3602,#3603,
    #3604,#3605,#3606,#3607,#3608,#3609,#3610,#3611,#3612,#3613,#3614,
    #3615,#3616,#3617),.UNSPECIFIED.,.F.,.F.,(9,7,7,7,9),(0.,
    5.617654062034E-02,0.544866516213,0.832590607434,1.),.UNSPECIFIED.);
#3588 = CARTESIAN_POINT('',(0.334368566468,8.317800196661E-02));
#3589 = CARTESIAN_POINT('',(0.329781758893,8.337060452829E-02));
#3590 = CARTESIAN_POINT('',(0.325191648613,8.35569528016E-02));
#3591 = CARTESIAN_POINT('',(0.320596704882,8.373727282418E-02));
#3592 = CARTESIAN_POINT('',(0.316000429858,8.391155354597E-02));
#3593 = CARTESIAN_POINT('',(0.311398659611,8.408012461686E-02));
#3594 = CARTESIAN_POINT('',(0.306795043976,8.424295831802E-02));
#3595 = CARTESIAN_POINT('',(0.302187740781,8.440026672504E-02));
#3596 = CARTESIAN_POINT('',(0.257472043622,8.587333780787E-02));
#3597 = CARTESIAN_POINT('',(0.21713879443,8.678383912881E-02));
#3598 = CARTESIAN_POINT('',(0.176630401306,8.736474074206E-02));
#3599 = CARTESIAN_POINT('',(0.135984000606,8.767392799063E-02));
#3600 = CARTESIAN_POINT('',(9.522607936779E-02,8.775565259256E-02));
#3601 = CARTESIAN_POINT('',(5.437561093055E-02,8.764655282622E-02));
#3602 = CARTESIAN_POINT('',(1.344544951646E-02,8.737811861365E-02));
#3603 = CARTESIAN_POINT('',(-5.169946688053E-02,8.673861307161E-02));
#3604 = CARTESIAN_POINT('',(-7.586503812185E-02,8.645523936061E-02));
#3605 = CARTESIAN_POINT('',(-0.100051911629,8.613055771974E-02));
#3606 = CARTESIAN_POINT('',(-0.124258982292,8.576954722905E-02));
#3607 = CARTESIAN_POINT('',(-0.148485052902,8.537663822004E-02));
#3608 = CARTESIAN_POINT('',(-0.172728144562,8.495556893817E-02));
#3609 = CARTESIAN_POINT('',(-0.196985922848,8.450954934542E-02));
#3610 = CARTESIAN_POINT('',(-0.235379263328,8.376953724356E-02));
#3611 = CARTESIAN_POINT('',(-0.249505941465,8.349003153132E-02));
#3612 = CARTESIAN_POINT('',(-0.263637378138,8.320387645716E-02));
#3613 = CARTESIAN_POINT('',(-0.277773628753,8.291157260072E-02));
#3614 = CARTESIAN_POINT('',(-0.291914858019,8.26141878951E-02));
#3615 = CARTESIAN_POINT('',(-0.306061267359,8.231298516626E-02));
#3616 = CARTESIAN_POINT('',(-0.32021279182,8.200794890711E-02));
#3617 = CARTESIAN_POINT('',(-0.334368566468,8.169521128619E-02));
#3618 = ( GEOMETRIC_REPRESENTATION_CONTEXT(2) 
PARAMETRIC_REPRESENTATION_CONTEXT() REPRESENTATION_CONTEXT('2D SPACE',''
  ) );
#3619 = ( GEOMETRIC_REPRESENTATION_CONTEXT(3) 
GLOBAL_UNCERTAINTY_ASSIGNED_CONTEXT((#3623)) 
GLOBAL_UNIT_ASSIGNED_CONTEXT((#3620,#3621,#3622)) REPRESENTATION_CONTEXT
('Context #1','3D Context with UNIT and UNCERTAINTY') );
#3620 = ( LENGTH_UNIT() NAMED_UNIT(*) SI_UNIT(.MILLI.,.METRE.) );
#3621 = ( NAMED_UNIT(*) PLANE_ANGLE_UNIT() SI_UNIT($,.RADIAN.) );
#3622 = ( NAMED_UNIT(*) SI_UNIT($,.STERADIAN.) SOLID_ANGLE_UNIT() );
#3623 = UNCERTAINTY_MEASURE_WITH_UNIT(LENGTH_MEASURE(5.E-06),#3620,
  'distance_accuracy_value','confusion accuracy');
#3624 = CONTEXT_DEPENDENT_SHAPE_REPRESENTATION(#3625,#3627);
#3625 = ( REPRESENTATION_RELATIONSHIP('','',#3452,#10) 
REPRESENTATION_RELATIONSHIP_WITH_TRANSFORMATION(#3626) 
SHAPE_REPRESENTATION_RELATIONSHIP() );
#3626 = ITEM_DEFINED_TRANSFORMATION('','',#11,#99);
#3627 = PRODUCT_DEFINITION_SHAPE('Placement','Placement of an item',
  #3628);
#3628 = NEXT_ASSEMBLY_USAGE_OCCURRENCE('22','','',#5,#3447,$);
#3629 = PRODUCT_RELATED_PRODUCT_CATEGORY('part',$,(#3449));
#3630 = SHAPE_DEFINITION_REPRESENTATION(#3631,#3637);
#3631 = PRODUCT_DEFINITION_SHAPE('','',#3632);
#3632 = PRODUCT_DEFINITION('design','',#3633,#3636);
#3633 = PRODUCT_DEFINITION_FORMATION('','',#3634);
#3634 = PRODUCT('Open CASCADE STEP translator 7.8 1.23',
  'Open CASCADE STEP translator 7.8 1.23','',(#3635));
#3635 = PRODUCT_CONTEXT('',#2,'mechanical');
#3636 = PRODUCT_DEFINITION_CONTEXT('part definition',#2,'design');
#3637 = MANIFOLD_SURFACE_SHAPE_REPRESENTATION('',(#11,#3638),#3780);
#3638 = SHELL_BASED_SURFACE_MODEL('',(#3639));
#3639 = OPEN_SHELL('',(#3640));
#3640 = ADVANCED_FACE('',(#3641),#3655,.T.);
#3641 = FACE_BOUND('',#3642,.T.);
#3642 = EDGE_LOOP('',(#3643,#3666,#3722,#3738));
#3643 = ORIENTED_EDGE('',*,*,#3644,.F.);
#3644 = EDGE_CURVE('',#3645,#3647,#3649,.T.);
#3645 = VERTEX_POINT('',#3646);
#3646 = CARTESIAN_POINT('',(7.504884128709,14.25,0.167695812113));
#3647 = VERTEX_POINT('',#3648);
#3648 = CARTESIAN_POINT('',(7.504884128709,14.25,-8.169521128619E-02));
#3649 = SURFACE_CURVE('',#3650,(#3654),.PCURVE_S1.);
#3650 = LINE('',#3651,#3652);
#3651 = CARTESIAN_POINT('',(7.504884128709,14.25,0.));
#3652 = VECTOR('',#3653,1.);
#3653 = DIRECTION('',(0.,0.,-1.));
#3654 = PCURVE('',#3655,#3660);
#3655 = PLANE('',#3656);
#3656 = AXIS2_PLACEMENT_3D('',#3657,#3658,#3659);
#3657 = CARTESIAN_POINT('',(7.820644041986,14.38978097827,0.));
#3658 = DIRECTION('',(-0.404791651795,0.914408944968,0.));
#3659 = DIRECTION('',(0.914408944968,0.404791651795,0.));
#3660 = DEFINITIONAL_REPRESENTATION('',(#3661),#3665);
#3661 = LINE('',#3662,#3663);
#3662 = CARTESIAN_POINT('',(-0.345315862246,0.));
#3663 = VECTOR('',#3664,1.);
#3664 = DIRECTION('',(0.,1.));
#3665 = ( GEOMETRIC_REPRESENTATION_CONTEXT(2) 
PARAMETRIC_REPRESENTATION_CONTEXT() REPRESENTATION_CONTEXT('2D SPACE',''
  ) );
#3666 = ORIENTED_EDGE('',*,*,#3667,.T.);
#3667 = EDGE_CURVE('',#3645,#3668,#3670,.T.);
#3668 = VERTEX_POINT('',#3669);
#3669 = CARTESIAN_POINT('',(8.136403955262,14.529561956539,
    0.120928592192));
#3670 = SURFACE_CURVE('',#3671,(#3695),.PCURVE_S1.);
#3671 = B_SPLINE_CURVE_WITH_KNOTS('',8,(#3672,#3673,#3674,#3675,#3676,
    #3677,#3678,#3679,#3680,#3681,#3682,#3683,#3684,#3685,#3686,#3687,
    #3688,#3689,#3690,#3691,#3692,#3693,#3694),.UNSPECIFIED.,.F.,.F.,(9,
    7,7,9),(0.,0.139759256562,0.564711903434,1.),.UNSPECIFIED.);
#3672 = CARTESIAN_POINT('',(7.504884128709,14.25,0.167695812113));
#3673 = CARTESIAN_POINT('',(7.515949063136,14.254898238483,
    0.167281443493));
#3674 = CARTESIAN_POINT('',(7.527013358579,14.2597961941,0.166845136049)
  );
#3675 = CARTESIAN_POINT('',(7.538076972231,14.264693847902,
    0.166387351333));
#3676 = CARTESIAN_POINT('',(7.549140002235,14.269591243333,
    0.165910640439));
#3677 = CARTESIAN_POINT('',(7.560202520775,14.274488412348,
    0.165417107629));
#3678 = CARTESIAN_POINT('',(7.571264506446,14.279385345473,
    0.164907314688));
#3679 = CARTESIAN_POINT('',(7.582325875894,14.284282005807,
    0.164380626006));
#3680 = CARTESIAN_POINT('',(7.62701794881,14.30406634641,0.162184025582)
  );
#3681 = CARTESIAN_POINT('',(7.660643132586,14.318951583215,
    0.160376150012));
#3682 = CARTESIAN_POINT('',(7.694262078823,14.333834058779,
    0.158407744108));
#3683 = CARTESIAN_POINT('',(7.727872559437,14.348712786771,
    0.156289515816));
#3684 = CARTESIAN_POINT('',(7.761468727124,14.363585178698,
    0.154036064177));
#3685 = CARTESIAN_POINT('',(7.795052821071,14.378452225809,
    0.151637520532));
#3686 = CARTESIAN_POINT('',(7.828620306461,14.393311920623,
    0.149105478834));
#3687 = CARTESIAN_POINT('',(7.896534982092,14.423376470933,
    0.143712588198));
#3688 = CARTESIAN_POINT('',(7.930881066452,14.438580836876,
    0.140845539821));
#3689 = CARTESIAN_POINT('',(7.965205541293,14.453775636691,0.13784409059
    ));
#3690 = CARTESIAN_POINT('',(7.999505853392,14.468959740114,0.1347116615)
  );
#3691 = CARTESIAN_POINT('',(8.033779194946,14.484131904184,
    0.131451315537));
#3692 = CARTESIAN_POINT('',(8.068022430032,14.499290740687,
    0.128065784156));
#3693 = CARTESIAN_POINT('',(8.102232021066,14.5144346836,0.124557493762)
  );
#3694 = CARTESIAN_POINT('',(8.136403955262,14.529561956539,
    0.120928592192));
#3695 = PCURVE('',#3655,#3696);
#3696 = DEFINITIONAL_REPRESENTATION('',(#3697),#3721);
#3697 = B_SPLINE_CURVE_WITH_KNOTS('',8,(#3698,#3699,#3700,#3701,#3702,
    #3703,#3704,#3705,#3706,#3707,#3708,#3709,#3710,#3711,#3712,#3713,
    #3714,#3715,#3716,#3717,#3718,#3719,#3720),.UNSPECIFIED.,.F.,.F.,(9,
    7,7,9),(0.,0.139759256562,0.564711903434,1.),.UNSPECIFIED.);
#3698 = CARTESIAN_POINT('',(-0.345315862246,-0.167695812113));
#3699 = CARTESIAN_POINT('',(-0.333215221184,-0.167281443493));
#3700 = CARTESIAN_POINT('',(-0.321115278916,-0.166845136049));
#3701 = CARTESIAN_POINT('',(-0.309016082257,-0.166387351333));
#3702 = CARTESIAN_POINT('',(-0.296917523877,-0.165910640439));
#3703 = CARTESIAN_POINT('',(-0.284819524835,-0.165417107629));
#3704 = CARTESIAN_POINT('',(-0.27272210854,-0.164907314688));
#3705 = CARTESIAN_POINT('',(-0.260625366149,-0.164380626006));
#3706 = CARTESIAN_POINT('',(-0.211749998993,-0.162184025582));
#3707 = CARTESIAN_POINT('',(-0.174977410577,-0.160376150012));
#3708 = CARTESIAN_POINT('',(-0.138211643552,-0.158407744108));
#3709 = CARTESIAN_POINT('',(-0.101455134554,-0.156289515816));
#3710 = CARTESIAN_POINT('',(-6.47142782095E-02,-0.154036064177));
#3711 = CARTESIAN_POINT('',(-2.798662573822E-02,-0.151637520532));
#3712 = CARTESIAN_POINT('',(8.722863571868E-03,-0.149105478834));
#3713 = CARTESIAN_POINT('',(8.299452944394E-02,-0.143712588198));
#3714 = CARTESIAN_POINT('',(0.120555496612,-0.140845539821));
#3715 = CARTESIAN_POINT('',(0.158092831553,-0.13784409059));
#3716 = CARTESIAN_POINT('',(0.195603742057,-0.1347116615));
#3717 = CARTESIAN_POINT('',(0.233085157504,-0.131451315537));
#3718 = CARTESIAN_POINT('',(0.270533648438,-0.128065784156));
#3719 = CARTESIAN_POINT('',(0.30794534615,-0.124557493762));
#3720 = CARTESIAN_POINT('',(0.345315862246,-0.120928592192));
#3721 = ( GEOMETRIC_REPRESENTATION_CONTEXT(2) 
PARAMETRIC_REPRESENTATION_CONTEXT() REPRESENTATION_CONTEXT('2D SPACE',''
  ) );
#3722 = ORIENTED_EDGE('',*,*,#3723,.T.);
#3723 = EDGE_CURVE('',#3668,#3724,#3726,.T.);
#3724 = VERTEX_POINT('',#3725);
#3725 = CARTESIAN_POINT('',(8.136403955262,14.529561956539,
    -5.127049923044E-02));
#3726 = SURFACE_CURVE('',#3727,(#3731),.PCURVE_S1.);
#3727 = LINE('',#3728,#3729);
#3728 = CARTESIAN_POINT('',(8.136403955262,14.529561956539,0.));
#3729 = VECTOR('',#3730,1.);
#3730 = DIRECTION('',(0.,0.,-1.));
#3731 = PCURVE('',#3655,#3732);
#3732 = DEFINITIONAL_REPRESENTATION('',(#3733),#3737);
#3733 = LINE('',#3734,#3735);
#3734 = CARTESIAN_POINT('',(0.345315862246,0.));
#3735 = VECTOR('',#3736,1.);
#3736 = DIRECTION('',(0.,1.));
#3737 = ( GEOMETRIC_REPRESENTATION_CONTEXT(2) 
PARAMETRIC_REPRESENTATION_CONTEXT() REPRESENTATION_CONTEXT('2D SPACE',''
  ) );
#3738 = ORIENTED_EDGE('',*,*,#3739,.F.);
#3739 = EDGE_CURVE('',#3647,#3724,#3740,.T.);
#3740 = SURFACE_CURVE('',#3741,(#3759),.PCURVE_S1.);
#3741 = B_SPLINE_CURVE_WITH_KNOTS('',6,(#3742,#3743,#3744,#3745,#3746,
    #3747,#3748,#3749,#3750,#3751,#3752,#3753,#3754,#3755,#3756,#3757,
    #3758),.UNSPECIFIED.,.F.,.F.,(7,5,5,7),(0.,0.170435613931,
    0.422271643315,1.),.UNSPECIFIED.);
#3742 = CARTESIAN_POINT('',(7.504884128709,14.25,-8.169521128619E-02));
#3743 = CARTESIAN_POINT('',(7.522843156651,14.257950124094,
    -8.106441415808E-02));
#3744 = CARTESIAN_POINT('',(7.540804839872,14.26590142363,
    -8.041869261502E-02));
#3745 = CARTESIAN_POINT('',(7.558768498528,14.273853597655,
    -7.975705665225E-02));
#3746 = CARTESIAN_POINT('',(7.576732312511,14.281805840439,
    -7.906008674413E-02));
#3747 = CARTESIAN_POINT('',(7.594696664314,14.289758321307,
    -7.834570764359E-02));
#3748 = CARTESIAN_POINT('',(7.639204254736,14.309460994977,
    -7.652403434405E-02));
#3749 = CARTESIAN_POINT('',(7.665747241932,14.32121107648,
    -7.539377790662E-02));
#3750 = CARTESIAN_POINT('',(7.692287405699,14.332959908105,
    -7.422824219754E-02));
#3751 = CARTESIAN_POINT('',(7.718825389388,14.34470777465,
    -7.30240989323E-02));
#3752 = CARTESIAN_POINT('',(7.745359608595,14.356453974729,
    -7.178719946432E-02));
#3753 = CARTESIAN_POINT('',(7.832749608307,14.395139884932,
    -6.761264490841E-02));
#3754 = CARTESIAN_POINT('',(7.893584784445,14.42207047389,
    -6.454663634309E-02));
#3755 = CARTESIAN_POINT('',(7.954383236279,14.448984805688,
    -6.135539896594E-02));
#3756 = CARTESIAN_POINT('',(8.015131837429,14.475877069526,
    -5.806585836128E-02));
#3757 = CARTESIAN_POINT('',(8.075813340541,14.502739630324,
    -5.469899582575E-02));
#3758 = CARTESIAN_POINT('',(8.136403955262,14.529561956539,
    -5.127049923044E-02));
#3759 = PCURVE('',#3655,#3760);
#3760 = DEFINITIONAL_REPRESENTATION('',(#3761),#3779);
#3761 = B_SPLINE_CURVE_WITH_KNOTS('',6,(#3762,#3763,#3764,#3765,#3766,
    #3767,#3768,#3769,#3770,#3771,#3772,#3773,#3774,#3775,#3776,#3777,
    #3778),.UNSPECIFIED.,.F.,.F.,(7,5,5,7),(0.,0.170435613931,
    0.422271643315,1.),.UNSPECIFIED.);
#3762 = CARTESIAN_POINT('',(-0.345315862246,8.169521128619E-02));
#3763 = CARTESIAN_POINT('',(-0.325675822588,8.106441415808E-02));
#3764 = CARTESIAN_POINT('',(-0.306032879112,8.041869261502E-02));
#3765 = CARTESIAN_POINT('',(-0.286387775294,7.975705665225E-02));
#3766 = CARTESIAN_POINT('',(-0.266742501609,7.906008674413E-02));
#3767 = CARTESIAN_POINT('',(-0.247096639764,7.834570764359E-02));
#3768 = CARTESIAN_POINT('',(-0.198423023143,7.652403434405E-02));
#3769 = CARTESIAN_POINT('',(-0.169395543325,7.539377790662E-02));
#3770 = CARTESIAN_POINT('',(-0.140371151215,7.422824219754E-02));
#3771 = CARTESIAN_POINT('',(-0.111349143245,7.30240989323E-02));
#3772 = CARTESIAN_POINT('',(-8.233125212214E-02,7.178719946432E-02));
#3773 = CARTESIAN_POINT('',(1.323867880828E-02,6.761264490841E-02));
#3774 = CARTESIAN_POINT('',(7.976818562547E-02,6.454663634309E-02));
#3775 = CARTESIAN_POINT('',(0.146257530648,6.135539896594E-02));
#3776 = CARTESIAN_POINT('',(0.212692358833,5.806585836128E-02));
#3777 = CARTESIAN_POINT('',(0.27905380843,5.469899582575E-02));
#3778 = CARTESIAN_POINT('',(0.345315862246,5.127049923044E-02));
#3779 = ( GEOMETRIC_REPRESENTATION_CONTEXT(2) 
PARAMETRIC_REPRESENTATION_CONTEXT() REPRESENTATION_CONTEXT('2D SPACE',''
  ) );
#3780 = ( GEOMETRIC_REPRESENTATION_CONTEXT(3) 
GLOBAL_UNCERTAINTY_ASSIGNED_CONTEXT((#3784)) 
GLOBAL_UNIT_ASSIGNED_CONTEXT((#3781,#3782,#3783)) REPRESENTATION_CONTEXT
('Context #1','3D Context with UNIT and UNCERTAINTY') );
#3781 = ( LENGTH_UNIT() NAMED_UNIT(*) SI_UNIT(.MILLI.,.METRE.) );
#3782 = ( NAMED_UNIT(*) PLANE_ANGLE_UNIT() SI_UNIT($,.RADIAN.) );
#3783 = ( NAMED_UNIT(*) SI_UNIT($,.STERADIAN.) SOLID_ANGLE_UNIT() );
#3784 = UNCERTAINTY_MEASURE_WITH_UNIT(LENGTH_MEASURE(5.E-06),#3781,
  'distance_accuracy_value','confusion accuracy');
#3785 = CONTEXT_DEPENDENT_SHAPE_REPRESENTATION(#3786,#3788);
#3786 = ( REPRESENTATION_RELATIONSHIP('','',#3637,#10) 
REPRESENTATION_RELATIONSHIP_WITH_TRANSFORMATION(#3787) 
SHAPE_REPRESENTATION_RELATIONSHIP() );
#3787 = ITEM_DEFINED_TRANSFORMATION('','',#11,#103);
#3788 = PRODUCT_DEFINITION_SHAPE('Placement','Placement of an item',
  #3789);
#3789 = NEXT_ASSEMBLY_USAGE_OCCURRENCE('23','','',#5,#3632,$);
#3790 = PRODUCT_RELATED_PRODUCT_CATEGORY('part',$,(#3634));
#3791 = SHAPE_DEFINITION_REPRESENTATION(#3792,#3798);
#3792 = PRODUCT_DEFINITION_SHAPE('','',#3793);
#3793 = PRODUCT_DEFINITION('design','',#3794,#3797);
#3794 = PRODUCT_DEFINITION_FORMATION('','',#3795);
#3795 = PRODUCT('Open CASCADE STEP translator 7.8 1.24',
  'Open CASCADE STEP translator 7.8 1.24','',(#3796));
#3796 = PRODUCT_CONTEXT('',#2,'mechanical');
#3797 = PRODUCT_DEFINITION_CONTEXT('part definition',#2,'design');
#3798 = MANIFOLD_SURFACE_SHAPE_REPRESENTATION('',(#11,#3799),#3945);
#3799 = SHELL_BASED_SURFACE_MODEL('',(#3800));
#3800 = OPEN_SHELL('',(#3801));
#3801 = ADVANCED_FACE('',(#3802),#3816,.T.);
#3802 = FACE_BOUND('',#3803,.T.);
#3803 = EDGE_LOOP('',(#3804,#3827,#3881,#3897));
#3804 = ORIENTED_EDGE('',*,*,#3805,.F.);
#3805 = EDGE_CURVE('',#3806,#3808,#3810,.T.);
#3806 = VERTEX_POINT('',#3807);
#3807 = CARTESIAN_POINT('',(7.504884128709,14.25,0.167695812113));
#3808 = VERTEX_POINT('',#3809);
#3809 = CARTESIAN_POINT('',(7.504884128709,14.25,-8.169521128619E-02));
#3810 = SURFACE_CURVE('',#3811,(#3815),.PCURVE_S1.);
#3811 = LINE('',#3812,#3813);
#3812 = CARTESIAN_POINT('',(7.504884128709,14.25,0.));
#3813 = VECTOR('',#3814,1.);
#3814 = DIRECTION('',(-0.,0.,-1.));
#3815 = PCURVE('',#3816,#3821);
#3816 = PLANE('',#3817);
#3817 = AXIS2_PLACEMENT_3D('',#3818,#3819,#3820);
#3818 = CARTESIAN_POINT('',(7.274897622204,14.338845548735,0.));
#3819 = DIRECTION('',(-0.360353843812,-0.932815687716,0.));
#3820 = DIRECTION('',(-0.932815687716,0.360353843812,0.));
#3821 = DEFINITIONAL_REPRESENTATION('',(#3822),#3826);
#3822 = LINE('',#3823,#3824);
#3823 = CARTESIAN_POINT('',(-0.246550856223,0.));
#3824 = VECTOR('',#3825,1.);
#3825 = DIRECTION('',(0.,1.));
#3826 = ( GEOMETRIC_REPRESENTATION_CONTEXT(2) 
PARAMETRIC_REPRESENTATION_CONTEXT() REPRESENTATION_CONTEXT('2D SPACE',''
  ) );
#3827 = ORIENTED_EDGE('',*,*,#3828,.F.);
#3828 = EDGE_CURVE('',#3829,#3806,#3831,.T.);
#3829 = VERTEX_POINT('',#3830);
#3830 = CARTESIAN_POINT('',(7.044911115699,14.42769109747,0.139709072147
    ));
#3831 = SURFACE_CURVE('',#3832,(#3855),.PCURVE_S1.);
#3832 = B_SPLINE_CURVE_WITH_KNOTS('',6,(#3833,#3834,#3835,#3836,#3837,
    #3838,#3839,#3840,#3841,#3842,#3843,#3844,#3845,#3846,#3847,#3848,
    #3849,#3850,#3851,#3852,#3853,#3854),.UNSPECIFIED.,.F.,.F.,(7,5,5,5,
    7),(0.,0.463414567718,0.724506130311,0.857621813929,1.),
  .UNSPECIFIED.);
#3833 = CARTESIAN_POINT('',(7.044911115699,14.42769109747,0.139709072147
    ));
#3834 = CARTESIAN_POINT('',(7.079038625356,14.414507379136,
    0.146243030793));
#3835 = CARTESIAN_POINT('',(7.113685435778,14.401123050939,0.15172838621
    ));
#3836 = CARTESIAN_POINT('',(7.148696314277,14.387598080456,
    0.156290306003));
#3837 = CARTESIAN_POINT('',(7.183976307789,14.373969148783,
    0.160008691504));
#3838 = CARTESIAN_POINT('',(7.219459692963,14.360261645353,
    0.162953462815));
#3839 = CARTESIAN_POINT('',(7.275195109174,14.338730627241,
    0.166435326808));
#3840 = CARTESIAN_POINT('',(7.295331718232,14.330951700952,
    0.167461854623));
#3841 = CARTESIAN_POINT('',(7.315510737276,14.323156391361,
    0.168271373297));
#3842 = CARTESIAN_POINT('',(7.335726975686,14.315346703645,
    0.168870331284));
#3843 = CARTESIAN_POINT('',(7.355972218362,14.307525811357,
    0.169269501964));
#3844 = CARTESIAN_POINT('',(7.386577097028,14.295702912352,
    0.169578988373));
#3845 = CARTESIAN_POINT('',(7.396918312835,14.291708021491,
    0.169633094113));
#3846 = CARTESIAN_POINT('',(7.407265343052,14.287710884479,0.16963781934
    ));
#3847 = CARTESIAN_POINT('',(7.417618046992,14.283711555664,
    0.169594063161));
#3848 = CARTESIAN_POINT('',(7.427976124807,14.279710150881,
    0.169502691221));
#3849 = CARTESIAN_POINT('',(7.449421574264,14.271425609523,0.1692169499)
  );
#3850 = CARTESIAN_POINT('',(7.460509488094,14.267142263497,
    0.169015554446));
#3851 = CARTESIAN_POINT('',(7.471601030676,14.262857515657,
    0.168762859243));
#3852 = CARTESIAN_POINT('',(7.482694440589,14.258572046453,
    0.168457178775));
#3853 = CARTESIAN_POINT('',(7.493788555978,14.254286304718,
    0.168098758374));
#3854 = CARTESIAN_POINT('',(7.504884128709,14.25,0.167695812113));
#3855 = PCURVE('',#3816,#3856);
#3856 = DEFINITIONAL_REPRESENTATION('',(#3857),#3880);
#3857 = B_SPLINE_CURVE_WITH_KNOTS('',6,(#3858,#3859,#3860,#3861,#3862,
    #3863,#3864,#3865,#3866,#3867,#3868,#3869,#3870,#3871,#3872,#3873,
    #3874,#3875,#3876,#3877,#3878,#3879),.UNSPECIFIED.,.F.,.F.,(7,5,5,5,
    7),(0.,0.463414567718,0.724506130311,0.857621813929,1.),
  .UNSPECIFIED.);
#3858 = CARTESIAN_POINT('',(0.246550856223,-0.139709072147));
#3859 = CARTESIAN_POINT('',(0.209965376255,-0.146243030793));
#3860 = CARTESIAN_POINT('',(0.172823193851,-0.15172838621));
#3861 = CARTESIAN_POINT('',(0.135290722045,-0.156290306003));
#3862 = CARTESIAN_POINT('',(9.746975271952E-02,-0.160008691504));
#3863 = CARTESIAN_POINT('',(5.943074282583E-02,-0.162953462815));
#3864 = CARTESIAN_POINT('',(-3.189129148089E-04,-0.166435326808));
#3865 = CARTESIAN_POINT('',(-2.19058237305E-02,-0.167461854623));
#3866 = CARTESIAN_POINT('',(-4.353819903211E-02,-0.168271373297));
#3867 = CARTESIAN_POINT('',(-6.52104743552E-02,-0.168870331284));
#3868 = CARTESIAN_POINT('',(-8.691384292339E-02,-0.169269501964));
#3869 = CARTESIAN_POINT('',(-0.119722980965,-0.169578988373));
#3870 = CARTESIAN_POINT('',(-0.130809003577,-0.169633094113));
#3871 = CARTESIAN_POINT('',(-0.141901259371,-0.16963781934));
#3872 = CARTESIAN_POINT('',(-0.152999597528,-0.169594063161));
#3873 = CARTESIAN_POINT('',(-0.164103696602,-0.169502691221));
#3874 = CARTESIAN_POINT('',(-0.187093714609,-0.1692169499));
#3875 = CARTESIAN_POINT('',(-0.198980214779,-0.169015554446));
#3876 = CARTESIAN_POINT('',(-0.210870605054,-0.168762859243));
#3877 = CARTESIAN_POINT('',(-0.222762997151,-0.168457178775));
#3878 = CARTESIAN_POINT('',(-0.234656145535,-0.168098758374));
#3879 = CARTESIAN_POINT('',(-0.246550856223,-0.167695812113));
#3880 = ( GEOMETRIC_REPRESENTATION_CONTEXT(2) 
PARAMETRIC_REPRESENTATION_CONTEXT() REPRESENTATION_CONTEXT('2D SPACE',''
  ) );
#3881 = ORIENTED_EDGE('',*,*,#3882,.T.);
#3882 = EDGE_CURVE('',#3829,#3883,#3885,.T.);
#3883 = VERTEX_POINT('',#3884);
#3884 = CARTESIAN_POINT('',(7.044911115699,14.42769109747,
    -8.673704012576E-02));
#3885 = SURFACE_CURVE('',#3886,(#3890),.PCURVE_S1.);
#3886 = LINE('',#3887,#3888);
#3887 = CARTESIAN_POINT('',(7.044911115699,14.42769109747,0.));
#3888 = VECTOR('',#3889,1.);
#3889 = DIRECTION('',(-0.,0.,-1.));
#3890 = PCURVE('',#3816,#3891);
#3891 = DEFINITIONAL_REPRESENTATION('',(#3892),#3896);
#3892 = LINE('',#3893,#3894);
#3893 = CARTESIAN_POINT('',(0.246550856223,0.));
#3894 = VECTOR('',#3895,1.);
#3895 = DIRECTION('',(0.,1.));
#3896 = ( GEOMETRIC_REPRESENTATION_CONTEXT(2) 
PARAMETRIC_REPRESENTATION_CONTEXT() REPRESENTATION_CONTEXT('2D SPACE',''
  ) );
#3897 = ORIENTED_EDGE('',*,*,#3898,.T.);
#3898 = EDGE_CURVE('',#3883,#3808,#3899,.T.);
#3899 = SURFACE_CURVE('',#3900,(#3921),.PCURVE_S1.);
#3900 = B_SPLINE_CURVE_WITH_KNOTS('',7,(#3901,#3902,#3903,#3904,#3905,
    #3906,#3907,#3908,#3909,#3910,#3911,#3912,#3913,#3914,#3915,#3916,
    #3917,#3918,#3919,#3920),.UNSPECIFIED.,.F.,.F.,(8,6,6,8),(0.,
    0.56725624173,0.838437076963,1.),.UNSPECIFIED.);
#3901 = CARTESIAN_POINT('',(7.044911115699,14.42769109747,
    -8.673704012576E-02));
#3902 = CARTESIAN_POINT('',(7.080996618661,14.413750991328,
    -8.866078693794E-02));
#3903 = CARTESIAN_POINT('',(7.117532311622,14.399636973341,
    -8.97903194443E-02));
#3904 = CARTESIAN_POINT('',(7.154377048905,14.385403569166,
    -9.032085225095E-02));
#3905 = CARTESIAN_POINT('',(7.191449398404,14.371082236648,
    -9.037289479387E-02));
#3906 = CARTESIAN_POINT('',(7.228689078913,14.356696262881,
    -9.004384495656E-02));
#3907 = CARTESIAN_POINT('',(7.26606601695,14.342257265479,
    -8.940902400997E-02));
#3908 = CARTESIAN_POINT('',(7.321492107969,14.320845742056,
    -8.811054574648E-02));
#3909 = CARTESIAN_POINT('',(7.339444888667,14.313910445387,
    -8.763492868962E-02));
#3910 = CARTESIAN_POINT('',(7.357419880195,14.306966568505,
    -8.71102629993E-02));
#3911 = CARTESIAN_POINT('',(7.375416706377,14.300014256728,
    -8.654310431007E-02));
#3912 = CARTESIAN_POINT('',(7.393433197668,14.29305434817,
    -8.593899781184E-02));
#3913 = CARTESIAN_POINT('',(7.411465130157,14.286088474558,
    -8.530247977238E-02));
#3914 = CARTESIAN_POINT('',(7.440262114607,14.274963978933,
    -8.424220376124E-02));
#3915 = CARTESIAN_POINT('',(7.451018325993,14.270808772102,
    -8.383652356337E-02));
#3916 = CARTESIAN_POINT('',(7.461779914296,14.266651488126,
    -8.342206794912E-02));
#3917 = CARTESIAN_POINT('',(7.472546923803,14.262492109898,
    -8.299943560323E-02));
#3918 = CARTESIAN_POINT('',(7.483320001315,14.258330387554,
    -8.257099724891E-02));
#3919 = CARTESIAN_POINT('',(7.494099698447,14.254166107999,
    -8.213838058683E-02));
#3920 = CARTESIAN_POINT('',(7.504884128709,14.25,-8.169521128619E-02));
#3921 = PCURVE('',#3816,#3922);
#3922 = DEFINITIONAL_REPRESENTATION('',(#3923),#3944);
#3923 = B_SPLINE_CURVE_WITH_KNOTS('',7,(#3924,#3925,#3926,#3927,#3928,
    #3929,#3930,#3931,#3932,#3933,#3934,#3935,#3936,#3937,#3938,#3939,
    #3940,#3941,#3942,#3943),.UNSPECIFIED.,.F.,.F.,(8,6,6,8),(0.,
    0.56725624173,0.838437076963,1.),.UNSPECIFIED.);
#3924 = CARTESIAN_POINT('',(0.246550856223,8.673704012576E-02));
#3925 = CARTESIAN_POINT('',(0.207866362129,8.866078693794E-02));
#3926 = CARTESIAN_POINT('',(0.168699253941,8.97903194443E-02));
#3927 = CARTESIAN_POINT('',(0.129200843088,9.032085225095E-02));
#3928 = CARTESIAN_POINT('',(8.945842667327E-02,9.037289479387E-02));
#3929 = CARTESIAN_POINT('',(4.953662754563E-02,9.004384495656E-02));
#3930 = CARTESIAN_POINT('',(9.467685171146E-03,8.940902400997E-02));
#3931 = CARTESIAN_POINT('',(-4.995036680794E-02,8.811054574648E-02));
#3932 = CARTESIAN_POINT('',(-6.919616309342E-02,8.763492868962E-02));
#3933 = CARTESIAN_POINT('',(-8.846576990239E-02,8.71102629993E-02));
#3934 = CARTESIAN_POINT('',(-0.107758783967,8.654310431007E-02));
#3935 = CARTESIAN_POINT('',(-0.127072879482,8.593899781184E-02));
#3936 = CARTESIAN_POINT('',(-0.14640352832,8.530247977238E-02));
#3937 = CARTESIAN_POINT('',(-0.177274561932,8.424220376124E-02));
#3938 = CARTESIAN_POINT('',(-0.188805469407,8.383652356337E-02));
#3939 = CARTESIAN_POINT('',(-0.200342141061,8.342206794912E-02));
#3940 = CARTESIAN_POINT('',(-0.211884624371,8.299943560323E-02));
#3941 = CARTESIAN_POINT('',(-0.223433612723,8.257099724891E-02));
#3942 = CARTESIAN_POINT('',(-0.234989697461,8.213838058683E-02));
#3943 = CARTESIAN_POINT('',(-0.246550856223,8.169521128619E-02));
#3944 = ( GEOMETRIC_REPRESENTATION_CONTEXT(2) 
PARAMETRIC_REPRESENTATION_CONTEXT() REPRESENTATION_CONTEXT('2D SPACE',''
  ) );
#3945 = ( GEOMETRIC_REPRESENTATION_CONTEXT(3) 
GLOBAL_UNCERTAINTY_ASSIGNED_CONTEXT((#3949)) 
GLOBAL_UNIT_ASSIGNED_CONTEXT((#3946,#3947,#3948)) REPRESENTATION_CONTEXT
('Context #1','3D Context with UNIT and UNCERTAINTY') );
#3946 = ( LENGTH_UNIT() NAMED_UNIT(*) SI_UNIT(.MILLI.,.METRE.) );
#3947 = ( NAMED_UNIT(*) PLANE_ANGLE_UNIT() SI_UNIT($,.RADIAN.) );
#3948 = ( NAMED_UNIT(*) SI_UNIT($,.STERADIAN.) SOLID_ANGLE_UNIT() );
#3949 = UNCERTAINTY_MEASURE_WITH_UNIT(LENGTH_MEASURE(5.E-06),#3946,
  'distance_accuracy_value','confusion accuracy');
#3950 = CONTEXT_DEPENDENT_SHAPE_REPRESENTATION(#3951,#3953);
#3951 = ( REPRESENTATION_RELATIONSHIP('','',#3798,#10) 
REPRESENTATION_RELATIONSHIP_WITH_TRANSFORMATION(#3952) 
SHAPE_REPRESENTATION_RELATIONSHIP() );
#3952 = ITEM_DEFINED_TRANSFORMATION('','',#11,#107);
#3953 = PRODUCT_DEFINITION_SHAPE('Placement','Placement of an item',
  #3954);
#3954 = NEXT_ASSEMBLY_USAGE_OCCURRENCE('24','','',#5,#3793,$);
#3955 = PRODUCT_RELATED_PRODUCT_CATEGORY('part',$,(#3795));
#3956 = SHAPE_DEFINITION_REPRESENTATION(#3957,#3963);
#3957 = PRODUCT_DEFINITION_SHAPE('','',#3958);
#3958 = PRODUCT_DEFINITION('design','',#3959,#3962);
#3959 = PRODUCT_DEFINITION_FORMATION('','',#3960);
#3960 = PRODUCT('Open CASCADE STEP translator 7.8 1.25',
  'Open CASCADE STEP translator 7.8 1.25','',(#3961));
#3961 = PRODUCT_CONTEXT('',#2,'mechanical');
#3962 = PRODUCT_DEFINITION_CONTEXT('part definition',#2,'design');
#3963 = MANIFOLD_SURFACE_SHAPE_REPRESENTATION('',(#11,#3964),#4118);
#3964 = SHELL_BASED_SURFACE_MODEL('',(#3965));
#3965 = OPEN_SHELL('',(#3966));
#3966 = ADVANCED_FACE('',(#3967),#3981,.T.);
#3967 = FACE_BOUND('',#3968,.T.);
#3968 = EDGE_LOOP('',(#3969,#3992,#4054,#4070));
#3969 = ORIENTED_EDGE('',*,*,#3970,.F.);
#3970 = EDGE_CURVE('',#3971,#3973,#3975,.T.);
#3971 = VERTEX_POINT('',#3972);
#3972 = CARTESIAN_POINT('',(7.504884128709,14.25,0.167695812113));
#3973 = VERTEX_POINT('',#3974);
#3974 = CARTESIAN_POINT('',(7.504884128709,14.25,-8.169521128619E-02));
#3975 = SURFACE_CURVE('',#3976,(#3980),.PCURVE_S1.);
#3976 = LINE('',#3977,#3978);
#3977 = CARTESIAN_POINT('',(7.504884128709,14.25,0.));
#3978 = VECTOR('',#3979,1.);
#3979 = DIRECTION('',(0.,0.,-1.));
#3980 = PCURVE('',#3981,#3986);
#3981 = PLANE('',#3982);
#3982 = AXIS2_PLACEMENT_3D('',#3983,#3984,#3985);
#3983 = CARTESIAN_POINT('',(7.74273364225,14.158116911431,0.));
#3984 = DIRECTION('',(0.360353843812,0.932815687716,0.));
#3985 = DIRECTION('',(0.932815687716,-0.360353843812,0.));
#3986 = DEFINITIONAL_REPRESENTATION('',(#3987),#3991);
#3987 = LINE('',#3988,#3989);
#3988 = CARTESIAN_POINT('',(-0.254980181694,0.));
#3989 = VECTOR('',#3990,1.);
#3990 = DIRECTION('',(0.,1.));
#3991 = ( GEOMETRIC_REPRESENTATION_CONTEXT(2) 
PARAMETRIC_REPRESENTATION_CONTEXT() REPRESENTATION_CONTEXT('2D SPACE',''
  ) );
#3992 = ORIENTED_EDGE('',*,*,#3993,.T.);
#3993 = EDGE_CURVE('',#3971,#3994,#3996,.T.);
#3994 = VERTEX_POINT('',#3995);
#3995 = CARTESIAN_POINT('',(7.980583155791,14.066233822861,0.12627981757
    ));
#3996 = SURFACE_CURVE('',#3997,(#4024),.PCURVE_S1.);
#3997 = B_SPLINE_CURVE_WITH_KNOTS('',7,(#3998,#3999,#4000,#4001,#4002,
    #4003,#4004,#4005,#4006,#4007,#4008,#4009,#4010,#4011,#4012,#4013,
    #4014,#4015,#4016,#4017,#4018,#4019,#4020,#4021,#4022,#4023),
  .UNSPECIFIED.,.F.,.F.,(8,6,6,6,8),(0.,0.203036233234,0.516514509161,
    0.83057832983,1.),.UNSPECIFIED.);
#3998 = CARTESIAN_POINT('',(7.504884128709,14.25,0.167695812113));
#3999 = CARTESIAN_POINT('',(7.51869410092,14.244665101976,0.167194289856
    ));
#4000 = CARTESIAN_POINT('',(7.532506021905,14.239329451126,
    0.166625869397));
#4001 = CARTESIAN_POINT('',(7.546319613801,14.233993154789,
    0.165991099224));
#4002 = CARTESIAN_POINT('',(7.560136429118,14.228655613221,
    0.165323490522));
#4003 = CARTESIAN_POINT('',(7.573954303129,14.223317662671,
    0.164594258053));
#4004 = CARTESIAN_POINT('',(7.5877739213,14.217979038339,0.163817806897)
  );
#4005 = CARTESIAN_POINT('',(7.622933581716,14.204396592262,
    0.161713055353));
#4006 = CARTESIAN_POINT('',(7.644275267503,14.196152135605,
    0.160315335231));
#4007 = CARTESIAN_POINT('',(7.665617517344,14.187907461049,
    0.158802961498));
#4008 = CARTESIAN_POINT('',(7.686957722878,14.179663576224,
    0.157181724846));
#4009 = CARTESIAN_POINT('',(7.708294059471,14.171421186002,
    0.155455160795));
#4010 = CARTESIAN_POINT('',(7.729625298612,14.163180764964,
    0.153625253258));
#4011 = CARTESIAN_POINT('',(7.772313296323,14.146690064537,0.14976357878
    ));
#4012 = CARTESIAN_POINT('',(7.793670016468,14.138439799991,0.14773132703
    ));
#4013 = CARTESIAN_POINT('',(7.81501780743,14.130192984858,0.145602709265
    ));
#4014 = CARTESIAN_POINT('',(7.836354901365,14.121950302068,
    0.143380730505));
#4015 = CARTESIAN_POINT('',(7.857679497482,14.113712447281,0.14106815392
    ));
#4016 = CARTESIAN_POINT('',(7.878989762036,14.105480128887,0.13866750082
    ));
#4017 = CARTESIAN_POINT('',(7.911770908473,14.092816520975,
    0.134839735587));
#4018 = CARTESIAN_POINT('',(7.923253260302,14.08838080053,0.133473451145
    ));
#4019 = CARTESIAN_POINT('',(7.934730585886,14.083947021762,
    0.132082568264));
#4020 = CARTESIAN_POINT('',(7.946202572682,14.079515305408,
    0.130667439205));
#4021 = CARTESIAN_POINT('',(7.957668893539,14.07508577785,0.129228397561
    ));
#4022 = CARTESIAN_POINT('',(7.969129206697,14.070658571112,
    0.127765758262));
#4023 = CARTESIAN_POINT('',(7.980583155791,14.066233822861,0.12627981757
    ));
#4024 = PCURVE('',#3981,#4025);
#4025 = DEFINITIONAL_REPRESENTATION('',(#4026),#4053);
#4026 = B_SPLINE_CURVE_WITH_KNOTS('',7,(#4027,#4028,#4029,#4030,#4031,
    #4032,#4033,#4034,#4035,#4036,#4037,#4038,#4039,#4040,#4041,#4042,
    #4043,#4044,#4045,#4046,#4047,#4048,#4049,#4050,#4051,#4052),
  .UNSPECIFIED.,.F.,.F.,(8,6,6,6,8),(0.,0.203036233234,0.516514509161,
    0.83057832983,1.),.UNSPECIFIED.);
#4027 = CARTESIAN_POINT('',(-0.254980181694,-0.167695812113));
#4028 = CARTESIAN_POINT('',(-0.240175571959,-0.167194289856));
#4029 = CARTESIAN_POINT('',(-0.225368873094,-0.166625869397));
#4030 = CARTESIAN_POINT('',(-0.210560382973,-0.165991099224));
#4031 = CARTESIAN_POINT('',(-0.19574843727,-0.165323490522));
#4032 = CARTESIAN_POINT('',(-0.180935356623,-0.164594258053));
#4033 = CARTESIAN_POINT('',(-0.166120406197,-0.163817806897));
#4034 = CARTESIAN_POINT('',(-0.128428436733,-0.161713055353));
#4035 = CARTESIAN_POINT('',(-0.105549655782,-0.160315335231));
#4036 = CARTESIAN_POINT('',(-8.267027015219E-02,-0.158802961498));
#4037 = CARTESIAN_POINT('',(-5.979307606615E-02,-0.157181724846));
#4038 = CARTESIAN_POINT('',(-3.692002957551E-02,-0.155455160795));
#4039 = CARTESIAN_POINT('',(-1.405244767049E-02,-0.153625253258));
#4040 = CARTESIAN_POINT('',(3.171007355773E-02,-0.14976357878));
#4041 = CARTESIAN_POINT('',(5.460497168878E-02,-0.14773132703));
#4042 = CARTESIAN_POINT('',(7.749029752804E-02,-0.145602709265));
#4043 = CARTESIAN_POINT('',(0.100364155908,-0.143380730505));
#4044 = CARTESIAN_POINT('',(0.123224616337,-0.14106815392));
#4045 = CARTESIAN_POINT('',(0.146069712999,-0.13866750082));
#4046 = CARTESIAN_POINT('',(0.181211860445,-0.134839735587));
#4047 = CARTESIAN_POINT('',(0.193521207275,-0.133473451145));
#4048 = CARTESIAN_POINT('',(0.205825165855,-0.132082568264));
#4049 = CARTESIAN_POINT('',(0.21812340113,-0.130667439205));
#4050 = CARTESIAN_POINT('',(0.230415562387,-0.129228397561));
#4051 = CARTESIAN_POINT('',(0.242701283254,-0.127765758262));
#4052 = CARTESIAN_POINT('',(0.254980181694,-0.12627981757));
#4053 = ( GEOMETRIC_REPRESENTATION_CONTEXT(2) 
PARAMETRIC_REPRESENTATION_CONTEXT() REPRESENTATION_CONTEXT('2D SPACE',''
  ) );
#4054 = ORIENTED_EDGE('',*,*,#4055,.T.);
#4055 = EDGE_CURVE('',#3994,#4056,#4058,.T.);
#4056 = VERTEX_POINT('',#4057);
#4057 = CARTESIAN_POINT('',(7.980583155791,14.066233822861,
    -5.353927673075E-02));
#4058 = SURFACE_CURVE('',#4059,(#4063),.PCURVE_S1.);
#4059 = LINE('',#4060,#4061);
#4060 = CARTESIAN_POINT('',(7.980583155791,14.066233822861,0.));
#4061 = VECTOR('',#4062,1.);
#4062 = DIRECTION('',(0.,0.,-1.));
#4063 = PCURVE('',#3981,#4064);
#4064 = DEFINITIONAL_REPRESENTATION('',(#4065),#4069);
#4065 = LINE('',#4066,#4067);
#4066 = CARTESIAN_POINT('',(0.254980181694,0.));
#4067 = VECTOR('',#4068,1.);
#4068 = DIRECTION('',(0.,1.));
#4069 = ( GEOMETRIC_REPRESENTATION_CONTEXT(2) 
PARAMETRIC_REPRESENTATION_CONTEXT() REPRESENTATION_CONTEXT('2D SPACE',''
  ) );
#4070 = ORIENTED_EDGE('',*,*,#4071,.F.);
#4071 = EDGE_CURVE('',#3973,#4056,#4072,.T.);
#4072 = SURFACE_CURVE('',#4073,(#4094),.PCURVE_S1.);
#4073 = B_SPLINE_CURVE_WITH_KNOTS('',7,(#4074,#4075,#4076,#4077,#4078,
    #4079,#4080,#4081,#4082,#4083,#4084,#4085,#4086,#4087,#4088,#4089,
    #4090,#4091,#4092,#4093),.UNSPECIFIED.,.F.,.F.,(8,6,6,8),(0.,
    0.201673878244,0.574502651043,1.),.UNSPECIFIED.);
#4074 = CARTESIAN_POINT('',(7.504884128709,14.25,-8.169521128619E-02));
#4075 = CARTESIAN_POINT('',(7.518560405352,14.244716749598,
    -8.113320607978E-02));
#4076 = CARTESIAN_POINT('',(7.532244548764,14.239430460202,
    -8.055436517353E-02));
#4077 = CARTESIAN_POINT('',(7.545935959643,14.234141363329,
    -7.996092294257E-02));
#4078 = CARTESIAN_POINT('',(7.55963088775,14.228850907723,
    -7.932281386505E-02));
#4079 = CARTESIAN_POINT('',(7.573331173604,14.223558382379,
    -7.867147720474E-02));
#4080 = CARTESIAN_POINT('',(7.587034522174,14.218264673884,
    -7.799500056625E-02));
#4081 = CARTESIAN_POINT('',(7.626078701207,14.203181608517,
    -7.601395376706E-02));
#4082 = CARTESIAN_POINT('',(7.651425869741,14.1933898032,
    -7.466227333769E-02));
#4083 = CARTESIAN_POINT('',(7.676780177448,14.183595239965,
    -7.324942595346E-02));
#4084 = CARTESIAN_POINT('',(7.7021394186,14.173798770903,
    -7.178132943066E-02));
#4085 = CARTESIAN_POINT('',(7.727500790123,14.164001478863,
    -7.026501516545E-02));
#4086 = CARTESIAN_POINT('',(7.752861324806,14.1542045101,
    -6.870717358607E-02));
#4087 = CARTESIAN_POINT('',(7.807159103998,14.133228862177,
    -6.528966949264E-02));
#4088 = CARTESIAN_POINT('',(7.836095276053,14.122050597315,
    -6.341887638603E-02));
#4089 = CARTESIAN_POINT('',(7.865024024769,14.110875200145,
    -6.15058731643E-02));
#4090 = CARTESIAN_POINT('',(7.893941551336,14.099704138177,
    -5.955668650749E-02));
#4091 = CARTESIAN_POINT('',(7.922843728451,14.08853900582,
    -5.757641715289E-02));
#4092 = CARTESIAN_POINT('',(7.951725979176,14.07738157118,
    -5.556938541921E-02));
#4093 = CARTESIAN_POINT('',(7.980583155791,14.066233822861,
    -5.353927673075E-02));
#4094 = PCURVE('',#3981,#4095);
#4095 = DEFINITIONAL_REPRESENTATION('',(#4096),#4117);
#4096 = B_SPLINE_CURVE_WITH_KNOTS('',7,(#4097,#4098,#4099,#4100,#4101,
    #4102,#4103,#4104,#4105,#4106,#4107,#4108,#4109,#4110,#4111,#4112,
    #4113,#4114,#4115,#4116),.UNSPECIFIED.,.F.,.F.,(8,6,6,8),(0.,
    0.201673878244,0.574502651043,1.),.UNSPECIFIED.);
#4097 = CARTESIAN_POINT('',(-0.254980181694,8.169521128619E-02));
#4098 = CARTESIAN_POINT('',(-0.240318896702,8.113320607978E-02));
#4099 = CARTESIAN_POINT('',(-0.225649178351,8.055436517353E-02));
#4100 = CARTESIAN_POINT('',(-0.210971669107,7.996092294257E-02));
#4101 = CARTESIAN_POINT('',(-0.196290389314,7.932281386505E-02));
#4102 = CARTESIAN_POINT('',(-0.181603365891,7.867147720474E-02));
#4103 = CARTESIAN_POINT('',(-0.166913059167,7.799500056625E-02));
#4104 = CARTESIAN_POINT('',(-0.125056795869,7.601395376706E-02));
#4105 = CARTESIAN_POINT('',(-9.788404473745E-02,7.466227333769E-02));
#4106 = CARTESIAN_POINT('',(-7.070364024746E-02,7.324942595346E-02));
#4107 = CARTESIAN_POINT('',(-4.351794698972E-02,7.178132943066E-02));
#4108 = CARTESIAN_POINT('',(-1.632996992565E-02,7.026501516545E-02));
#4109 = CARTESIAN_POINT('',(1.085711002706E-02,6.870717358607E-02));
#4110 = CARTESIAN_POINT('',(6.906558562116E-02,6.528966949264E-02));
#4111 = CARTESIAN_POINT('',(0.100085831567,6.341887638603E-02));
#4112 = CARTESIAN_POINT('',(0.131098119521,6.15058731643E-02));
#4113 = CARTESIAN_POINT('',(0.162098377072,5.955668650749E-02));
#4114 = CARTESIAN_POINT('',(0.193082179656,5.757641715289E-02));
#4115 = CARTESIAN_POINT('',(0.224044620688,5.556938541921E-02));
#4116 = CARTESIAN_POINT('',(0.254980181694,5.353927673075E-02));
#4117 = ( GEOMETRIC_REPRESENTATION_CONTEXT(2) 
PARAMETRIC_REPRESENTATION_CONTEXT() REPRESENTATION_CONTEXT('2D SPACE',''
  ) );
#4118 = ( GEOMETRIC_REPRESENTATION_CONTEXT(3) 
GLOBAL_UNCERTAINTY_ASSIGNED_CONTEXT((#4122)) 
GLOBAL_UNIT_ASSIGNED_CONTEXT((#4119,#4120,#4121)) REPRESENTATION_CONTEXT
('Context #1','3D Context with UNIT and UNCERTAINTY') );
#4119 = ( LENGTH_UNIT() NAMED_UNIT(*) SI_UNIT(.MILLI.,.METRE.) );
#4120 = ( NAMED_UNIT(*) PLANE_ANGLE_UNIT() SI_UNIT($,.RADIAN.) );
#4121 = ( NAMED_UNIT(*) SI_UNIT($,.STERADIAN.) SOLID_ANGLE_UNIT() );
#4122 = UNCERTAINTY_MEASURE_WITH_UNIT(LENGTH_MEASURE(5.E-06),#4119,
  'distance_accuracy_value','confusion accuracy');
#4123 = CONTEXT_DEPENDENT_SHAPE_REPRESENTATION(#4124,#4126);
#4124 = ( REPRESENTATION_RELATIONSHIP('','',#3963,#10) 
REPRESENTATION_RELATIONSHIP_WITH_TRANSFORMATION(#4125) 
SHAPE_REPRESENTATION_RELATIONSHIP() );
#4125 = ITEM_DEFINED_TRANSFORMATION('','',#11,#111);
#4126 = PRODUCT_DEFINITION_SHAPE('Placement','Placement of an item',
  #4127);
#4127 = NEXT_ASSEMBLY_USAGE_OCCURRENCE('25','','',#5,#3958,$);
#4128 = PRODUCT_RELATED_PRODUCT_CATEGORY('part',$,(#3960));
#4129 = SHAPE_DEFINITION_REPRESENTATION(#4130,#4136);
#4130 = PRODUCT_DEFINITION_SHAPE('','',#4131);
#4131 = PRODUCT_DEFINITION('design','',#4132,#4135);
#4132 = PRODUCT_DEFINITION_FORMATION('','',#4133);
#4133 = PRODUCT('Open CASCADE STEP translator 7.8 1.26',
  'Open CASCADE STEP translator 7.8 1.26','',(#4134));
#4134 = PRODUCT_CONTEXT('',#2,'mechanical');
#4135 = PRODUCT_DEFINITION_CONTEXT('part definition',#2,'design');
#4136 = MANIFOLD_SURFACE_SHAPE_REPRESENTATION('',(#11,#4137),#4227);
#4137 = SHELL_BASED_SURFACE_MODEL('',(#4138));
#4138 = OPEN_SHELL('',(#4139));
#4139 = ADVANCED_FACE('',(#4140),#4154,.T.);
#4140 = FACE_BOUND('',#4141,.T.);
#4141 = EDGE_LOOP('',(#4142,#4165,#4189,#4205));
#4142 = ORIENTED_EDGE('',*,*,#4143,.F.);
#4143 = EDGE_CURVE('',#4144,#4146,#4148,.T.);
#4144 = VERTEX_POINT('',#4145);
#4145 = CARTESIAN_POINT('',(7.504884128709,14.25,0.167695812113));
#4146 = VERTEX_POINT('',#4147);
#4147 = CARTESIAN_POINT('',(7.504884128709,14.25,-8.169521128619E-02));
#4148 = SURFACE_CURVE('',#4149,(#4153),.PCURVE_S1.);
#4149 = LINE('',#4150,#4151);
#4150 = CARTESIAN_POINT('',(7.504884128709,14.25,0.));
#4151 = VECTOR('',#4152,1.);
#4152 = DIRECTION('',(0.,0.,-1.));
#4153 = PCURVE('',#4154,#4159);
#4154 = PLANE('',#4155);
#4155 = AXIS2_PLACEMENT_3D('',#4156,#4157,#4158);
#4156 = CARTESIAN_POINT('',(7.649749500517,14.625,0.));
#4157 = DIRECTION('',(-0.932815687716,0.360353843812,0.));
#4158 = DIRECTION('',(0.360353843812,0.932815687716,0.));
#4159 = DEFINITIONAL_REPRESENTATION('',(#4160),#4164);
#4160 = LINE('',#4161,#4162);
#4161 = CARTESIAN_POINT('',(-0.40200867646,0.));
#4162 = VECTOR('',#4163,1.);
#4163 = DIRECTION('',(0.,1.));
#4164 = ( GEOMETRIC_REPRESENTATION_CONTEXT(2) 
PARAMETRIC_REPRESENTATION_CONTEXT() REPRESENTATION_CONTEXT('2D SPACE',''
  ) );
#4165 = ORIENTED_EDGE('',*,*,#4166,.T.);
#4166 = EDGE_CURVE('',#4144,#4167,#4169,.T.);
#4167 = VERTEX_POINT('',#4168);
#4168 = CARTESIAN_POINT('',(7.794614872325,15.,0.155996104291));
#4169 = SURFACE_CURVE('',#4170,(#4178),.PCURVE_S1.);
#4170 = B_SPLINE_CURVE_WITH_KNOTS('',3,(#4171,#4172,#4173,#4174,#4175,
    #4176,#4177),.UNSPECIFIED.,.F.,.F.,(4,1,1,1,4),(0.,0.3,0.6,0.88,1.),
  .UNSPECIFIED.);
#4171 = CARTESIAN_POINT('',(7.504884128709,14.25,0.167695812113));
#4172 = CARTESIAN_POINT('',(7.53385720307,14.325,0.166525841331));
#4173 = CARTESIAN_POINT('',(7.591803351794,14.475,0.164185899766));
#4174 = CARTESIAN_POINT('',(7.676791036588,14.695,0.160753985472));
#4175 = CARTESIAN_POINT('',(7.744394876765,14.87,0.158024053647));
#4176 = CARTESIAN_POINT('',(7.78302564258,14.97,0.156464092604));
#4177 = CARTESIAN_POINT('',(7.794614872325,15.,0.155996104291));
#4178 = PCURVE('',#4154,#4179);
#4179 = DEFINITIONAL_REPRESENTATION('',(#4180),#4188);
#4180 = B_SPLINE_CURVE_WITH_KNOTS('',3,(#4181,#4182,#4183,#4184,#4185,
    #4186,#4187),.UNSPECIFIED.,.F.,.F.,(4,1,1,1,4),(0.,0.3,0.6,0.88,1.),
  .UNSPECIFIED.);
#4181 = CARTESIAN_POINT('',(-0.40200867646,-0.167695812113));
#4182 = CARTESIAN_POINT('',(-0.321606941168,-0.166525841331));
#4183 = CARTESIAN_POINT('',(-0.160803470584,-0.164185899766));
#4184 = CARTESIAN_POINT('',(7.504161960587E-02,-0.160753985472));
#4185 = CARTESIAN_POINT('',(0.262645668621,-0.158024053647));
#4186 = CARTESIAN_POINT('',(0.369847982343,-0.156464092604));
#4187 = CARTESIAN_POINT('',(0.40200867646,-0.155996104291));
#4188 = ( GEOMETRIC_REPRESENTATION_CONTEXT(2) 
PARAMETRIC_REPRESENTATION_CONTEXT() REPRESENTATION_CONTEXT('2D SPACE',''
  ) );
#4189 = ORIENTED_EDGE('',*,*,#4190,.T.);
#4190 = EDGE_CURVE('',#4167,#4191,#4193,.T.);
#4191 = VERTEX_POINT('',#4192);
#4192 = CARTESIAN_POINT('',(7.794614872325,15.,-7.599554538251E-02));
#4193 = SURFACE_CURVE('',#4194,(#4198),.PCURVE_S1.);
#4194 = LINE('',#4195,#4196);
#4195 = CARTESIAN_POINT('',(7.794614872325,15.,0.));
#4196 = VECTOR('',#4197,1.);
#4197 = DIRECTION('',(0.,0.,-1.));
#4198 = PCURVE('',#4154,#4199);
#4199 = DEFINITIONAL_REPRESENTATION('',(#4200),#4204);
#4200 = LINE('',#4201,#4202);
#4201 = CARTESIAN_POINT('',(0.40200867646,0.));
#4202 = VECTOR('',#4203,1.);
#4203 = DIRECTION('',(0.,1.));
#4204 = ( GEOMETRIC_REPRESENTATION_CONTEXT(2) 
PARAMETRIC_REPRESENTATION_CONTEXT() REPRESENTATION_CONTEXT('2D SPACE',''
  ) );
#4205 = ORIENTED_EDGE('',*,*,#4206,.F.);
#4206 = EDGE_CURVE('',#4146,#4191,#4207,.T.);
#4207 = SURFACE_CURVE('',#4208,(#4216),.PCURVE_S1.);
#4208 = B_SPLINE_CURVE_WITH_KNOTS('',3,(#4209,#4210,#4211,#4212,#4213,
    #4214,#4215),.UNSPECIFIED.,.F.,.F.,(4,1,1,1,4),(0.,0.3,0.58,0.88,1.)
  ,.UNSPECIFIED.);
#4209 = CARTESIAN_POINT('',(7.504884128709,14.25,-8.169521128619E-02));
#4210 = CARTESIAN_POINT('',(7.53385720307,14.325,-8.112524469583E-02));
#4211 = CARTESIAN_POINT('',(7.589871813503,14.47,-8.002330928778E-02));
#4212 = CARTESIAN_POINT('',(7.674859498297,14.69,-7.835140728936E-02));
#4213 = CARTESIAN_POINT('',(7.742463338474,14.865,-7.702148524517E-02));
#4214 = CARTESIAN_POINT('',(7.78302564258,14.97,-7.622353201865E-02));
#4215 = CARTESIAN_POINT('',(7.794614872325,15.,-7.599554538251E-02));
#4216 = PCURVE('',#4154,#4217);
#4217 = DEFINITIONAL_REPRESENTATION('',(#4218),#4226);
#4218 = B_SPLINE_CURVE_WITH_KNOTS('',3,(#4219,#4220,#4221,#4222,#4223,
    #4224,#4225),.UNSPECIFIED.,.F.,.F.,(4,1,1,1,4),(0.,0.3,0.58,0.88,1.)
  ,.UNSPECIFIED.);
#4219 = CARTESIAN_POINT('',(-0.40200867646,8.169521128619E-02));
#4220 = CARTESIAN_POINT('',(-0.321606941168,8.112524469583E-02));
#4221 = CARTESIAN_POINT('',(-0.16616358627,8.002330928778E-02));
#4222 = CARTESIAN_POINT('',(6.968150391974E-02,7.835140728936E-02));
#4223 = CARTESIAN_POINT('',(0.257285552934,7.702148524517E-02));
#4224 = CARTESIAN_POINT('',(0.369847982343,7.622353201865E-02));
#4225 = CARTESIAN_POINT('',(0.40200867646,7.599554538251E-02));
#4226 = ( GEOMETRIC_REPRESENTATION_CONTEXT(2) 
PARAMETRIC_REPRESENTATION_CONTEXT() REPRESENTATION_CONTEXT('2D SPACE',''
  ) );
#4227 = ( GEOMETRIC_REPRESENTATION_CONTEXT(3) 
GLOBAL_UNCERTAINTY_ASSIGNED_CONTEXT((#4231)) 
GLOBAL_UNIT_ASSIGNED_CONTEXT((#4228,#4229,#4230)) REPRESENTATION_CONTEXT
('Context #1','3D Context with UNIT and UNCERTAINTY') );
#4228 = ( LENGTH_UNIT() NAMED_UNIT(*) SI_UNIT(.MILLI.,.METRE.) );
#4229 = ( NAMED_UNIT(*) PLANE_ANGLE_UNIT() SI_UNIT($,.RADIAN.) );
#4230 = ( NAMED_UNIT(*) SI_UNIT($,.STERADIAN.) SOLID_ANGLE_UNIT() );
#4231 = UNCERTAINTY_MEASURE_WITH_UNIT(LENGTH_MEASURE(5.E-06),#4228,
  'distance_accuracy_value','confusion accuracy');
#4232 = CONTEXT_DEPENDENT_SHAPE_REPRESENTATION(#4233,#4235);
#4233 = ( REPRESENTATION_RELATIONSHIP('','',#4136,#10) 
REPRESENTATION_RELATIONSHIP_WITH_TRANSFORMATION(#4234) 
SHAPE_REPRESENTATION_RELATIONSHIP() );
#4234 = ITEM_DEFINED_TRANSFORMATION('','',#11,#115);
#4235 = PRODUCT_DEFINITION_SHAPE('Placement','Placement of an item',
  #4236);
#4236 = NEXT_ASSEMBLY_USAGE_OCCURRENCE('26','','',#5,#4131,$);
#4237 = PRODUCT_RELATED_PRODUCT_CATEGORY('part',$,(#4133));
ENDSEC;
END-ISO-10303-21;
