ISO-10303-21;
HEADER;
FILE_DESCRIPTION(('Open CASCADE Model'),'2;1');
FILE_NAME('Open CASCADE Shape Model','2026-05-06T18:25:25',('Author'),(
    'Open CASCADE'),'Open CASCADE STEP processor 7.8','Open CASCADE 7.8'
  ,'Unknown');
FILE_SCHEMA((
'AP242_MANAGED_MODEL_BASED_3D_ENGINEERING_MIM_LF. {1 0 10303 442 1 1 4 
}'));
ENDSEC;
DATA;
#1 = APPLICATION_PROTOCOL_DEFINITION('international standard',
  'ap242_managed_model_based_3d_engineering',2013,#2);
#2 = APPLICATION_CONTEXT('Managed model based 3d engineering');
#3 = SHAPE_DEFINITION_REPRESENTATION(#4,#10);
#4 = PRODUCT_DEFINITION_SHAPE('','',#5);
#5 = PRODUCT_DEFINITION('design','',#6,#9);
#6 = PRODUCT_DEFINITION_FORMATION('','',#7);
#7 = PRODUCT('Open CASCADE STEP translator 7.8 2',
  'Open CASCADE STEP translator 7.8 2','',(#8));
#8 = PRODUCT_CONTEXT('',#2,'mechanical');
#9 = PRODUCT_DEFINITION_CONTEXT('part definition',#2,'design');
#10 = SHAPE_REPRESENTATION('',(#11,#15,#19,#23,#27,#31,#35,#39,#43,#47,
    #51,#55,#59,#63,#67,#71,#75,#79,#83,#87,#91,#95,#99,#103,#107,#111,
    #115,#119,#123,#127,#131,#135,#139,#143,#147,#151,#155,#159,#163,
    #167,#171,#175),#179);
#11 = AXIS2_PLACEMENT_3D('',#12,#13,#14);
#12 = CARTESIAN_POINT('',(0.,0.,0.));
#13 = DIRECTION('',(0.,0.,1.));
#14 = DIRECTION('',(1.,0.,-0.));
#15 = AXIS2_PLACEMENT_3D('',#16,#17,#18);
#16 = CARTESIAN_POINT('',(0.,0.,0.));
#17 = DIRECTION('',(0.,0.,1.));
#18 = DIRECTION('',(1.,0.,-0.));
#19 = AXIS2_PLACEMENT_3D('',#20,#21,#22);
#20 = CARTESIAN_POINT('',(0.,0.,0.));
#21 = DIRECTION('',(0.,0.,1.));
#22 = DIRECTION('',(1.,0.,-0.));
#23 = AXIS2_PLACEMENT_3D('',#24,#25,#26);
#24 = CARTESIAN_POINT('',(0.,0.,0.));
#25 = DIRECTION('',(0.,0.,1.));
#26 = DIRECTION('',(1.,0.,-0.));
#27 = AXIS2_PLACEMENT_3D('',#28,#29,#30);
#28 = CARTESIAN_POINT('',(0.,0.,0.));
#29 = DIRECTION('',(0.,0.,1.));
#30 = DIRECTION('',(1.,0.,-0.));
#31 = AXIS2_PLACEMENT_3D('',#32,#33,#34);
#32 = CARTESIAN_POINT('',(0.,0.,0.));
#33 = DIRECTION('',(0.,0.,1.));
#34 = DIRECTION('',(1.,0.,-0.));
#35 = AXIS2_PLACEMENT_3D('',#36,#37,#38);
#36 = CARTESIAN_POINT('',(0.,0.,0.));
#37 = DIRECTION('',(0.,0.,1.));
#38 = DIRECTION('',(1.,0.,-0.));
#39 = AXIS2_PLACEMENT_3D('',#40,#41,#42);
#40 = CARTESIAN_POINT('',(0.,0.,0.));
#41 = DIRECTION('',(0.,0.,1.));
#42 = DIRECTION('',(1.,0.,-0.));
#43 = AXIS2_PLACEMENT_3D('',#44,#45,#46);
#44 = CARTESIAN_POINT('',(0.,0.,0.));
#45 = DIRECTION('',(0.,0.,1.));
#46 = DIRECTION('',(1.,0.,-0.));
#47 = AXIS2_PLACEMENT_3D('',#48,#49,#50);
#48 = CARTESIAN_POINT('',(0.,0.,0.));
#49 = DIRECTION('',(0.,0.,1.));
#50 = DIRECTION('',(1.,0.,-0.));
#51 = AXIS2_PLACEMENT_3D('',#52,#53,#54);
#52 = CARTESIAN_POINT('',(0.,0.,0.));
#53 = DIRECTION('',(0.,0.,1.));
#54 = DIRECTION('',(1.,0.,-0.));
#55 = AXIS2_PLACEMENT_3D('',#56,#57,#58);
#56 = CARTESIAN_POINT('',(0.,0.,0.));
#57 = DIRECTION('',(0.,0.,1.));
#58 = DIRECTION('',(1.,0.,-0.));
#59 = AXIS2_PLACEMENT_3D('',#60,#61,#62);
#60 = CARTESIAN_POINT('',(0.,0.,0.));
#61 = DIRECTION('',(0.,0.,1.));
#62 = DIRECTION('',(1.,0.,-0.));
#63 = AXIS2_PLACEMENT_3D('',#64,#65,#66);
#64 = CARTESIAN_POINT('',(0.,0.,0.));
#65 = DIRECTION('',(0.,0.,1.));
#66 = DIRECTION('',(1.,0.,-0.));
#67 = AXIS2_PLACEMENT_3D('',#68,#69,#70);
#68 = CARTESIAN_POINT('',(0.,0.,0.));
#69 = DIRECTION('',(0.,0.,1.));
#70 = DIRECTION('',(1.,0.,-0.));
#71 = AXIS2_PLACEMENT_3D('',#72,#73,#74);
#72 = CARTESIAN_POINT('',(0.,0.,0.));
#73 = DIRECTION('',(0.,0.,1.));
#74 = DIRECTION('',(1.,0.,-0.));
#75 = AXIS2_PLACEMENT_3D('',#76,#77,#78);
#76 = CARTESIAN_POINT('',(0.,0.,0.));
#77 = DIRECTION('',(0.,0.,1.));
#78 = DIRECTION('',(1.,0.,-0.));
#79 = AXIS2_PLACEMENT_3D('',#80,#81,#82);
#80 = CARTESIAN_POINT('',(0.,0.,0.));
#81 = DIRECTION('',(0.,0.,1.));
#82 = DIRECTION('',(1.,0.,-0.));
#83 = AXIS2_PLACEMENT_3D('',#84,#85,#86);
#84 = CARTESIAN_POINT('',(0.,0.,0.));
#85 = DIRECTION('',(0.,0.,1.));
#86 = DIRECTION('',(1.,0.,-0.));
#87 = AXIS2_PLACEMENT_3D('',#88,#89,#90);
#88 = CARTESIAN_POINT('',(0.,0.,0.));
#89 = DIRECTION('',(0.,0.,1.));
#90 = DIRECTION('',(1.,0.,-0.));
#91 = AXIS2_PLACEMENT_3D('',#92,#93,#94);
#92 = CARTESIAN_POINT('',(0.,0.,0.));
#93 = DIRECTION('',(0.,0.,1.));
#94 = DIRECTION('',(1.,0.,-0.));
#95 = AXIS2_PLACEMENT_3D('',#96,#97,#98);
#96 = CARTESIAN_POINT('',(0.,0.,0.));
#97 = DIRECTION('',(0.,0.,1.));
#98 = DIRECTION('',(1.,0.,-0.));
#99 = AXIS2_PLACEMENT_3D('',#100,#101,#102);
#100 = CARTESIAN_POINT('',(0.,0.,0.));
#101 = DIRECTION('',(0.,0.,1.));
#102 = DIRECTION('',(1.,0.,-0.));
#103 = AXIS2_PLACEMENT_3D('',#104,#105,#106);
#104 = CARTESIAN_POINT('',(0.,0.,0.));
#105 = DIRECTION('',(0.,0.,1.));
#106 = DIRECTION('',(1.,0.,-0.));
#107 = AXIS2_PLACEMENT_3D('',#108,#109,#110);
#108 = CARTESIAN_POINT('',(0.,0.,0.));
#109 = DIRECTION('',(0.,0.,1.));
#110 = DIRECTION('',(1.,0.,-0.));
#111 = AXIS2_PLACEMENT_3D('',#112,#113,#114);
#112 = CARTESIAN_POINT('',(0.,0.,0.));
#113 = DIRECTION('',(0.,0.,1.));
#114 = DIRECTION('',(1.,0.,-0.));
#115 = AXIS2_PLACEMENT_3D('',#116,#117,#118);
#116 = CARTESIAN_POINT('',(0.,0.,0.));
#117 = DIRECTION('',(0.,0.,1.));
#118 = DIRECTION('',(1.,0.,-0.));
#119 = AXIS2_PLACEMENT_3D('',#120,#121,#122);
#120 = CARTESIAN_POINT('',(0.,0.,0.));
#121 = DIRECTION('',(0.,0.,1.));
#122 = DIRECTION('',(1.,0.,-0.));
#123 = AXIS2_PLACEMENT_3D('',#124,#125,#126);
#124 = CARTESIAN_POINT('',(0.,0.,0.));
#125 = DIRECTION('',(0.,0.,1.));
#126 = DIRECTION('',(1.,0.,-0.));
#127 = AXIS2_PLACEMENT_3D('',#128,#129,#130);
#128 = CARTESIAN_POINT('',(0.,0.,0.));
#129 = DIRECTION('',(0.,0.,1.));
#130 = DIRECTION('',(1.,0.,-0.));
#131 = AXIS2_PLACEMENT_3D('',#132,#133,#134);
#132 = CARTESIAN_POINT('',(0.,0.,0.));
#133 = DIRECTION('',(0.,0.,1.));
#134 = DIRECTION('',(1.,0.,-0.));
#135 = AXIS2_PLACEMENT_3D('',#136,#137,#138);
#136 = CARTESIAN_POINT('',(0.,0.,0.));
#137 = DIRECTION('',(0.,0.,1.));
#138 = DIRECTION('',(1.,0.,-0.));
#139 = AXIS2_PLACEMENT_3D('',#140,#141,#142);
#140 = CARTESIAN_POINT('',(0.,0.,0.));
#141 = DIRECTION('',(0.,0.,1.));
#142 = DIRECTION('',(1.,0.,-0.));
#143 = AXIS2_PLACEMENT_3D('',#144,#145,#146);
#144 = CARTESIAN_POINT('',(0.,0.,0.));
#145 = DIRECTION('',(0.,0.,1.));
#146 = DIRECTION('',(1.,0.,-0.));
#147 = AXIS2_PLACEMENT_3D('',#148,#149,#150);
#148 = CARTESIAN_POINT('',(0.,0.,0.));
#149 = DIRECTION('',(0.,0.,1.));
#150 = DIRECTION('',(1.,0.,-0.));
#151 = AXIS2_PLACEMENT_3D('',#152,#153,#154);
#152 = CARTESIAN_POINT('',(0.,0.,0.));
#153 = DIRECTION('',(0.,0.,1.));
#154 = DIRECTION('',(1.,0.,-0.));
#155 = AXIS2_PLACEMENT_3D('',#156,#157,#158);
#156 = CARTESIAN_POINT('',(0.,0.,0.));
#157 = DIRECTION('',(0.,0.,1.));
#158 = DIRECTION('',(1.,0.,-0.));
#159 = AXIS2_PLACEMENT_3D('',#160,#161,#162);
#160 = CARTESIAN_POINT('',(0.,0.,0.));
#161 = DIRECTION('',(0.,0.,1.));
#162 = DIRECTION('',(1.,0.,-0.));
#163 = AXIS2_PLACEMENT_3D('',#164,#165,#166);
#164 = CARTESIAN_POINT('',(0.,0.,0.));
#165 = DIRECTION('',(0.,0.,1.));
#166 = DIRECTION('',(1.,0.,-0.));
#167 = AXIS2_PLACEMENT_3D('',#168,#169,#170);
#168 = CARTESIAN_POINT('',(0.,0.,0.));
#169 = DIRECTION('',(0.,0.,1.));
#170 = DIRECTION('',(1.,0.,-0.));
#171 = AXIS2_PLACEMENT_3D('',#172,#173,#174);
#172 = CARTESIAN_POINT('',(0.,0.,0.));
#173 = DIRECTION('',(0.,0.,1.));
#174 = DIRECTION('',(1.,0.,-0.));
#175 = AXIS2_PLACEMENT_3D('',#176,#177,#178);
#176 = CARTESIAN_POINT('',(0.,0.,0.));
#177 = DIRECTION('',(0.,0.,1.));
#178 = DIRECTION('',(1.,0.,-0.));
#179 = ( GEOMETRIC_REPRESENTATION_CONTEXT(3) 
GLOBAL_UNCERTAINTY_ASSIGNED_CONTEXT((#183)) GLOBAL_UNIT_ASSIGNED_CONTEXT
((#180,#181,#182)) REPRESENTATION_CONTEXT('Context #1',
  '3D Context with UNIT and UNCERTAINTY') );
#180 = ( LENGTH_UNIT() NAMED_UNIT(*) SI_UNIT(.MILLI.,.METRE.) );
#181 = ( NAMED_UNIT(*) PLANE_ANGLE_UNIT() SI_UNIT($,.RADIAN.) );
#182 = ( NAMED_UNIT(*) SI_UNIT($,.STERADIAN.) SOLID_ANGLE_UNIT() );
#183 = UNCERTAINTY_MEASURE_WITH_UNIT(LENGTH_MEASURE(5.E-06),#180,
  'distance_accuracy_value','confusion accuracy');
#184 = PRODUCT_RELATED_PRODUCT_CATEGORY('part',$,(#7));
#185 = SHAPE_DEFINITION_REPRESENTATION(#186,#192);
#186 = PRODUCT_DEFINITION_SHAPE('','',#187);
#187 = PRODUCT_DEFINITION('design','',#188,#191);
#188 = PRODUCT_DEFINITION_FORMATION('','',#189);
#189 = PRODUCT('Open CASCADE STEP translator 7.8 2.1',
  'Open CASCADE STEP translator 7.8 2.1','',(#190));
#190 = PRODUCT_CONTEXT('',#2,'mechanical');
#191 = PRODUCT_DEFINITION_CONTEXT('part definition',#2,'design');
#192 = MANIFOLD_SURFACE_SHAPE_REPRESENTATION('',(#11,#193),#263);
#193 = SHELL_BASED_SURFACE_MODEL('',(#194));
#194 = OPEN_SHELL('',(#195));
#195 = ADVANCED_FACE('',(#196),#210,.T.);
#196 = FACE_BOUND('',#197,.T.);
#197 = EDGE_LOOP('',(#198,#221,#235,#251));
#198 = ORIENTED_EDGE('',*,*,#199,.F.);
#199 = EDGE_CURVE('',#200,#202,#204,.T.);
#200 = VERTEX_POINT('',#201);
#201 = CARTESIAN_POINT('',(2.,-1.387778780781E-17,0.389990260727));
#202 = VERTEX_POINT('',#203);
#203 = CARTESIAN_POINT('',(2.,-1.387778780781E-17,-0.189988863456));
#204 = SURFACE_CURVE('',#205,(#209),.PCURVE_S1.);
#205 = LINE('',#206,#207);
#206 = CARTESIAN_POINT('',(2.,-2.775557561563E-17,0.));
#207 = VECTOR('',#208,1.);
#208 = DIRECTION('',(0.,0.,-1.));
#209 = PCURVE('',#210,#215);
#210 = PLANE('',#211);
#211 = AXIS2_PLACEMENT_3D('',#212,#213,#214);
#212 = CARTESIAN_POINT('',(2.057946148723,0.15,0.));
#213 = DIRECTION('',(-0.932815687716,0.360353843812,0.));
#214 = DIRECTION('',(0.360353843812,0.932815687716,0.));
#215 = DEFINITIONAL_REPRESENTATION('',(#216),#220);
#216 = LINE('',#217,#218);
#217 = CARTESIAN_POINT('',(-0.160803470584,0.));
#218 = VECTOR('',#219,1.);
#219 = DIRECTION('',(0.,1.));
#220 = ( GEOMETRIC_REPRESENTATION_CONTEXT(2) 
PARAMETRIC_REPRESENTATION_CONTEXT() REPRESENTATION_CONTEXT('2D SPACE',''
  ) );
#221 = ORIENTED_EDGE('',*,*,#222,.T.);
#222 = EDGE_CURVE('',#200,#223,#225,.T.);
#223 = VERTEX_POINT('',#224);
#224 = CARTESIAN_POINT('',(2.115892297446,0.3,0.385310377599));
#225 = SURFACE_CURVE('',#226,(#229),.PCURVE_S1.);
#226 = B_SPLINE_CURVE_WITH_KNOTS('',1,(#227,#228),.UNSPECIFIED.,.F.,.F.,
  (2,2),(0.,1.),.PIECEWISE_BEZIER_KNOTS.);
#227 = CARTESIAN_POINT('',(2.,-1.110223024625E-15,0.389990260727));
#228 = CARTESIAN_POINT('',(2.115892297446,0.3,0.385310377599));
#229 = PCURVE('',#210,#230);
#230 = DEFINITIONAL_REPRESENTATION('',(#231),#234);
#231 = B_SPLINE_CURVE_WITH_KNOTS('',1,(#232,#233),.UNSPECIFIED.,.F.,.F.,
  (2,2),(0.,1.),.PIECEWISE_BEZIER_KNOTS.);
#232 = CARTESIAN_POINT('',(-0.160803470584,-0.389990260727));
#233 = CARTESIAN_POINT('',(0.160803470584,-0.385310377599));
#234 = ( GEOMETRIC_REPRESENTATION_CONTEXT(2) 
PARAMETRIC_REPRESENTATION_CONTEXT() REPRESENTATION_CONTEXT('2D SPACE',''
  ) );
#235 = ORIENTED_EDGE('',*,*,#236,.T.);
#236 = EDGE_CURVE('',#223,#237,#239,.T.);
#237 = VERTEX_POINT('',#238);
#238 = CARTESIAN_POINT('',(2.115892297446,0.3,-0.187708997095));
#239 = SURFACE_CURVE('',#240,(#244),.PCURVE_S1.);
#240 = LINE('',#241,#242);
#241 = CARTESIAN_POINT('',(2.115892297446,0.3,0.));
#242 = VECTOR('',#243,1.);
#243 = DIRECTION('',(0.,0.,-1.));
#244 = PCURVE('',#210,#245);
#245 = DEFINITIONAL_REPRESENTATION('',(#246),#250);
#246 = LINE('',#247,#248);
#247 = CARTESIAN_POINT('',(0.160803470584,0.));
#248 = VECTOR('',#249,1.);
#249 = DIRECTION('',(0.,1.));
#250 = ( GEOMETRIC_REPRESENTATION_CONTEXT(2) 
PARAMETRIC_REPRESENTATION_CONTEXT() REPRESENTATION_CONTEXT('2D SPACE',''
  ) );
#251 = ORIENTED_EDGE('',*,*,#252,.F.);
#252 = EDGE_CURVE('',#202,#237,#253,.T.);
#253 = SURFACE_CURVE('',#254,(#257),.PCURVE_S1.);
#254 = B_SPLINE_CURVE_WITH_KNOTS('',1,(#255,#256),.UNSPECIFIED.,.F.,.F.,
  (2,2),(0.,1.),.PIECEWISE_BEZIER_KNOTS.);
#255 = CARTESIAN_POINT('',(2.,2.775557561563E-17,-0.189988863456));
#256 = CARTESIAN_POINT('',(2.115892297446,0.3,-0.187708997095));
#257 = PCURVE('',#210,#258);
#258 = DEFINITIONAL_REPRESENTATION('',(#259),#262);
#259 = B_SPLINE_CURVE_WITH_KNOTS('',1,(#260,#261),.UNSPECIFIED.,.F.,.F.,
  (2,2),(0.,1.),.PIECEWISE_BEZIER_KNOTS.);
#260 = CARTESIAN_POINT('',(-0.160803470584,0.189988863456));
#261 = CARTESIAN_POINT('',(0.160803470584,0.187708997095));
#262 = ( GEOMETRIC_REPRESENTATION_CONTEXT(2) 
PARAMETRIC_REPRESENTATION_CONTEXT() REPRESENTATION_CONTEXT('2D SPACE',''
  ) );
#263 = ( GEOMETRIC_REPRESENTATION_CONTEXT(3) 
GLOBAL_UNCERTAINTY_ASSIGNED_CONTEXT((#267)) GLOBAL_UNIT_ASSIGNED_CONTEXT
((#264,#265,#266)) REPRESENTATION_CONTEXT('Context #1',
  '3D Context with UNIT and UNCERTAINTY') );
#264 = ( LENGTH_UNIT() NAMED_UNIT(*) SI_UNIT(.MILLI.,.METRE.) );
#265 = ( NAMED_UNIT(*) PLANE_ANGLE_UNIT() SI_UNIT($,.RADIAN.) );
#266 = ( NAMED_UNIT(*) SI_UNIT($,.STERADIAN.) SOLID_ANGLE_UNIT() );
#267 = UNCERTAINTY_MEASURE_WITH_UNIT(LENGTH_MEASURE(5.E-06),#264,
  'distance_accuracy_value','confusion accuracy');
#268 = CONTEXT_DEPENDENT_SHAPE_REPRESENTATION(#269,#271);
#269 = ( REPRESENTATION_RELATIONSHIP('','',#192,#10) 
REPRESENTATION_RELATIONSHIP_WITH_TRANSFORMATION(#270) 
SHAPE_REPRESENTATION_RELATIONSHIP() );
#270 = ITEM_DEFINED_TRANSFORMATION('','',#11,#15);
#271 = PRODUCT_DEFINITION_SHAPE('Placement','Placement of an item',#272
  );
#272 = NEXT_ASSEMBLY_USAGE_OCCURRENCE('1','','',#5,#187,$);
#273 = PRODUCT_RELATED_PRODUCT_CATEGORY('part',$,(#189));
#274 = SHAPE_DEFINITION_REPRESENTATION(#275,#281);
#275 = PRODUCT_DEFINITION_SHAPE('','',#276);
#276 = PRODUCT_DEFINITION('design','',#277,#280);
#277 = PRODUCT_DEFINITION_FORMATION('','',#278);
#278 = PRODUCT('Open CASCADE STEP translator 7.8 2.2',
  'Open CASCADE STEP translator 7.8 2.2','',(#279));
#279 = PRODUCT_CONTEXT('',#2,'mechanical');
#280 = PRODUCT_DEFINITION_CONTEXT('part definition',#2,'design');
#281 = MANIFOLD_SURFACE_SHAPE_REPRESENTATION('',(#11,#282),#464);
#282 = SHELL_BASED_SURFACE_MODEL('',(#283));
#283 = OPEN_SHELL('',(#284));
#284 = ADVANCED_FACE('',(#285),#299,.T.);
#285 = FACE_BOUND('',#286,.T.);
#286 = EDGE_LOOP('',(#287,#310,#380,#396));
#287 = ORIENTED_EDGE('',*,*,#288,.F.);
#288 = EDGE_CURVE('',#289,#291,#293,.T.);
#289 = VERTEX_POINT('',#290);
#290 = CARTESIAN_POINT('',(2.115892297446,0.3,0.385310377599));
#291 = VERTEX_POINT('',#292);
#292 = CARTESIAN_POINT('',(2.115892297446,0.3,-0.187708997095));
#293 = SURFACE_CURVE('',#294,(#298),.PCURVE_S1.);
#294 = LINE('',#295,#296);
#295 = CARTESIAN_POINT('',(2.115892297446,0.3,0.));
#296 = VECTOR('',#297,1.);
#297 = DIRECTION('',(-0.,0.,-1.));
#298 = PCURVE('',#299,#304);
#299 = PLANE('',#300);
#300 = AXIS2_PLACEMENT_3D('',#301,#302,#303);
#301 = CARTESIAN_POINT('',(1.844576048703,1.093440693797,0.));
#302 = DIRECTION('',(-0.946209259935,-0.323555306577,0.));
#303 = DIRECTION('',(-0.323555306577,0.946209259935,0.));
#304 = DEFINITIONAL_REPRESENTATION('',(#305),#309);
#305 = LINE('',#306,#307);
#306 = CARTESIAN_POINT('',(-0.838546743721,0.));
#307 = VECTOR('',#308,1.);
#308 = DIRECTION('',(0.,1.));
#309 = ( GEOMETRIC_REPRESENTATION_CONTEXT(2) 
PARAMETRIC_REPRESENTATION_CONTEXT() REPRESENTATION_CONTEXT('2D SPACE',''
  ) );
#310 = ORIENTED_EDGE('',*,*,#311,.T.);
#311 = EDGE_CURVE('',#289,#312,#314,.T.);
#312 = VERTEX_POINT('',#313);
#313 = CARTESIAN_POINT('',(1.57325979996,1.886881387593,0.305431328666)
  );
#314 = SURFACE_CURVE('',#315,(#346),.PCURVE_S1.);
#315 = B_SPLINE_CURVE_WITH_KNOTS('',8,(#316,#317,#318,#319,#320,#321,
    #322,#323,#324,#325,#326,#327,#328,#329,#330,#331,#332,#333,#334,
    #335,#336,#337,#338,#339,#340,#341,#342,#343,#344,#345),
  .UNSPECIFIED.,.F.,.F.,(9,7,7,7,9),(0.,0.111624606377,0.319475794125,
    0.865151612141,1.),.UNSPECIFIED.);
#316 = CARTESIAN_POINT('',(2.115892297446,0.3,0.385310377599));
#317 = CARTESIAN_POINT('',(2.108293399474,0.322222314025,0.385559982414)
  );
#318 = CARTESIAN_POINT('',(2.10069456701,0.344444436473,0.385779455125)
  );
#319 = CARTESIAN_POINT('',(2.093095824947,0.366666294555,0.385967405676)
  );
#320 = CARTESIAN_POINT('',(2.085497169534,0.388887899235,0.386121114173)
  );
#321 = CARTESIAN_POINT('',(2.077898613968,0.41110921192,0.386239078147)
  );
#322 = CARTESIAN_POINT('',(2.070300202452,0.433330103346,0.38632166351)
  );
#323 = CARTESIAN_POINT('',(2.062701992717,0.455550404679,0.38636985918)
  );
#324 = CARTESIAN_POINT('',(2.040956137633,0.519144260282,0.386404994406)
  );
#325 = CARTESIAN_POINT('',(2.026809054019,0.560516171805,0.386304253288)
  );
#326 = CARTESIAN_POINT('',(2.012662966803,0.601885169448,0.386077966344)
  );
#327 = CARTESIAN_POINT('',(1.998518279486,0.643250073211,0.385722104808)
  );
#328 = CARTESIAN_POINT('',(1.98437511559,0.684610521862,0.385233617627)
  );
#329 = CARTESIAN_POINT('',(1.970233579275,0.725966210793,0.384609509334)
  );
#330 = CARTESIAN_POINT('',(1.956094034663,0.767316075163,0.383845523852)
  );
#331 = CARTESIAN_POINT('',(1.904841637335,0.91719923875,0.380555543265)
  );
#332 = CARTESIAN_POINT('',(1.867743840786,1.025688507523,0.377184717241)
  );
#333 = CARTESIAN_POINT('',(1.830666358906,1.134118367819,0.372757300382)
  );
#334 = CARTESIAN_POINT('',(1.793614756237,1.242472546619,0.367182015235)
  );
#335 = CARTESIAN_POINT('',(1.756597139774,1.350727335726,0.36037780682)
  );
#336 = CARTESIAN_POINT('',(1.719626257779,1.458845453959,0.352207684669)
  );
#337 = CARTESIAN_POINT('',(1.68271733635,1.566782373926,0.342533610386)
  );
#338 = CARTESIAN_POINT('',(1.636791826663,1.701087519443,0.328313970364)
  );
#339 = CARTESIAN_POINT('',(1.627696740961,1.727685303922,0.32539075655)
  );
#340 = CARTESIAN_POINT('',(1.618607232926,1.754266776999,0.322358833157)
  );
#341 = CARTESIAN_POINT('',(1.609523714348,1.780830734435,0.319214654552)
  );
#342 = CARTESIAN_POINT('',(1.600446655002,1.807375802408,0.315954299482)
  );
#343 = CARTESIAN_POINT('',(1.591376582654,1.833900437513,0.312573471075)
  );
#344 = CARTESIAN_POINT('',(1.582314083059,1.860402926765,0.30906749684)
  );
#345 = CARTESIAN_POINT('',(1.57325979996,1.886881387593,0.305431328666)
  );
#346 = PCURVE('',#299,#347);
#347 = DEFINITIONAL_REPRESENTATION('',(#348),#379);
#348 = B_SPLINE_CURVE_WITH_KNOTS('',8,(#349,#350,#351,#352,#353,#354,
    #355,#356,#357,#358,#359,#360,#361,#362,#363,#364,#365,#366,#367,
    #368,#369,#370,#371,#372,#373,#374,#375,#376,#377,#378),
  .UNSPECIFIED.,.F.,.F.,(9,7,7,7,9),(0.,0.111624606377,0.319475794125,
    0.865151612141,1.),.UNSPECIFIED.);
#349 = CARTESIAN_POINT('',(-0.838546743721,-0.385310377599));
#350 = CARTESIAN_POINT('',(-0.81506112065,-0.385559982414));
#351 = CARTESIAN_POINT('',(-0.791575700046,-0.385779455125));
#352 = CARTESIAN_POINT('',(-0.768090558839,-0.385967405676));
#353 = CARTESIAN_POINT('',(-0.744605685438,-0.386121114173));
#354 = CARTESIAN_POINT('',(-0.721121120632,-0.386239078147));
#355 = CARTESIAN_POINT('',(-0.697637001033,-0.38632166351));
#356 = CARTESIAN_POINT('',(-0.674153505073,-0.38636985918));
#357 = CARTESIAN_POINT('',(-0.606944423219,-0.386404994406));
#358 = CARTESIAN_POINT('',(-0.563220573458,-0.386304253288));
#359 = CARTESIAN_POINT('',(-0.519499803228,-0.386077966344));
#360 = CARTESIAN_POINT('',(-0.47578335961,-0.385722104808));
#361 = CARTESIAN_POINT('',(-0.432071624371,-0.385233617627));
#362 = CARTESIAN_POINT('',(-0.388364919435,-0.384609509334));
#363 = CARTESIAN_POINT('',(-0.34466437018,-0.383845523852));
#364 = CARTESIAN_POINT('',(-0.186260547755,-0.380555543265));
#365 = CARTESIAN_POINT('',(-7.160380810322E-02,-0.377184717241));
#366 = CARTESIAN_POINT('',(4.299014577926E-02,-0.372757300382));
#367 = CARTESIAN_POINT('',(0.157504115773,-0.367182015235));
#368 = CARTESIAN_POINT('',(0.271913045902,-0.36037780682));
#369 = CARTESIAN_POINT('',(0.386177535599,-0.352207684669));
#370 = CARTESIAN_POINT('',(0.500250526149,-0.342533610386));
#371 = CARTESIAN_POINT('',(0.64219074086,-0.328313970364));
#372 = CARTESIAN_POINT('',(0.67030057407,-0.32539075655));
#373 = CARTESIAN_POINT('',(0.698393168598,-0.322358833157));
#374 = CARTESIAN_POINT('',(0.726467251743,-0.319214654552));
#375 = CARTESIAN_POINT('',(0.754521371584,-0.315954299482));
#376 = CARTESIAN_POINT('',(0.782553896976,-0.312573471075));
#377 = CARTESIAN_POINT('',(0.810563017552,-0.30906749684));
#378 = CARTESIAN_POINT('',(0.838546743721,-0.305431328666));
#379 = ( GEOMETRIC_REPRESENTATION_CONTEXT(2) 
PARAMETRIC_REPRESENTATION_CONTEXT() REPRESENTATION_CONTEXT('2D SPACE',''
  ) );
#380 = ORIENTED_EDGE('',*,*,#381,.T.);
#381 = EDGE_CURVE('',#312,#382,#384,.T.);
#382 = VERTEX_POINT('',#383);
#383 = CARTESIAN_POINT('',(1.57325979996,1.886881387593,-0.189624050241)
  );
#384 = SURFACE_CURVE('',#385,(#389),.PCURVE_S1.);
#385 = LINE('',#386,#387);
#386 = CARTESIAN_POINT('',(1.57325979996,1.886881387593,0.));
#387 = VECTOR('',#388,1.);
#388 = DIRECTION('',(-0.,0.,-1.));
#389 = PCURVE('',#299,#390);
#390 = DEFINITIONAL_REPRESENTATION('',(#391),#395);
#391 = LINE('',#392,#393);
#392 = CARTESIAN_POINT('',(0.838546743721,0.));
#393 = VECTOR('',#394,1.);
#394 = DIRECTION('',(0.,1.));
#395 = ( GEOMETRIC_REPRESENTATION_CONTEXT(2) 
PARAMETRIC_REPRESENTATION_CONTEXT() REPRESENTATION_CONTEXT('2D SPACE',''
  ) );
#396 = ORIENTED_EDGE('',*,*,#397,.F.);
#397 = EDGE_CURVE('',#291,#382,#398,.T.);
#398 = SURFACE_CURVE('',#399,(#430),.PCURVE_S1.);
#399 = B_SPLINE_CURVE_WITH_KNOTS('',8,(#400,#401,#402,#403,#404,#405,
    #406,#407,#408,#409,#410,#411,#412,#413,#414,#415,#416,#417,#418,
    #419,#420,#421,#422,#423,#424,#425,#426,#427,#428,#429),
  .UNSPECIFIED.,.F.,.F.,(9,7,7,7,9),(0.,0.175179328028,0.430973429242,
    0.66954188933,1.),.UNSPECIFIED.);
#400 = CARTESIAN_POINT('',(2.115892297446,0.3,-0.187708997095));
#401 = CARTESIAN_POINT('',(2.10398669352,0.334816899773,-0.188415824484)
  );
#402 = CARTESIAN_POINT('',(2.092081669499,0.369632103665,-0.189105919587
    ));
#403 = CARTESIAN_POINT('',(2.080177227006,0.404445606927,-0.189778869584
    ));
#404 = CARTESIAN_POINT('',(2.068273799192,0.439256142849,-0.190459185858
    ));
#405 = CARTESIAN_POINT('',(2.056370762565,0.474065534781,-0.191109278993
    ));
#406 = CARTESIAN_POINT('',(2.04446857001,0.508872458295,-0.191755193292)
  );
#407 = CARTESIAN_POINT('',(2.032566968389,0.543677653677,-0.192381324652
    ));
#408 = CARTESIAN_POINT('',(2.00328840454,0.629300258742,-0.193878343197)
  );
#409 = CARTESIAN_POINT('',(1.985912156542,0.680115579721,-0.194728096826
    ));
#410 = CARTESIAN_POINT('',(1.968537349444,0.730926686915,-0.195534113833
    ));
#411 = CARTESIAN_POINT('',(1.951164199892,0.781732946763,-0.196291306443
    ));
#412 = CARTESIAN_POINT('',(1.933792904929,0.832533783022,-0.196993841257
    ));
#413 = CARTESIAN_POINT('',(1.916423594231,0.883328816475,-0.197634884619
    ));
#414 = CARTESIAN_POINT('',(1.899056382039,0.934117713031,-0.198206721455
    ));
#415 = CARTESIAN_POINT('',(1.865496037142,1.032262013132,-0.199162471433
    ));
#416 = CARTESIAN_POINT('',(1.849302608823,1.079618281175,-0.199556508401
    ));
#417 = CARTESIAN_POINT('',(1.833111408121,1.126968034749,-0.19987663834)
  );
#418 = CARTESIAN_POINT('',(1.816922649576,1.174310646447,-0.200115617899
    ));
#419 = CARTESIAN_POINT('',(1.800736594165,1.221645353066,-0.20026548933)
  );
#420 = CARTESIAN_POINT('',(1.784553555454,1.268971237609,-0.200317389296
    ));
#421 = CARTESIAN_POINT('',(1.768373905753,1.316287211286,-0.200261357673
    ));
#422 = CARTESIAN_POINT('',(1.729791800805,1.429117210449,-0.199843448725
    ));
#423 = CARTESIAN_POINT('',(1.707393339864,1.494619554933,-0.1993723058)
  );
#424 = CARTESIAN_POINT('',(1.685003391038,1.560097006477,-0.198642803201
    ));
#425 = CARTESIAN_POINT('',(1.662623369495,1.62554542655,-0.197620017232)
  );
#426 = CARTESIAN_POINT('',(1.640255435228,1.690958498437,-0.196263291828
    ));
#427 = CARTESIAN_POINT('',(1.617902600928,1.75632741179,-0.194523454835)
  );
#428 = CARTESIAN_POINT('',(1.59556892646,1.821640293888,-0.192337973657)
  );
#429 = CARTESIAN_POINT('',(1.57325979996,1.886881387593,-0.189624050241)
  );
#430 = PCURVE('',#299,#431);
#431 = DEFINITIONAL_REPRESENTATION('',(#432),#463);
#432 = B_SPLINE_CURVE_WITH_KNOTS('',8,(#433,#434,#435,#436,#437,#438,
    #439,#440,#441,#442,#443,#444,#445,#446,#447,#448,#449,#450,#451,
    #452,#453,#454,#455,#456,#457,#458,#459,#460,#461,#462),
  .UNSPECIFIED.,.F.,.F.,(9,7,7,7,9),(0.,0.175179328028,0.430973429242,
    0.66954188933,1.),.UNSPECIFIED.);
#433 = CARTESIAN_POINT('',(-0.838546743721,0.187708997095));
#434 = CARTESIAN_POINT('',(-0.801750549425,0.188415824484));
#435 = CARTESIAN_POINT('',(-0.764956147419,0.189105919587));
#436 = CARTESIAN_POINT('',(-0.728163542722,0.189778869584));
#437 = CARTESIAN_POINT('',(-0.691374074053,0.190459185858));
#438 = CARTESIAN_POINT('',(-0.654585814409,0.191109278993));
#439 = CARTESIAN_POINT('',(-0.617800163509,0.191755193292));
#440 = CARTESIAN_POINT('',(-0.581016338983,0.192381324652));
#441 = CARTESIAN_POINT('',(-0.49052620251,0.193878343197));
#442 = CARTESIAN_POINT('',(-0.436822098004,0.194728096826));
#443 = CARTESIAN_POINT('',(-0.383122446833,0.195534113833));
#444 = CARTESIAN_POINT('',(-0.329427918572,0.196291306443));
#445 = CARTESIAN_POINT('',(-0.275739122224,0.196993841257));
#446 = CARTESIAN_POINT('',(-0.222056458565,0.197634884619));
#447 = CARTESIAN_POINT('',(-0.168380280676,0.198206721455));
#448 = CARTESIAN_POINT('',(-6.465660742811E-02,0.199162471433));
#449 = CARTESIAN_POINT('',(-1.460819842631E-02,0.199556508401));
#450 = CARTESIAN_POINT('',(3.543332576788E-02,0.19987663834));
#451 = CARTESIAN_POINT('',(8.546730208041E-02,0.200115617899));
#452 = CARTESIAN_POINT('',(0.135492923921,0.20026548933));
#453 = CARTESIAN_POINT('',(0.185509222162,0.200317389296));
#454 = CARTESIAN_POINT('',(0.235515046117,0.200261357673));
#455 = CARTESIAN_POINT('',(0.354759280918,0.199843448725));
#456 = CARTESIAN_POINT('',(0.423985346712,0.1993723058));
#457 = CARTESIAN_POINT('',(0.493185104437,0.198642803201));
#458 = CARTESIAN_POINT('',(0.56235418029,0.197620017232));
#459 = CARTESIAN_POINT('',(0.63148589846,0.196263291828));
#460 = CARTESIAN_POINT('',(0.700570947741,0.194523454835));
#461 = CARTESIAN_POINT('',(0.769596780464,0.192337973657));
#462 = CARTESIAN_POINT('',(0.838546743721,0.189624050241));
#463 = ( GEOMETRIC_REPRESENTATION_CONTEXT(2) 
PARAMETRIC_REPRESENTATION_CONTEXT() REPRESENTATION_CONTEXT('2D SPACE',''
  ) );
#464 = ( GEOMETRIC_REPRESENTATION_CONTEXT(3) 
GLOBAL_UNCERTAINTY_ASSIGNED_CONTEXT((#468)) GLOBAL_UNIT_ASSIGNED_CONTEXT
((#465,#466,#467)) REPRESENTATION_CONTEXT('Context #1',
  '3D Context with UNIT and UNCERTAINTY') );
#465 = ( LENGTH_UNIT() NAMED_UNIT(*) SI_UNIT(.MILLI.,.METRE.) );
#466 = ( NAMED_UNIT(*) PLANE_ANGLE_UNIT() SI_UNIT($,.RADIAN.) );
#467 = ( NAMED_UNIT(*) SI_UNIT($,.STERADIAN.) SOLID_ANGLE_UNIT() );
#468 = UNCERTAINTY_MEASURE_WITH_UNIT(LENGTH_MEASURE(5.E-06),#465,
  'distance_accuracy_value','confusion accuracy');
#469 = CONTEXT_DEPENDENT_SHAPE_REPRESENTATION(#470,#472);
#470 = ( REPRESENTATION_RELATIONSHIP('','',#281,#10) 
REPRESENTATION_RELATIONSHIP_WITH_TRANSFORMATION(#471) 
SHAPE_REPRESENTATION_RELATIONSHIP() );
#471 = ITEM_DEFINED_TRANSFORMATION('','',#11,#19);
#472 = PRODUCT_DEFINITION_SHAPE('Placement','Placement of an item',#473
  );
#473 = NEXT_ASSEMBLY_USAGE_OCCURRENCE('2','','',#5,#276,$);
#474 = PRODUCT_RELATED_PRODUCT_CATEGORY('part',$,(#278));
#475 = SHAPE_DEFINITION_REPRESENTATION(#476,#482);
#476 = PRODUCT_DEFINITION_SHAPE('','',#477);
#477 = PRODUCT_DEFINITION('design','',#478,#481);
#478 = PRODUCT_DEFINITION_FORMATION('','',#479);
#479 = PRODUCT('Open CASCADE STEP translator 7.8 2.3',
  'Open CASCADE STEP translator 7.8 2.3','',(#480));
#480 = PRODUCT_CONTEXT('',#2,'mechanical');
#481 = PRODUCT_DEFINITION_CONTEXT('part definition',#2,'design');
#482 = MANIFOLD_SURFACE_SHAPE_REPRESENTATION('',(#11,#483),#657);
#483 = SHELL_BASED_SURFACE_MODEL('',(#484));
#484 = OPEN_SHELL('',(#485));
#485 = ADVANCED_FACE('',(#486),#500,.T.);
#486 = FACE_BOUND('',#487,.T.);
#487 = EDGE_LOOP('',(#488,#511,#581,#597));
#488 = ORIENTED_EDGE('',*,*,#489,.F.);
#489 = EDGE_CURVE('',#490,#492,#494,.T.);
#490 = VERTEX_POINT('',#491);
#491 = CARTESIAN_POINT('',(2.115892297446,0.3,0.385310377599));
#492 = VERTEX_POINT('',#493);
#493 = CARTESIAN_POINT('',(2.115892297446,0.3,-0.187708997095));
#494 = SURFACE_CURVE('',#495,(#499),.PCURVE_S1.);
#495 = LINE('',#496,#497);
#496 = CARTESIAN_POINT('',(2.115892297446,0.3,0.));
#497 = VECTOR('',#498,1.);
#498 = DIRECTION('',(0.,0.,-1.));
#499 = PCURVE('',#500,#505);
#500 = PLANE('',#501);
#501 = AXIS2_PLACEMENT_3D('',#502,#503,#504);
#502 = CARTESIAN_POINT('',(2.87401175094,0.718125934139,0.));
#503 = DIRECTION('',(-0.482947288124,0.875649425794,0.));
#504 = DIRECTION('',(0.875649425794,0.482947288124,0.));
#505 = DEFINITIONAL_REPRESENTATION('',(#506),#510);
#506 = LINE('',#507,#508);
#507 = CARTESIAN_POINT('',(-0.865779650122,0.));
#508 = VECTOR('',#509,1.);
#509 = DIRECTION('',(0.,1.));
#510 = ( GEOMETRIC_REPRESENTATION_CONTEXT(2) 
PARAMETRIC_REPRESENTATION_CONTEXT() REPRESENTATION_CONTEXT('2D SPACE',''
  ) );
#511 = ORIENTED_EDGE('',*,*,#512,.T.);
#512 = EDGE_CURVE('',#490,#513,#515,.T.);
#513 = VERTEX_POINT('',#514);
#514 = CARTESIAN_POINT('',(3.632131204433,1.136251868279,0.275615121755)
  );
#515 = SURFACE_CURVE('',#516,(#547),.PCURVE_S1.);
#516 = B_SPLINE_CURVE_WITH_KNOTS('',8,(#517,#518,#519,#520,#521,#522,
    #523,#524,#525,#526,#527,#528,#529,#530,#531,#532,#533,#534,#535,
    #536,#537,#538,#539,#540,#541,#542,#543,#544,#545,#546),
  .UNSPECIFIED.,.F.,.F.,(9,7,7,7,9),(0.,0.166051482532,0.497559266585,
    0.819403554088,1.),.UNSPECIFIED.);
#517 = CARTESIAN_POINT('',(2.115892297446,0.3,0.385310377599));
#518 = CARTESIAN_POINT('',(2.147421912072,0.317389541328,0.384124941028)
  );
#519 = CARTESIAN_POINT('',(2.178949355515,0.334777885183,0.382868090202)
  );
#520 = CARTESIAN_POINT('',(2.210474874818,0.352165167817,0.38155087222)
  );
#521 = CARTESIAN_POINT('',(2.241997886962,0.369551067676,0.380159171476)
  );
#522 = CARTESIAN_POINT('',(2.273519933401,0.386936434919,0.378738755098)
  );
#523 = CARTESIAN_POINT('',(2.305039415939,0.404320388093,0.377250336671)
  );
#524 = CARTESIAN_POINT('',(2.336557005936,0.421703297473,0.375712419083)
  );
#525 = CARTESIAN_POINT('',(2.430990348202,0.473786157591,0.370940950468)
  );
#526 = CARTESIAN_POINT('',(2.493899558522,0.508482500245,0.367547988983)
  );
#527 = CARTESIAN_POINT('',(2.556799408606,0.543173680444,0.363934948684)
  );
#528 = CARTESIAN_POINT('',(2.61968920348,0.577859314889,0.360117605037)
  );
#529 = CARTESIAN_POINT('',(2.682568179026,0.612538982146,0.356102234265)
  );
#530 = CARTESIAN_POINT('',(2.74543560983,0.647212282126,0.351889065299)
  );
#531 = CARTESIAN_POINT('',(2.808290874475,0.681878872099,0.347483593094)
  );
#532 = CARTESIAN_POINT('',(2.932143842459,0.750187550495,0.338427737104)
  );
#533 = CARTESIAN_POINT('',(2.993142273275,0.783830040143,0.333788515283)
  );
#534 = CARTESIAN_POINT('',(3.054127988064,0.817465516515,0.328974433663)
  );
#535 = CARTESIAN_POINT('',(3.11510036616,0.851093637296,0.323988603506)
  );
#536 = CARTESIAN_POINT('',(3.176058761535,0.88471404618,0.318833842349)
  );
#537 = CARTESIAN_POINT('',(3.2370025028,0.918326372878,0.313512674004));
#538 = CARTESIAN_POINT('',(3.297930893203,0.951930233108,0.308027328558)
  );
#539 = CARTESIAN_POINT('',(3.3930229319,1.004376384339,0.299210713024));
#540 = CARTESIAN_POINT('',(3.42719758313,1.023224743795,0.295990596419)
  );
#541 = CARTESIAN_POINT('',(3.461367034789,1.042070235528,0.292719752146)
  );
#542 = CARTESIAN_POINT('',(3.495531149322,1.060912783675,0.289398510083)
  );
#543 = CARTESIAN_POINT('',(3.529689781158,1.079752307947,0.286027170401)
  );
#544 = CARTESIAN_POINT('',(3.563842776702,1.098588723633,0.282606003566)
  );
#545 = CARTESIAN_POINT('',(3.597989974339,1.117421941596,0.279135250334)
  );
#546 = CARTESIAN_POINT('',(3.632131204433,1.136251868279,0.275615121755)
  );
#547 = PCURVE('',#500,#548);
#548 = DEFINITIONAL_REPRESENTATION('',(#549),#580);
#549 = B_SPLINE_CURVE_WITH_KNOTS('',8,(#550,#551,#552,#553,#554,#555,
    #556,#557,#558,#559,#560,#561,#562,#563,#564,#565,#566,#567,#568,
    #569,#570,#571,#572,#573,#574,#575,#576,#577,#578,#579),
  .UNSPECIFIED.,.F.,.F.,(9,7,7,7,9),(0.,0.166051482532,0.497559266585,
    0.819403554088,1.),.UNSPECIFIED.);
#550 = CARTESIAN_POINT('',(-0.865779650122,-0.385310377599));
#551 = CARTESIAN_POINT('',(-0.829772529354,-0.384124941028));
#552 = CARTESIAN_POINT('',(-0.793767888096,-0.382868090202));
#553 = CARTESIAN_POINT('',(-0.757765444224,-0.38155087222));
#554 = CARTESIAN_POINT('',(-0.721765863554,-0.380159171476));
#555 = CARTESIAN_POINT('',(-0.685767385726,-0.378738755098));
#556 = CARTESIAN_POINT('',(-0.649771835897,-0.377250336671));
#557 = CARTESIAN_POINT('',(-0.61377844737,-0.375712419083));
#558 = CARTESIAN_POINT('',(-0.505934669387,-0.370940950468));
#559 = CARTESIAN_POINT('',(-0.434091750901,-0.367547988983));
#560 = CARTESIAN_POINT('',(-0.362259521892,-0.363934948684));
#561 = CARTESIAN_POINT('',(-0.290438776031,-0.360117605037));
#562 = CARTESIAN_POINT('',(-0.218630385945,-0.356102234265));
#563 = CARTESIAN_POINT('',(-0.146835180064,-0.351889065299));
#564 = CARTESIAN_POINT('',(-7.505386805426E-02,-0.347483593094));
#565 = CARTESIAN_POINT('',(6.638740323092E-02,-0.338427737104));
#566 = CARTESIAN_POINT('',(0.136048193291,-0.333788515283));
#567 = CARTESIAN_POINT('',(0.205694461526,-0.328974433663));
#568 = CARTESIAN_POINT('',(0.27532549913,-0.323988603506));
#569 = CARTESIAN_POINT('',(0.344940568334,-0.318833842349));
#570 = CARTESIAN_POINT('',(0.414538902405,-0.313512674004));
#571 = CARTESIAN_POINT('',(0.484119705644,-0.308027328558));
#572 = CARTESIAN_POINT('',(0.592715721237,-0.299210713024));
#573 = CARTESIAN_POINT('',(0.631743499048,-0.295990596419));
#574 = CARTESIAN_POINT('',(0.670765338898,-0.292719752146));
#575 = CARTESIAN_POINT('',(0.709781083701,-0.289398510083));
#576 = CARTESIAN_POINT('',(0.748790567211,-0.286027170401));
#577 = CARTESIAN_POINT('',(0.787793614021,-0.282606003566));
#578 = CARTESIAN_POINT('',(0.826790039567,-0.279135250334));
#579 = CARTESIAN_POINT('',(0.865779650122,-0.275615121755));
#580 = ( GEOMETRIC_REPRESENTATION_CONTEXT(2) 
PARAMETRIC_REPRESENTATION_CONTEXT() REPRESENTATION_CONTEXT('2D SPACE',''
  ) );
#581 = ORIENTED_EDGE('',*,*,#582,.T.);
#582 = EDGE_CURVE('',#513,#583,#585,.T.);
#583 = VERTEX_POINT('',#584);
#584 = CARTESIAN_POINT('',(3.632131204433,1.136251868279,-0.116853481317
    ));
#585 = SURFACE_CURVE('',#586,(#590),.PCURVE_S1.);
#586 = LINE('',#587,#588);
#587 = CARTESIAN_POINT('',(3.632131204433,1.136251868279,0.));
#588 = VECTOR('',#589,1.);
#589 = DIRECTION('',(0.,0.,-1.));
#590 = PCURVE('',#500,#591);
#591 = DEFINITIONAL_REPRESENTATION('',(#592),#596);
#592 = LINE('',#593,#594);
#593 = CARTESIAN_POINT('',(0.865779650122,0.));
#594 = VECTOR('',#595,1.);
#595 = DIRECTION('',(0.,1.));
#596 = ( GEOMETRIC_REPRESENTATION_CONTEXT(2) 
PARAMETRIC_REPRESENTATION_CONTEXT() REPRESENTATION_CONTEXT('2D SPACE',''
  ) );
#597 = ORIENTED_EDGE('',*,*,#598,.F.);
#598 = EDGE_CURVE('',#492,#583,#599,.T.);
#599 = SURFACE_CURVE('',#600,(#627),.PCURVE_S1.);
#600 = B_SPLINE_CURVE_WITH_KNOTS('',7,(#601,#602,#603,#604,#605,#606,
    #607,#608,#609,#610,#611,#612,#613,#614,#615,#616,#617,#618,#619,
    #620,#621,#622,#623,#624,#625,#626),.UNSPECIFIED.,.F.,.F.,(8,6,6,6,8
    ),(0.,0.146642811952,0.3808503841,0.61813584131,1.),.UNSPECIFIED.);
#601 = CARTESIAN_POINT('',(2.115892297446,0.3,-0.187708997095));
#602 = CARTESIAN_POINT('',(2.147674212771,0.317528692837,-0.186617591604
    ));
#603 = CARTESIAN_POINT('',(2.179456204187,0.33505742764,-0.185509159329)
  );
#604 = CARTESIAN_POINT('',(2.211238109636,0.35258611503,-0.184378756165)
  );
#605 = CARTESIAN_POINT('',(2.243019629165,0.370114589574,-0.183226733434
    ));
#606 = CARTESIAN_POINT('',(2.274800260248,0.387642574112,-0.182033545772
    ));
#607 = CARTESIAN_POINT('',(2.306580366212,0.405170269031,-0.180818794841
    ));
#608 = CARTESIAN_POINT('',(2.389115481877,0.450690895336,-0.177595254836
    ));
#609 = CARTESIAN_POINT('',(2.439869427155,0.47868323966,-0.175547557491)
  );
#610 = CARTESIAN_POINT('',(2.490621315841,0.50667444971,-0.173443930587)
  );
#611 = CARTESIAN_POINT('',(2.541371007037,0.534664447778,-0.17128804015)
  );
#612 = CARTESIAN_POINT('',(2.592118412194,0.562653185026,-0.169080828985
    ));
#613 = CARTESIAN_POINT('',(2.642863442201,0.590640612307,-0.166823548568
    ));
#614 = CARTESIAN_POINT('',(2.745015309504,0.646980473714,-0.162187771194
    ));
#615 = CARTESIAN_POINT('',(2.796422069577,0.675332865251,-0.159807756227
    ));
#616 = CARTESIAN_POINT('',(2.847826100648,0.703683751659,-0.157384090855
    ));
#617 = CARTESIAN_POINT('',(2.899227260935,0.732033054743,-0.154919826128
    ));
#618 = CARTESIAN_POINT('',(2.950625400928,0.760380692043,-0.152417719345
    ));
#619 = CARTESIAN_POINT('',(3.002020363388,0.788726576837,-0.149880234051
    ));
#620 = CARTESIAN_POINT('',(3.136116662982,0.86268476413,-0.143172514881)
  );
#621 = CARTESIAN_POINT('',(3.218812638895,0.908294109753,-0.138949564598
    ));
#622 = CARTESIAN_POINT('',(3.301499218885,0.953898273239,-0.134650788397
    ));
#623 = CARTESIAN_POINT('',(3.384175553851,0.999496786283,-0.13028484355)
  );
#624 = CARTESIAN_POINT('',(3.466840588286,1.045089066741,-0.125859161608
    ));
#625 = CARTESIAN_POINT('',(3.549493010765,1.090674391321,-0.121380164613
    ));
#626 = CARTESIAN_POINT('',(3.632131204433,1.136251868279,-0.116853481317
    ));
#627 = PCURVE('',#500,#628);
#628 = DEFINITIONAL_REPRESENTATION('',(#629),#656);
#629 = B_SPLINE_CURVE_WITH_KNOTS('',7,(#630,#631,#632,#633,#634,#635,
    #636,#637,#638,#639,#640,#641,#642,#643,#644,#645,#646,#647,#648,
    #649,#650,#651,#652,#653,#654,#655),.UNSPECIFIED.,.F.,.F.,(8,6,6,6,8
    ),(0.,0.146642811952,0.3808503841,0.61813584131,1.),.UNSPECIFIED.);
#630 = CARTESIAN_POINT('',(-0.865779650122,0.187708997095));
#631 = CARTESIAN_POINT('',(-0.829484399547,0.186617591604));
#632 = CARTESIAN_POINT('',(-0.793189062076,0.185509159329));
#633 = CARTESIAN_POINT('',(-0.756893822779,0.184378756165));
#634 = CARTESIAN_POINT('',(-0.720599024207,0.183226733434));
#635 = CARTESIAN_POINT('',(-0.684305240248,0.182033545772));
#636 = CARTESIAN_POINT('',(-0.648012055982,0.180818794841));
#637 = CARTESIAN_POINT('',(-0.553756166315,0.177595254836));
#638 = CARTESIAN_POINT('',(-0.495794676496,0.175547557491));
#639 = CARTESIAN_POINT('',(-0.437835535324,0.173443930587));
#640 = CARTESIAN_POINT('',(-0.379878903708,0.17128804015));
#641 = CARTESIAN_POINT('',(-0.32192488277,0.169080828985));
#642 = CARTESIAN_POINT('',(-0.263973574275,0.166823548568));
#643 = CARTESIAN_POINT('',(-0.147315167048,0.162187771194));
#644 = CARTESIAN_POINT('',(-8.860815650318E-02,0.159807756227));
#645 = CARTESIAN_POINT('',(-2.990426250559E-02,0.157384090855));
#646 = CARTESIAN_POINT('',(2.879635302916E-02,0.154919826128));
#647 = CARTESIAN_POINT('',(8.749351935941E-02,0.152417719345));
#648 = CARTESIAN_POINT('',(0.146187056917,0.149880234051));
#649 = CARTESIAN_POINT('',(0.299326310646,0.143172514881));
#650 = CARTESIAN_POINT('',(0.393765904251,0.138949564598));
#651 = CARTESIAN_POINT('',(0.488194767623,0.134650788397));
#652 = CARTESIAN_POINT('',(0.58261193108,0.13028484355));
#653 = CARTESIAN_POINT('',(0.677016189223,0.125859161608));
#654 = CARTESIAN_POINT('',(0.771406044391,0.121380164613));
#655 = CARTESIAN_POINT('',(0.865779650122,0.116853481317));
#656 = ( GEOMETRIC_REPRESENTATION_CONTEXT(2) 
PARAMETRIC_REPRESENTATION_CONTEXT() REPRESENTATION_CONTEXT('2D SPACE',''
  ) );
#657 = ( GEOMETRIC_REPRESENTATION_CONTEXT(3) 
GLOBAL_UNCERTAINTY_ASSIGNED_CONTEXT((#661)) GLOBAL_UNIT_ASSIGNED_CONTEXT
((#658,#659,#660)) REPRESENTATION_CONTEXT('Context #1',
  '3D Context with UNIT and UNCERTAINTY') );
#658 = ( LENGTH_UNIT() NAMED_UNIT(*) SI_UNIT(.MILLI.,.METRE.) );
#659 = ( NAMED_UNIT(*) PLANE_ANGLE_UNIT() SI_UNIT($,.RADIAN.) );
#660 = ( NAMED_UNIT(*) SI_UNIT($,.STERADIAN.) SOLID_ANGLE_UNIT() );
#661 = UNCERTAINTY_MEASURE_WITH_UNIT(LENGTH_MEASURE(5.E-06),#658,
  'distance_accuracy_value','confusion accuracy');
#662 = CONTEXT_DEPENDENT_SHAPE_REPRESENTATION(#663,#665);
#663 = ( REPRESENTATION_RELATIONSHIP('','',#482,#10) 
REPRESENTATION_RELATIONSHIP_WITH_TRANSFORMATION(#664) 
SHAPE_REPRESENTATION_RELATIONSHIP() );
#664 = ITEM_DEFINED_TRANSFORMATION('','',#11,#23);
#665 = PRODUCT_DEFINITION_SHAPE('Placement','Placement of an item',#666
  );
#666 = NEXT_ASSEMBLY_USAGE_OCCURRENCE('3','','',#5,#477,$);
#667 = PRODUCT_RELATED_PRODUCT_CATEGORY('part',$,(#479));
#668 = SHAPE_DEFINITION_REPRESENTATION(#669,#675);
#669 = PRODUCT_DEFINITION_SHAPE('','',#670);
#670 = PRODUCT_DEFINITION('design','',#671,#674);
#671 = PRODUCT_DEFINITION_FORMATION('','',#672);
#672 = PRODUCT('Open CASCADE STEP translator 7.8 2.4',
  'Open CASCADE STEP translator 7.8 2.4','',(#673));
#673 = PRODUCT_CONTEXT('',#2,'mechanical');
#674 = PRODUCT_DEFINITION_CONTEXT('part definition',#2,'design');
#675 = MANIFOLD_SURFACE_SHAPE_REPRESENTATION('',(#11,#676),#830);
#676 = SHELL_BASED_SURFACE_MODEL('',(#677));
#677 = OPEN_SHELL('',(#678));
#678 = ADVANCED_FACE('',(#679),#693,.T.);
#679 = FACE_BOUND('',#680,.T.);
#680 = EDGE_LOOP('',(#681,#704,#760,#776));
#681 = ORIENTED_EDGE('',*,*,#682,.F.);
#682 = EDGE_CURVE('',#683,#685,#687,.T.);
#683 = VERTEX_POINT('',#684);
#684 = CARTESIAN_POINT('',(2.115892297446,0.3,0.385310377599));
#685 = VERTEX_POINT('',#686);
#686 = CARTESIAN_POINT('',(2.115892297446,0.3,-0.187708997095));
#687 = SURFACE_CURVE('',#688,(#692),.PCURVE_S1.);
#688 = LINE('',#689,#690);
#689 = CARTESIAN_POINT('',(2.115892297446,0.3,0.));
#690 = VECTOR('',#691,1.);
#691 = DIRECTION('',(-0.,0.,-1.));
#692 = PCURVE('',#693,#698);
#693 = PLANE('',#694);
#694 = AXIS2_PLACEMENT_3D('',#695,#696,#697);
#695 = CARTESIAN_POINT('',(1.627141243617,0.59508866907,0.));
#696 = DIRECTION('',(-0.516861003485,-0.856069333101,0.));
#697 = DIRECTION('',(-0.856069333101,0.516861003485,0.));
#698 = DEFINITIONAL_REPRESENTATION('',(#699),#703);
#699 = LINE('',#700,#701);
#700 = CARTESIAN_POINT('',(-0.570924614318,0.));
#701 = VECTOR('',#702,1.);
#702 = DIRECTION('',(0.,1.));
#703 = ( GEOMETRIC_REPRESENTATION_CONTEXT(2) 
PARAMETRIC_REPRESENTATION_CONTEXT() REPRESENTATION_CONTEXT('2D SPACE',''
  ) );
#704 = ORIENTED_EDGE('',*,*,#705,.T.);
#705 = EDGE_CURVE('',#683,#706,#708,.T.);
#706 = VERTEX_POINT('',#707);
#707 = CARTESIAN_POINT('',(1.138390189787,0.890177338141,0.318602411474)
  );
#708 = SURFACE_CURVE('',#709,(#733),.PCURVE_S1.);
#709 = B_SPLINE_CURVE_WITH_KNOTS('',8,(#710,#711,#712,#713,#714,#715,
    #716,#717,#718,#719,#720,#721,#722,#723,#724,#725,#726,#727,#728,
    #729,#730,#731,#732),.UNSPECIFIED.,.F.,.F.,(9,7,7,9),(0.,
    0.13205833197,0.368944112969,1.),.UNSPECIFIED.);
#710 = CARTESIAN_POINT('',(2.115892297446,0.3,0.385310377599));
#711 = CARTESIAN_POINT('',(2.099659879021,0.309800496002,0.38589504981)
  );
#712 = CARTESIAN_POINT('',(2.083426806104,0.31960138716,0.38643341972));
#713 = CARTESIAN_POINT('',(2.067193295889,0.329402542342,0.386924272045)
  );
#714 = CARTESIAN_POINT('',(2.05095900561,0.339204168495,0.387358908684)
  );
#715 = CARTESIAN_POINT('',(2.034724325796,0.349006029834,0.387739506756)
  );
#716 = CARTESIAN_POINT('',(2.018489784641,0.358807807457,0.388069757362)
  );
#717 = CARTESIAN_POINT('',(2.00225535851,0.368609515632,0.388344513515)
  );
#718 = CARTESIAN_POINT('',(1.956901214725,0.395992564367,0.388960998938)
  );
#719 = CARTESIAN_POINT('',(1.927782519908,0.413573287378,0.389181682177)
  );
#720 = CARTESIAN_POINT('',(1.89866729046,0.431151918135,0.389223095298)
  );
#721 = CARTESIAN_POINT('',(1.869556508779,0.448727863506,0.38908081267)
  );
#722 = CARTESIAN_POINT('',(1.84045111099,0.466300558294,0.388750153003)
  );
#723 = CARTESIAN_POINT('',(1.811352429207,0.483869198221,0.38822622369)
  );
#724 = CARTESIAN_POINT('',(1.782262213429,0.501432726708,0.387503969711)
  );
#725 = CARTESIAN_POINT('',(1.675714127004,0.565762271921,0.384112079347)
  );
#726 = CARTESIAN_POINT('',(1.59833799411,0.612478938606,0.380201022062)
  );
#727 = CARTESIAN_POINT('',(1.521066733468,0.659132287548,0.374737368408)
  );
#728 = CARTESIAN_POINT('',(1.443932663455,0.705702806183,0.367604841135)
  );
#729 = CARTESIAN_POINT('',(1.366997025282,0.752153519475,0.358644121858)
  );
#730 = CARTESIAN_POINT('',(1.290342926896,0.798434250113,0.347673383656)
  );
#731 = CARTESIAN_POINT('',(1.21408490311,0.844475846481,0.334457473355)
  );
#732 = CARTESIAN_POINT('',(1.138390189787,0.890177338141,0.318602411474)
  );
#733 = PCURVE('',#693,#734);
#734 = DEFINITIONAL_REPRESENTATION('',(#735),#759);
#735 = B_SPLINE_CURVE_WITH_KNOTS('',8,(#736,#737,#738,#739,#740,#741,
    #742,#743,#744,#745,#746,#747,#748,#749,#750,#751,#752,#753,#754,
    #755,#756,#757,#758),.UNSPECIFIED.,.F.,.F.,(9,7,7,9),(0.,
    0.13205833197,0.368944112969,1.),.UNSPECIFIED.);
#736 = CARTESIAN_POINT('',(-0.570924614318,-0.385310377599));
#737 = CARTESIAN_POINT('',(-0.551963044503,-0.38589504981));
#738 = CARTESIAN_POINT('',(-0.533000710157,-0.38643341972));
#739 = CARTESIAN_POINT('',(-0.514037864991,-0.386924272045));
#740 = CARTESIAN_POINT('',(-0.49507410861,-0.387358908684));
#741 = CARTESIAN_POINT('',(-0.476109897201,-0.387739506756));
#742 = CARTESIAN_POINT('',(-0.457145847762,-0.388069757362));
#743 = CARTESIAN_POINT('',(-0.438181932688,-0.388344513515));
#744 = CARTESIAN_POINT('',(-0.385202411017,-0.388960998938));
#745 = CARTESIAN_POINT('',(-0.351187999227,-0.389181682177));
#746 = CARTESIAN_POINT('',(-0.317177635437,-0.389223095298));
#747 = CARTESIAN_POINT('',(-0.283172467217,-0.38908081267));
#748 = CARTESIAN_POINT('',(-0.249173588079,-0.388750153003));
#749 = CARTESIAN_POINT('',(-0.215182554109,-0.38822622369));
#750 = CARTESIAN_POINT('',(-0.181201409529,-0.387503969711));
#751 = CARTESIAN_POINT('',(-5.673942694743E-02,-0.384112079347));
#752 = CARTESIAN_POINT('',(3.364593075885E-02,-0.380201022062));
#753 = CARTESIAN_POINT('',(0.123908784075,-0.374737368408));
#754 = CARTESIAN_POINT('',(0.214011380945,-0.367604841135));
#755 = CARTESIAN_POINT('',(0.303882183692,-0.358644121858));
#756 = CARTESIAN_POINT('',(0.393424111457,-0.347673383656));
#757 = CARTESIAN_POINT('',(0.482503372724,-0.334457473355));
#758 = CARTESIAN_POINT('',(0.570924614318,-0.318602411474));
#759 = ( GEOMETRIC_REPRESENTATION_CONTEXT(2) 
PARAMETRIC_REPRESENTATION_CONTEXT() REPRESENTATION_CONTEXT('2D SPACE',''
  ) );
#760 = ORIENTED_EDGE('',*,*,#761,.T.);
#761 = EDGE_CURVE('',#706,#762,#764,.T.);
#762 = VERTEX_POINT('',#763);
#763 = CARTESIAN_POINT('',(1.138390189787,0.890177338141,-0.197801185667
    ));
#764 = SURFACE_CURVE('',#765,(#769),.PCURVE_S1.);
#765 = LINE('',#766,#767);
#766 = CARTESIAN_POINT('',(1.138390189787,0.890177338141,0.));
#767 = VECTOR('',#768,1.);
#768 = DIRECTION('',(-0.,0.,-1.));
#769 = PCURVE('',#693,#770);
#770 = DEFINITIONAL_REPRESENTATION('',(#771),#775);
#771 = LINE('',#772,#773);
#772 = CARTESIAN_POINT('',(0.570924614318,0.));
#773 = VECTOR('',#774,1.);
#774 = DIRECTION('',(0.,1.));
#775 = ( GEOMETRIC_REPRESENTATION_CONTEXT(2) 
PARAMETRIC_REPRESENTATION_CONTEXT() REPRESENTATION_CONTEXT('2D SPACE',''
  ) );
#776 = ORIENTED_EDGE('',*,*,#777,.F.);
#777 = EDGE_CURVE('',#685,#762,#778,.T.);
#778 = SURFACE_CURVE('',#779,(#803),.PCURVE_S1.);
#779 = B_SPLINE_CURVE_WITH_KNOTS('',8,(#780,#781,#782,#783,#784,#785,
    #786,#787,#788,#789,#790,#791,#792,#793,#794,#795,#796,#797,#798,
    #799,#800,#801,#802),.UNSPECIFIED.,.F.,.F.,(9,7,7,9),(0.,
    0.153523650942,0.609223250906,1.),.UNSPECIFIED.);
#780 = CARTESIAN_POINT('',(2.115892297446,0.3,-0.187708997095));
#781 = CARTESIAN_POINT('',(2.097074738416,0.311361302254,-0.188511739837
    ));
#782 = CARTESIAN_POINT('',(2.078258316048,0.322721918236,-0.189299810649
    ));
#783 = CARTESIAN_POINT('',(2.059443291942,0.334081690002,-0.190076800117
    ));
#784 = CARTESIAN_POINT('',(2.040630201126,0.345440294523,-0.190849481206
    ));
#785 = CARTESIAN_POINT('',(2.021818672032,0.356797956139,-0.1916126361)
  );
#786 = CARTESIAN_POINT('',(2.003008304691,0.368154916333,-0.192360776134
    ));
#787 = CARTESIAN_POINT('',(1.984199461324,0.379510956412,-0.193098555727
    ));
#788 = CARTESIAN_POINT('',(1.909565682076,0.424571897792,-0.195968112736
    ));
#789 = CARTESIAN_POINT('',(1.853751021296,0.458270595391,-0.197989954656
    ));
#790 = CARTESIAN_POINT('',(1.797945482245,0.491963785649,-0.199853860824
    ));
#791 = CARTESIAN_POINT('',(1.742162916278,0.525643105662,-0.201541591138
    ));
#792 = CARTESIAN_POINT('',(1.686390689778,0.559316183111,-0.202992608875
    ));
#793 = CARTESIAN_POINT('',(1.630643619613,0.592974072154,-0.204178606075
    ));
#794 = CARTESIAN_POINT('',(1.574922741694,0.626616147349,-0.205038454617
    ));
#795 = CARTESIAN_POINT('',(1.471483061834,0.689068958897,-0.205913532532
    ));
#796 = CARTESIAN_POINT('',(1.423758022994,0.717883460845,-0.206031011409
    ));
#797 = CARTESIAN_POINT('',(1.376063085199,0.746679788966,-0.205821664471
    ));
#798 = CARTESIAN_POINT('',(1.328404117951,0.775454399484,-0.20523692732)
  );
#799 = CARTESIAN_POINT('',(1.280790734579,0.804201488251,-0.204220509448
    ));
#800 = CARTESIAN_POINT('',(1.233236778209,0.83291269733,-0.202704908914)
  );
#801 = CARTESIAN_POINT('',(1.185761322876,0.86157651057,-0.200603927402)
  );
#802 = CARTESIAN_POINT('',(1.138390189787,0.890177338141,-0.197801185667
    ));
#803 = PCURVE('',#693,#804);
#804 = DEFINITIONAL_REPRESENTATION('',(#805),#829);
#805 = B_SPLINE_CURVE_WITH_KNOTS('',8,(#806,#807,#808,#809,#810,#811,
    #812,#813,#814,#815,#816,#817,#818,#819,#820,#821,#822,#823,#824,
    #825,#826,#827,#828),.UNSPECIFIED.,.F.,.F.,(9,7,7,9),(0.,
    0.153523650942,0.609223250906,1.),.UNSPECIFIED.);
#806 = CARTESIAN_POINT('',(-0.570924614318,0.187708997095));
#807 = CARTESIAN_POINT('',(-0.548943265024,0.188511739837));
#808 = CARTESIAN_POINT('',(-0.526963243499,0.189299810649));
#809 = CARTESIAN_POINT('',(-0.504984855326,0.190076800117));
#810 = CARTESIAN_POINT('',(-0.483008725487,0.190849481206));
#811 = CARTESIAN_POINT('',(-0.461034419941,0.1916126361));
#812 = CARTESIAN_POINT('',(-0.439061471473,0.192360776134));
#813 = CARTESIAN_POINT('',(-0.417090303204,0.193098555727));
#814 = CARTESIAN_POINT('',(-0.329908370198,0.195968112736));
#815 = CARTESIAN_POINT('',(-0.264709608109,0.197989954656));
#816 = CARTESIAN_POINT('',(-0.199521501383,0.199853860824));
#817 = CARTESIAN_POINT('',(-0.134360230198,0.201541591138));
#818 = CARTESIAN_POINT('',(-6.921103685221E-02,0.202992608875));
#819 = CARTESIAN_POINT('',(-4.091229367506E-03,0.204178606075));
#820 = CARTESIAN_POINT('',(6.099798217647E-02,0.205038454617));
#821 = CARTESIAN_POINT('',(0.181828942778,0.205913532532));
#822 = CARTESIAN_POINT('',(0.237577977342,0.206031011409));
#823 = CARTESIAN_POINT('',(0.293291849982,0.205821664471));
#824 = CARTESIAN_POINT('',(0.348963704357,0.20523692732));
#825 = CARTESIAN_POINT('',(0.404582310854,0.204220509448));
#826 = CARTESIAN_POINT('',(0.460131498906,0.202704908914));
#827 = CARTESIAN_POINT('',(0.515588987567,0.200603927402));
#828 = CARTESIAN_POINT('',(0.570924614318,0.197801185667));
#829 = ( GEOMETRIC_REPRESENTATION_CONTEXT(2) 
PARAMETRIC_REPRESENTATION_CONTEXT() REPRESENTATION_CONTEXT('2D SPACE',''
  ) );
#830 = ( GEOMETRIC_REPRESENTATION_CONTEXT(3) 
GLOBAL_UNCERTAINTY_ASSIGNED_CONTEXT((#834)) GLOBAL_UNIT_ASSIGNED_CONTEXT
((#831,#832,#833)) REPRESENTATION_CONTEXT('Context #1',
  '3D Context with UNIT and UNCERTAINTY') );
#831 = ( LENGTH_UNIT() NAMED_UNIT(*) SI_UNIT(.MILLI.,.METRE.) );
#832 = ( NAMED_UNIT(*) PLANE_ANGLE_UNIT() SI_UNIT($,.RADIAN.) );
#833 = ( NAMED_UNIT(*) SI_UNIT($,.STERADIAN.) SOLID_ANGLE_UNIT() );
#834 = UNCERTAINTY_MEASURE_WITH_UNIT(LENGTH_MEASURE(5.E-06),#831,
  'distance_accuracy_value','confusion accuracy');
#835 = CONTEXT_DEPENDENT_SHAPE_REPRESENTATION(#836,#838);
#836 = ( REPRESENTATION_RELATIONSHIP('','',#675,#10) 
REPRESENTATION_RELATIONSHIP_WITH_TRANSFORMATION(#837) 
SHAPE_REPRESENTATION_RELATIONSHIP() );
#837 = ITEM_DEFINED_TRANSFORMATION('','',#11,#27);
#838 = PRODUCT_DEFINITION_SHAPE('Placement','Placement of an item',#839
  );
#839 = NEXT_ASSEMBLY_USAGE_OCCURRENCE('4','','',#5,#670,$);
#840 = PRODUCT_RELATED_PRODUCT_CATEGORY('part',$,(#672));
#841 = SHAPE_DEFINITION_REPRESENTATION(#842,#848);
#842 = PRODUCT_DEFINITION_SHAPE('','',#843);
#843 = PRODUCT_DEFINITION('design','',#844,#847);
#844 = PRODUCT_DEFINITION_FORMATION('','',#845);
#845 = PRODUCT('Open CASCADE STEP translator 7.8 2.5',
  'Open CASCADE STEP translator 7.8 2.5','',(#846));
#846 = PRODUCT_CONTEXT('',#2,'mechanical');
#847 = PRODUCT_DEFINITION_CONTEXT('part definition',#2,'design');
#848 = MANIFOLD_SURFACE_SHAPE_REPRESENTATION('',(#11,#849),#1017);
#849 = SHELL_BASED_SURFACE_MODEL('',(#850));
#850 = OPEN_SHELL('',(#851));
#851 = ADVANCED_FACE('',(#852),#866,.T.);
#852 = FACE_BOUND('',#853,.T.);
#853 = EDGE_LOOP('',(#854,#877,#939,#955));
#854 = ORIENTED_EDGE('',*,*,#855,.F.);
#855 = EDGE_CURVE('',#856,#858,#860,.T.);
#856 = VERTEX_POINT('',#857);
#857 = CARTESIAN_POINT('',(2.115892297446,0.3,0.385310377599));
#858 = VERTEX_POINT('',#859);
#859 = CARTESIAN_POINT('',(2.115892297446,0.3,-0.187708997095));
#860 = SURFACE_CURVE('',#861,(#865),.PCURVE_S1.);
#861 = LINE('',#862,#863);
#862 = CARTESIAN_POINT('',(2.115892297446,0.3,0.));
#863 = VECTOR('',#864,1.);
#864 = DIRECTION('',(0.,0.,-1.));
#865 = PCURVE('',#866,#871);
#866 = PLANE('',#867);
#867 = AXIS2_PLACEMENT_3D('',#868,#869,#870);
#868 = CARTESIAN_POINT('',(2.695098782855,0.186133980327,0.));
#869 = DIRECTION('',(0.192897514943,0.981218909688,0.));
#870 = DIRECTION('',(0.981218909688,-0.192897514943,0.));
#871 = DEFINITIONAL_REPRESENTATION('',(#872),#876);
#872 = LINE('',#873,#874);
#873 = CARTESIAN_POINT('',(-0.590292828328,0.));
#874 = VECTOR('',#875,1.);
#875 = DIRECTION('',(0.,1.));
#876 = ( GEOMETRIC_REPRESENTATION_CONTEXT(2) 
PARAMETRIC_REPRESENTATION_CONTEXT() REPRESENTATION_CONTEXT('2D SPACE',''
  ) );
#877 = ORIENTED_EDGE('',*,*,#878,.F.);
#878 = EDGE_CURVE('',#879,#856,#881,.T.);
#879 = VERTEX_POINT('',#880);
#880 = CARTESIAN_POINT('',(3.274305268264,7.226796065392E-02,
    0.287903643181));
#881 = SURFACE_CURVE('',#882,(#909),.PCURVE_S1.);
#882 = B_SPLINE_CURVE_WITH_KNOTS('',7,(#883,#884,#885,#886,#887,#888,
    #889,#890,#891,#892,#893,#894,#895,#896,#897,#898,#899,#900,#901,
    #902,#903,#904,#905,#906,#907,#908),.UNSPECIFIED.,.F.,.F.,(8,6,6,6,8
    ),(0.,0.492770367815,0.744421602782,0.869151486999,1.),
  .UNSPECIFIED.);
#883 = CARTESIAN_POINT('',(3.274305268264,7.226796065392E-02,
    0.287903643181));
#884 = CARTESIAN_POINT('',(3.193095305078,8.823300161729E-02,
    0.298001716821));
#885 = CARTESIAN_POINT('',(3.111812048845,0.104212451238,0.307635473599)
  );
#886 = CARTESIAN_POINT('',(3.030461141192,0.120205200429,0.31679149061)
  );
#887 = CARTESIAN_POINT('',(2.949047797738,0.136210223855,0.325453700355)
  );
#888 = CARTESIAN_POINT('',(2.86757696891,0.152226548312,0.333602856079)
  );
#889 = CARTESIAN_POINT('',(2.786053500757,0.168253221118,0.341215997116)
  );
#890 = CARTESIAN_POINT('',(2.662824972564,0.192478678479,0.35186621259)
  );
#891 = CARTESIAN_POINT('',(2.62115527253,0.200670511622,0.355319583176)
  );
#892 = CARTESIAN_POINT('',(2.579473853604,0.208864648578,0.358622021763)
  );
#893 = CARTESIAN_POINT('',(2.53778142071,0.217060950767,0.361770234879)
  );
#894 = CARTESIAN_POINT('',(2.496078736238,0.22525926831,0.364760690247)
  );
#895 = CARTESIAN_POINT('',(2.454366630531,0.233459437971,0.367588667219)
  );
#896 = CARTESIAN_POINT('',(2.391967362118,0.245726490402,0.371565051033)
  );
#897 = CARTESIAN_POINT('',(2.371286615441,0.249792111847,0.372841398676)
  );
#898 = CARTESIAN_POINT('',(2.35060390131,0.253858120072,0.374075079675)
  );
#899 = CARTESIAN_POINT('',(2.329919330441,0.257924493314,0.375265552706)
  );
#900 = CARTESIAN_POINT('',(2.309233006805,0.261991211131,0.376412698867)
  );
#901 = CARTESIAN_POINT('',(2.288545039141,0.266058252147,0.37751651496)
  );
#902 = CARTESIAN_POINT('',(2.24615114232,0.274392454907,0.379689111235)
  );
#903 = CARTESIAN_POINT('',(2.224445120921,0.278659634785,0.380754131981)
  );
#904 = CARTESIAN_POINT('',(2.202737261726,0.282927175955,0.381767019808)
  );
#905 = CARTESIAN_POINT('',(2.181028601111,0.287194874675,0.382742575118)
  );
#906 = CARTESIAN_POINT('',(2.159317980794,0.291462958653,0.383657641783)
  );
#907 = CARTESIAN_POINT('',(2.137605967109,0.295731316552,0.38451619601)
  );
#908 = CARTESIAN_POINT('',(2.115892297446,0.3,0.385310377599));
#909 = PCURVE('',#866,#910);
#910 = DEFINITIONAL_REPRESENTATION('',(#911),#938);
#911 = B_SPLINE_CURVE_WITH_KNOTS('',7,(#912,#913,#914,#915,#916,#917,
    #918,#919,#920,#921,#922,#923,#924,#925,#926,#927,#928,#929,#930,
    #931,#932,#933,#934,#935,#936,#937),.UNSPECIFIED.,.F.,.F.,(8,6,6,6,8
    ),(0.,0.492770367815,0.744421602782,0.869151486999,1.),
  .UNSPECIFIED.);
#912 = CARTESIAN_POINT('',(0.590292828328,-0.287903643181));
#913 = CARTESIAN_POINT('',(0.507528460067,-0.298001716821));
#914 = CARTESIAN_POINT('',(0.424689395888,-0.307635473599));
#915 = CARTESIAN_POINT('',(0.341781385403,-0.31679149061));
#916 = CARTESIAN_POINT('',(0.258809744059,-0.325453700355));
#917 = CARTESIAN_POINT('',(0.175779517039,-0.333602856079));
#918 = CARTESIAN_POINT('',(9.269564314712E-02,-0.341215997116));
#919 = CARTESIAN_POINT('',(-3.289154945216E-02,-0.35186621259));
#920 = CARTESIAN_POINT('',(-7.535883134241E-02,-0.355319583176));
#921 = CARTESIAN_POINT('',(-0.117838056431,-0.358622021763));
#922 = CARTESIAN_POINT('',(-0.160328506302,-0.361770234879));
#923 = CARTESIAN_POINT('',(-0.202829403971,-0.364760690247));
#924 = CARTESIAN_POINT('',(-0.245339903203,-0.367588667219));
#925 = CARTESIAN_POINT('',(-0.308933529251,-0.371565051033));
#926 = CARTESIAN_POINT('',(-0.33001011723,-0.372841398676));
#927 = CARTESIAN_POINT('',(-0.351088710321,-0.374075079675));
#928 = CARTESIAN_POINT('',(-0.37216919569,-0.375265552706));
#929 = CARTESIAN_POINT('',(-0.393251467375,-0.376412698867));
#930 = CARTESIAN_POINT('',(-0.414335414555,-0.37751651496));
#931 = CARTESIAN_POINT('',(-0.457540754772,-0.379689111235));
#932 = CARTESIAN_POINT('',(-0.479662241817,-0.380754131981));
#933 = CARTESIAN_POINT('',(-0.501785601835,-0.381767019808));
#934 = CARTESIAN_POINT('',(-0.523909778612,-0.382742575118));
#935 = CARTESIAN_POINT('',(-0.546035952601,-0.383657641783));
#936 = CARTESIAN_POINT('',(-0.568163546628,-0.38451619601));
#937 = CARTESIAN_POINT('',(-0.590292828328,-0.385310377599));
#938 = ( GEOMETRIC_REPRESENTATION_CONTEXT(2) 
PARAMETRIC_REPRESENTATION_CONTEXT() REPRESENTATION_CONTEXT('2D SPACE',''
  ) );
#939 = ORIENTED_EDGE('',*,*,#940,.T.);
#940 = EDGE_CURVE('',#879,#941,#943,.T.);
#941 = VERTEX_POINT('',#942);
#942 = CARTESIAN_POINT('',(3.274305268264,7.226796065392E-02,
    -0.122063488177));
#943 = SURFACE_CURVE('',#944,(#948),.PCURVE_S1.);
#944 = LINE('',#945,#946);
#945 = CARTESIAN_POINT('',(3.274305268264,7.226796065392E-02,0.));
#946 = VECTOR('',#947,1.);
#947 = DIRECTION('',(0.,0.,-1.));
#948 = PCURVE('',#866,#949);
#949 = DEFINITIONAL_REPRESENTATION('',(#950),#954);
#950 = LINE('',#951,#952);
#951 = CARTESIAN_POINT('',(0.590292828328,0.));
#952 = VECTOR('',#953,1.);
#953 = DIRECTION('',(0.,1.));
#954 = ( GEOMETRIC_REPRESENTATION_CONTEXT(2) 
PARAMETRIC_REPRESENTATION_CONTEXT() REPRESENTATION_CONTEXT('2D SPACE',''
  ) );
#955 = ORIENTED_EDGE('',*,*,#956,.T.);
#956 = EDGE_CURVE('',#941,#858,#957,.T.);
#957 = SURFACE_CURVE('',#958,(#986),.PCURVE_S1.);
#958 = B_SPLINE_CURVE_WITH_KNOTS('',6,(#959,#960,#961,#962,#963,#964,
    #965,#966,#967,#968,#969,#970,#971,#972,#973,#974,#975,#976,#977,
    #978,#979,#980,#981,#982,#983,#984,#985),.UNSPECIFIED.,.F.,.F.,(7,5,
    5,5,5,7),(0.,0.207090005549,0.630482975468,0.816680141186,
    0.908888894786,1.),.UNSPECIFIED.);
#959 = CARTESIAN_POINT('',(3.274305268264,7.226796065392E-02,
    -0.122063488177));
#960 = CARTESIAN_POINT('',(3.234363850568,8.012003131919E-02,
    -0.124747546645));
#961 = CARTESIAN_POINT('',(3.194416752804,8.797321862693E-02,
    -0.12741288062));
#962 = CARTESIAN_POINT('',(3.154464465608,9.582742612368E-02,
    -0.130057931589));
#963 = CARTESIAN_POINT('',(3.114507426513,0.103682567795,-0.132680930825
    ));
#964 = CARTESIAN_POINT('',(3.074546019954,0.111538568064,-0.135279899388
    ));
#965 = CARTESIAN_POINT('',(2.952871721113,0.135458479969,-0.143112601264
    ));
#966 = CARTESIAN_POINT('',(2.871146071394,0.151524899584,-0.14826237996)
  );
#967 = CARTESIAN_POINT('',(2.789406383864,0.167594078889,-0.153285127944
    ));
#968 = CARTESIAN_POINT('',(2.707654976197,0.183665562251,-0.158151536933
    ));
#969 = CARTESIAN_POINT('',(2.625893845349,0.199738957091,-0.16284070576)
  );
#970 = CARTESIAN_POINT('',(2.50816537167,0.222883160476,-0.169277060487)
  );
#971 = CARTESIAN_POINT('',(2.472204165628,0.229952762591,-0.171200973065
    ));
#972 = CARTESIAN_POINT('',(2.436241728495,0.237022606727,-0.173078785831
    ));
#973 = CARTESIAN_POINT('',(2.400278189645,0.244092667448,-0.174908918216
    ));
#974 = CARTESIAN_POINT('',(2.364313702583,0.251162914579,-0.176689444018
    ));
#975 = CARTESIAN_POINT('',(2.310537873618,0.261734687777,-0.179269944146
    ));
#976 = CARTESIAN_POINT('',(2.292727024628,0.265236116944,-0.180111063288
    ));
#977 = CARTESIAN_POINT('',(2.274916059788,0.268737568885,-0.180937814106
    ));
#978 = CARTESIAN_POINT('',(2.257105024433,0.272239034689,-0.181749343179
    ));
#979 = CARTESIAN_POINT('',(2.239293968397,0.275740504559,-0.182544762874
    ));
#980 = CARTESIAN_POINT('',(2.203883945144,0.282701749825,-0.184092273924
    ));
#981 = CARTESIAN_POINT('',(2.18628496186,0.286161528379,-0.184844327156)
  );
#982 = CARTESIAN_POINT('',(2.168686098484,0.289621283361,-0.185579644975
    ));
#983 = CARTESIAN_POINT('',(2.151087563884,0.293080973709,-0.186300593823
    ));
#984 = CARTESIAN_POINT('',(2.133489581514,0.296540555494,-0.187009903348
    ));
#985 = CARTESIAN_POINT('',(2.115892297446,0.3,-0.187708997095));
#986 = PCURVE('',#866,#987);
#987 = DEFINITIONAL_REPRESENTATION('',(#988),#1016);
#988 = B_SPLINE_CURVE_WITH_KNOTS('',6,(#989,#990,#991,#992,#993,#994,
    #995,#996,#997,#998,#999,#1000,#1001,#1002,#1003,#1004,#1005,#1006,
    #1007,#1008,#1009,#1010,#1011,#1012,#1013,#1014,#1015),
  .UNSPECIFIED.,.F.,.F.,(7,5,5,5,5,7),(0.,0.207090005549,0.630482975468,
    0.816680141186,0.908888894786,1.),.UNSPECIFIED.);
#989 = CARTESIAN_POINT('',(0.590292828328,0.122063488177));
#990 = CARTESIAN_POINT('',(0.549586909086,0.124747546645));
#991 = CARTESIAN_POINT('',(0.508875201058,0.12741288062));
#992 = CARTESIAN_POINT('',(0.468158204268,0.130057931589));
#993 = CARTESIAN_POINT('',(0.427436364625,0.132680930825));
#994 = CARTESIAN_POINT('',(0.386710073921,0.135279899388));
#995 = CARTESIAN_POINT('',(0.262706859512,0.143112601264));
#996 = CARTESIAN_POINT('',(0.179416934183,0.14826237996));
#997 = CARTESIAN_POINT('',(9.611270235166E-02,0.153285127944));
#998 = CARTESIAN_POINT('',(1.279652605319E-02,0.158151536933));
#999 = CARTESIAN_POINT('',(-7.052955953391E-02,0.16284070576));
#1000 = CARTESIAN_POINT('',(-0.190511423434,0.169277060487));
#1001 = CARTESIAN_POINT('',(-0.227160947498,0.171200973065));
#1002 = CARTESIAN_POINT('',(-0.263811726215,0.173078785831));
#1003 = CARTESIAN_POINT('',(-0.300463627739,0.174908918216));
#1004 = CARTESIAN_POINT('',(-0.337116495622,0.176689444018));
#1005 = CARTESIAN_POINT('',(-0.391921624666,0.179269944146));
#1006 = CARTESIAN_POINT('',(-0.410073383477,0.180111063288));
#1007 = CARTESIAN_POINT('',(-0.428225260357,0.180937814106));
#1008 = CARTESIAN_POINT('',(-0.4463772091,0.181749343179));
#1009 = CARTESIAN_POINT('',(-0.46452917892,0.182544762874));
#1010 = CARTESIAN_POINT('',(-0.500616970241,0.184092273924));
#1011 = CARTESIAN_POINT('',(-0.518552808116,0.184844327156));
#1012 = CARTESIAN_POINT('',(-0.536488523789,0.185579644975));
#1013 = CARTESIAN_POINT('',(-0.554423904391,0.186300593823));
#1014 = CARTESIAN_POINT('',(-0.572358722194,0.187009903348));
#1015 = CARTESIAN_POINT('',(-0.590292828328,0.187708997095));
#1016 = ( GEOMETRIC_REPRESENTATION_CONTEXT(2) 
PARAMETRIC_REPRESENTATION_CONTEXT() REPRESENTATION_CONTEXT('2D SPACE',''
  ) );
#1017 = ( GEOMETRIC_REPRESENTATION_CONTEXT(3) 
GLOBAL_UNCERTAINTY_ASSIGNED_CONTEXT((#1021)) 
GLOBAL_UNIT_ASSIGNED_CONTEXT((#1018,#1019,#1020)) REPRESENTATION_CONTEXT
('Context #1','3D Context with UNIT and UNCERTAINTY') );
#1018 = ( LENGTH_UNIT() NAMED_UNIT(*) SI_UNIT(.MILLI.,.METRE.) );
#1019 = ( NAMED_UNIT(*) PLANE_ANGLE_UNIT() SI_UNIT($,.RADIAN.) );
#1020 = ( NAMED_UNIT(*) SI_UNIT($,.STERADIAN.) SOLID_ANGLE_UNIT() );
#1021 = UNCERTAINTY_MEASURE_WITH_UNIT(LENGTH_MEASURE(5.E-06),#1018,
  'distance_accuracy_value','confusion accuracy');
#1022 = CONTEXT_DEPENDENT_SHAPE_REPRESENTATION(#1023,#1025);
#1023 = ( REPRESENTATION_RELATIONSHIP('','',#848,#10) 
REPRESENTATION_RELATIONSHIP_WITH_TRANSFORMATION(#1024) 
SHAPE_REPRESENTATION_RELATIONSHIP() );
#1024 = ITEM_DEFINED_TRANSFORMATION('','',#11,#31);
#1025 = PRODUCT_DEFINITION_SHAPE('Placement','Placement of an item',
  #1026);
#1026 = NEXT_ASSEMBLY_USAGE_OCCURRENCE('5','','',#5,#843,$);
#1027 = PRODUCT_RELATED_PRODUCT_CATEGORY('part',$,(#845));
#1028 = SHAPE_DEFINITION_REPRESENTATION(#1029,#1035);
#1029 = PRODUCT_DEFINITION_SHAPE('','',#1030);
#1030 = PRODUCT_DEFINITION('design','',#1031,#1034);
#1031 = PRODUCT_DEFINITION_FORMATION('','',#1032);
#1032 = PRODUCT('Open CASCADE STEP translator 7.8 2.6',
  'Open CASCADE STEP translator 7.8 2.6','',(#1033));
#1033 = PRODUCT_CONTEXT('',#2,'mechanical');
#1034 = PRODUCT_DEFINITION_CONTEXT('part definition',#2,'design');
#1035 = MANIFOLD_SURFACE_SHAPE_REPRESENTATION('',(#11,#1036),#1126);
#1036 = SHELL_BASED_SURFACE_MODEL('',(#1037));
#1037 = OPEN_SHELL('',(#1038));
#1038 = ADVANCED_FACE('',(#1039),#1053,.T.);
#1039 = FACE_BOUND('',#1040,.T.);
#1040 = EDGE_LOOP('',(#1041,#1064,#1088,#1104));
#1041 = ORIENTED_EDGE('',*,*,#1042,.F.);
#1042 = EDGE_CURVE('',#1043,#1045,#1047,.T.);
#1043 = VERTEX_POINT('',#1044);
#1044 = CARTESIAN_POINT('',(2.115892297446,0.3,0.385310377599));
#1045 = VERTEX_POINT('',#1046);
#1046 = CARTESIAN_POINT('',(2.115892297446,0.3,-0.187708997095));
#1047 = SURFACE_CURVE('',#1048,(#1052),.PCURVE_S1.);
#1048 = LINE('',#1049,#1050);
#1049 = CARTESIAN_POINT('',(2.115892297446,0.3,0.));
#1050 = VECTOR('',#1051,1.);
#1051 = DIRECTION('',(0.,0.,-1.));
#1052 = PCURVE('',#1053,#1058);
#1053 = PLANE('',#1054);
#1054 = AXIS2_PLACEMENT_3D('',#1055,#1056,#1057);
#1055 = CARTESIAN_POINT('',(2.500820285394,1.296428571429,0.));
#1056 = DIRECTION('',(-0.932815687716,0.360353843812,0.));
#1057 = DIRECTION('',(0.360353843812,0.932815687716,0.));
#1058 = DEFINITIONAL_REPRESENTATION('',(#1059),#1063);
#1059 = LINE('',#1060,#1061);
#1060 = CARTESIAN_POINT('',(-1.068194483165,0.));
#1061 = VECTOR('',#1062,1.);
#1062 = DIRECTION('',(0.,1.));
#1063 = ( GEOMETRIC_REPRESENTATION_CONTEXT(2) 
PARAMETRIC_REPRESENTATION_CONTEXT() REPRESENTATION_CONTEXT('2D SPACE',''
  ) );
#1064 = ORIENTED_EDGE('',*,*,#1065,.T.);
#1065 = EDGE_CURVE('',#1043,#1066,#1068,.T.);
#1066 = VERTEX_POINT('',#1067);
#1067 = CARTESIAN_POINT('',(2.885748273341,2.292857142857,0.354222582529
    ));
#1068 = SURFACE_CURVE('',#1069,(#1077),.PCURVE_S1.);
#1069 = B_SPLINE_CURVE_WITH_KNOTS('',6,(#1070,#1071,#1072,#1073,#1074,
    #1075,#1076),.UNSPECIFIED.,.F.,.F.,(7,7),(0.,1.),
  .PIECEWISE_BEZIER_KNOTS.);
#1070 = CARTESIAN_POINT('',(2.115892297446,0.3,0.385310377599));
#1071 = CARTESIAN_POINT('',(2.266833168174,0.69072709935,0.379215187065)
  );
#1072 = CARTESIAN_POINT('',(2.372868725988,0.965211841176,0.374933332023
    ));
#1073 = CARTESIAN_POINT('',(2.505240316339,1.307870309255,0.369587993411
    ));
#1074 = CARTESIAN_POINT('',(2.680178338248,1.760716682389,0.362523766406
    ));
#1075 = CARTESIAN_POINT('',(2.848607285402,2.196713597278,0.355722384385
    ));
#1076 = CARTESIAN_POINT('',(2.885748273341,2.292857142857,0.354222582529
    ));
#1077 = PCURVE('',#1053,#1078);
#1078 = DEFINITIONAL_REPRESENTATION('',(#1079),#1087);
#1079 = B_SPLINE_CURVE_WITH_KNOTS('',6,(#1080,#1081,#1082,#1083,#1084,
    #1085,#1086),.UNSPECIFIED.,.F.,.F.,(7,7),(0.,1.),
  .PIECEWISE_BEZIER_KNOTS.);
#1080 = CARTESIAN_POINT('',(-1.068194483165,-0.385310377599));
#1081 = CARTESIAN_POINT('',(-0.649325992321,-0.379215187065));
#1082 = CARTESIAN_POINT('',(-0.355071998268,-0.374933332023));
#1083 = CARTESIAN_POINT('',(1.226580767972E-02,-0.369587993411));
#1084 = CARTESIAN_POINT('',(0.497727597288,-0.362523766406));
#1085 = CARTESIAN_POINT('',(0.965126377809,-0.355722384385));
#1086 = CARTESIAN_POINT('',(1.068194483165,-0.354222582529));
#1087 = ( GEOMETRIC_REPRESENTATION_CONTEXT(2) 
PARAMETRIC_REPRESENTATION_CONTEXT() REPRESENTATION_CONTEXT('2D SPACE',''
  ) );
#1088 = ORIENTED_EDGE('',*,*,#1089,.T.);
#1089 = EDGE_CURVE('',#1066,#1090,#1092,.T.);
#1090 = VERTEX_POINT('',#1091);
#1091 = CARTESIAN_POINT('',(2.885748273341,2.292857142857,
    -0.172564170551));
#1092 = SURFACE_CURVE('',#1093,(#1097),.PCURVE_S1.);
#1093 = LINE('',#1094,#1095);
#1094 = CARTESIAN_POINT('',(2.885748273341,2.292857142857,0.));
#1095 = VECTOR('',#1096,1.);
#1096 = DIRECTION('',(0.,0.,-1.));
#1097 = PCURVE('',#1053,#1098);
#1098 = DEFINITIONAL_REPRESENTATION('',(#1099),#1103);
#1099 = LINE('',#1100,#1101);
#1100 = CARTESIAN_POINT('',(1.068194483165,0.));
#1101 = VECTOR('',#1102,1.);
#1102 = DIRECTION('',(0.,1.));
#1103 = ( GEOMETRIC_REPRESENTATION_CONTEXT(2) 
PARAMETRIC_REPRESENTATION_CONTEXT() REPRESENTATION_CONTEXT('2D SPACE',''
  ) );
#1104 = ORIENTED_EDGE('',*,*,#1105,.F.);
#1105 = EDGE_CURVE('',#1045,#1090,#1106,.T.);
#1106 = SURFACE_CURVE('',#1107,(#1115),.PCURVE_S1.);
#1107 = B_SPLINE_CURVE_WITH_KNOTS('',6,(#1108,#1109,#1110,#1111,#1112,
    #1113,#1114),.UNSPECIFIED.,.F.,.F.,(7,7),(0.,1.),
  .PIECEWISE_BEZIER_KNOTS.);
#1108 = CARTESIAN_POINT('',(2.115892297446,0.3,-0.187708997095));
#1109 = CARTESIAN_POINT('',(2.286867318381,0.742587707816,
    -0.184345527671));
#1110 = CARTESIAN_POINT('',(2.38556422517,0.998075541685,-0.182403933944
    ));
#1111 = CARTESIAN_POINT('',(2.50619608596,1.310344424385,-0.180030829539
    ));
#1112 = CARTESIAN_POINT('',(2.689341738237,1.78443715439,-0.176427935981
    ));
#1113 = CARTESIAN_POINT('',(2.88120427464,2.281094500815,-0.17265356139)
  );
#1114 = CARTESIAN_POINT('',(2.885748273341,2.292857142857,
    -0.172564170551));
#1115 = PCURVE('',#1053,#1116);
#1116 = DEFINITIONAL_REPRESENTATION('',(#1117),#1125);
#1117 = B_SPLINE_CURVE_WITH_KNOTS('',6,(#1118,#1119,#1120,#1121,#1122,
    #1123,#1124),.UNSPECIFIED.,.F.,.F.,(7,7),(0.,1.),
  .PIECEWISE_BEZIER_KNOTS.);
#1118 = CARTESIAN_POINT('',(-1.068194483165,0.187708997095));
#1119 = CARTESIAN_POINT('',(-0.593730220135,0.184345527671));
#1120 = CARTESIAN_POINT('',(-0.319841350947,0.182403933944));
#1121 = CARTESIAN_POINT('',(1.491811634315E-02,0.180030829539));
#1122 = CARTESIAN_POINT('',(0.5231564921,0.176427935981));
#1123 = CARTESIAN_POINT('',(1.055584658741,0.17265356139));
#1124 = CARTESIAN_POINT('',(1.068194483165,0.172564170551));
#1125 = ( GEOMETRIC_REPRESENTATION_CONTEXT(2) 
PARAMETRIC_REPRESENTATION_CONTEXT() REPRESENTATION_CONTEXT('2D SPACE',''
  ) );
#1126 = ( GEOMETRIC_REPRESENTATION_CONTEXT(3) 
GLOBAL_UNCERTAINTY_ASSIGNED_CONTEXT((#1130)) 
GLOBAL_UNIT_ASSIGNED_CONTEXT((#1127,#1128,#1129)) REPRESENTATION_CONTEXT
('Context #1','3D Context with UNIT and UNCERTAINTY') );
#1127 = ( LENGTH_UNIT() NAMED_UNIT(*) SI_UNIT(.MILLI.,.METRE.) );
#1128 = ( NAMED_UNIT(*) PLANE_ANGLE_UNIT() SI_UNIT($,.RADIAN.) );
#1129 = ( NAMED_UNIT(*) SI_UNIT($,.STERADIAN.) SOLID_ANGLE_UNIT() );
#1130 = UNCERTAINTY_MEASURE_WITH_UNIT(LENGTH_MEASURE(5.E-06),#1127,
  'distance_accuracy_value','confusion accuracy');
#1131 = CONTEXT_DEPENDENT_SHAPE_REPRESENTATION(#1132,#1134);
#1132 = ( REPRESENTATION_RELATIONSHIP('','',#1035,#10) 
REPRESENTATION_RELATIONSHIP_WITH_TRANSFORMATION(#1133) 
SHAPE_REPRESENTATION_RELATIONSHIP() );
#1133 = ITEM_DEFINED_TRANSFORMATION('','',#11,#35);
#1134 = PRODUCT_DEFINITION_SHAPE('Placement','Placement of an item',
  #1135);
#1135 = NEXT_ASSEMBLY_USAGE_OCCURRENCE('6','','',#5,#1030,$);
#1136 = PRODUCT_RELATED_PRODUCT_CATEGORY('part',$,(#1032));
#1137 = SHAPE_DEFINITION_REPRESENTATION(#1138,#1144);
#1138 = PRODUCT_DEFINITION_SHAPE('','',#1139);
#1139 = PRODUCT_DEFINITION('design','',#1140,#1143);
#1140 = PRODUCT_DEFINITION_FORMATION('','',#1141);
#1141 = PRODUCT('Open CASCADE STEP translator 7.8 2.7',
  'Open CASCADE STEP translator 7.8 2.7','',(#1142));
#1142 = PRODUCT_CONTEXT('',#2,'mechanical');
#1143 = PRODUCT_DEFINITION_CONTEXT('part definition',#2,'design');
#1144 = MANIFOLD_SURFACE_SHAPE_REPRESENTATION('',(#11,#1145),#1327);
#1145 = SHELL_BASED_SURFACE_MODEL('',(#1146));
#1146 = OPEN_SHELL('',(#1147));
#1147 = ADVANCED_FACE('',(#1148),#1162,.T.);
#1148 = FACE_BOUND('',#1149,.T.);
#1149 = EDGE_LOOP('',(#1150,#1173,#1243,#1259));
#1150 = ORIENTED_EDGE('',*,*,#1151,.F.);
#1151 = EDGE_CURVE('',#1152,#1154,#1156,.T.);
#1152 = VERTEX_POINT('',#1153);
#1153 = CARTESIAN_POINT('',(2.885748273341,2.292857142857,0.354222582529
    ));
#1154 = VERTEX_POINT('',#1155);
#1155 = CARTESIAN_POINT('',(2.885748273341,2.292857142857,
    -0.172564170551));
#1156 = SURFACE_CURVE('',#1157,(#1161),.PCURVE_S1.);
#1157 = LINE('',#1158,#1159);
#1158 = CARTESIAN_POINT('',(2.885748273341,2.292857142857,0.));
#1159 = VECTOR('',#1160,1.);
#1160 = DIRECTION('',(-0.,0.,-1.));
#1161 = PCURVE('',#1162,#1167);
#1162 = PLANE('',#1163);
#1163 = AXIS2_PLACEMENT_3D('',#1164,#1165,#1166);
#1164 = CARTESIAN_POINT('',(2.636322473426,3.022281129265,0.));
#1165 = DIRECTION('',(-0.946209259935,-0.323555306577,0.));
#1166 = DIRECTION('',(-0.323555306577,0.946209259935,0.));
#1167 = DEFINITIONAL_REPRESENTATION('',(#1168),#1172);
#1168 = LINE('',#1169,#1170);
#1169 = CARTESIAN_POINT('',(-0.770890771517,0.));
#1170 = VECTOR('',#1171,1.);
#1171 = DIRECTION('',(0.,1.));
#1172 = ( GEOMETRIC_REPRESENTATION_CONTEXT(2) 
PARAMETRIC_REPRESENTATION_CONTEXT() REPRESENTATION_CONTEXT('2D SPACE',''
  ) );
#1173 = ORIENTED_EDGE('',*,*,#1174,.T.);
#1174 = EDGE_CURVE('',#1152,#1175,#1177,.T.);
#1175 = VERTEX_POINT('',#1176);
#1176 = CARTESIAN_POINT('',(2.386896673511,3.751705115672,0.280788358749
    ));
#1177 = SURFACE_CURVE('',#1178,(#1209),.PCURVE_S1.);
#1178 = B_SPLINE_CURVE_WITH_KNOTS('',8,(#1179,#1180,#1181,#1182,#1183,
    #1184,#1185,#1186,#1187,#1188,#1189,#1190,#1191,#1192,#1193,#1194,
    #1195,#1196,#1197,#1198,#1199,#1200,#1201,#1202,#1203,#1204,#1205,
    #1206,#1207,#1208),.UNSPECIFIED.,.F.,.F.,(9,7,7,7,9),(0.,
    0.116732232816,0.324229575107,0.86407974347,1.),.UNSPECIFIED.);
#1179 = CARTESIAN_POINT('',(2.885748273341,2.292857142857,0.354222582529
    ));
#1180 = CARTESIAN_POINT('',(2.878440488488,2.314228121966,0.354462625229
    ));
#1181 = CARTESIAN_POINT('',(2.871132803464,2.335598809136,0.354672424035
    ));
#1182 = CARTESIAN_POINT('',(2.863825238832,2.356969144226,0.35485025107)
  );
#1183 = CARTESIAN_POINT('',(2.856517792845,2.378339132352,0.354993461934
    ));
#1184 = CARTESIAN_POINT('',(2.849210484304,2.399708718527,0.355100697017
    ));
#1185 = CARTESIAN_POINT('',(2.841903364285,2.421077753388,0.35517235526)
  );
#1186 = CARTESIAN_POINT('',(2.834596496704,2.442446050016,0.355209340348
    ));
#1187 = CARTESIAN_POINT('',(2.814302082918,2.501795292197,0.355211392948
    ));
#1188 = CARTESIAN_POINT('',(2.80131514144,2.539774469282,0.355099088839)
  );
#1189 = CARTESIAN_POINT('',(2.788329330093,2.577750341395,0.354871256755
    ));
#1190 = CARTESIAN_POINT('',(2.775345002452,2.615721874539,0.354524164567
    ));
#1191 = CARTESIAN_POINT('',(2.762362275234,2.653688727388,0.35405510017)
  );
#1192 = CARTESIAN_POINT('',(2.749381261164,2.691650570282,0.353461319617
    ));
#1193 = CARTESIAN_POINT('',(2.736402298677,2.729606413504,0.352738768668
    ));
#1194 = CARTESIAN_POINT('',(2.689663847561,2.866288935292,0.349661012756
    ));
#1195 = CARTESIAN_POINT('',(2.655919303065,2.964971911048,0.34654513722)
  );
#1196 = CARTESIAN_POINT('',(2.622195002495,3.063595685209,0.342474327308
    ));
#1197 = CARTESIAN_POINT('',(2.588496142272,3.162145061294,0.337369376655
    ));
#1198 = CARTESIAN_POINT('',(2.5548304373,3.26059747774,0.331154971325));
#1199 = CARTESIAN_POINT('',(2.521209794477,3.358918113863,0.323711652775
    ));
#1200 = CARTESIAN_POINT('',(2.487648493063,3.457065211215,0.314915352084
    ));
#1201 = CARTESIAN_POINT('',(2.445737136889,3.57963131507,0.301964276937)
  );
#1202 = CARTESIAN_POINT('',(2.437312507906,3.604268407379,0.299261101755
    ));
#1203 = CARTESIAN_POINT('',(2.4288933879,3.628889389167,0.296456698265)
  );
#1204 = CARTESIAN_POINT('',(2.420480183368,3.653493071666,0.293547763479
    ));
#1205 = CARTESIAN_POINT('',(2.412073358623,3.678078097033,0.290530643186
    ));
#1206 = CARTESIAN_POINT('',(2.403673435798,3.702642938339,0.287401331947
    ));
#1207 = CARTESIAN_POINT('',(2.395280994839,3.727185899581,0.284155473098
    ));
#1208 = CARTESIAN_POINT('',(2.386896673511,3.751705115672,0.280788358749
    ));
#1209 = PCURVE('',#1162,#1210);
#1210 = DEFINITIONAL_REPRESENTATION('',(#1211),#1242);
#1211 = B_SPLINE_CURVE_WITH_KNOTS('',8,(#1212,#1213,#1214,#1215,#1216,
    #1217,#1218,#1219,#1220,#1221,#1222,#1223,#1224,#1225,#1226,#1227,
    #1228,#1229,#1230,#1231,#1232,#1233,#1234,#1235,#1236,#1237,#1238,
    #1239,#1240,#1241),.UNSPECIFIED.,.F.,.F.,(9,7,7,7,9),(0.,
    0.116732232816,0.324229575107,0.86407974347,1.),.UNSPECIFIED.);
#1212 = CARTESIAN_POINT('',(-0.770890771517,-0.354222582529));
#1213 = CARTESIAN_POINT('',(-0.748304880622,-0.354462625229));
#1214 = CARTESIAN_POINT('',(-0.725719298262,-0.354672424035));
#1215 = CARTESIAN_POINT('',(-0.703134087998,-0.35485025107));
#1216 = CARTESIAN_POINT('',(-0.680549244421,-0.354993461934));
#1217 = CARTESIAN_POINT('',(-0.657964825646,-0.355100697017));
#1218 = CARTESIAN_POINT('',(-0.635380989527,-0.35517235526));
#1219 = CARTESIAN_POINT('',(-0.612797933607,-0.355209340348));
#1220 = CARTESIAN_POINT('',(-0.550074765812,-0.355211392948));
#1221 = CARTESIAN_POINT('',(-0.509936522938,-0.355099088839));
#1222 = CARTESIAN_POINT('',(-0.469801772919,-0.354871256755));
#1223 = CARTESIAN_POINT('',(-0.429671608534,-0.354524164567));
#1224 = CARTESIAN_POINT('',(-0.389546390512,-0.35405510017));
#1225 = CARTESIAN_POINT('',(-0.349426467255,-0.353461319617));
#1226 = CARTESIAN_POINT('',(-0.309312884743,-0.352738768668));
#1227 = CARTESIAN_POINT('',(-0.164860143076,-0.349661012756));
#1228 = CARTESIAN_POINT('',(-6.056717117833E-02,-0.34654513722));
#1229 = CARTESIAN_POINT('',(4.366323359284E-02,-0.342474327308));
#1230 = CARTESIAN_POINT('',(0.147815010856,-0.337369376655));
#1231 = CARTESIAN_POINT('',(0.251864316454,-0.331154971325));
#1232 = CARTESIAN_POINT('',(0.355774350192,-0.323711652775));
#1233 = CARTESIAN_POINT('',(0.45950097971,-0.314915352084));
#1234 = CARTESIAN_POINT('',(0.589034803827,-0.301964276937));
#1235 = CARTESIAN_POINT('',(0.615072482121,-0.299261101755));
#1236 = CARTESIAN_POINT('',(0.641093134032,-0.296456698265));
#1237 = CARTESIAN_POINT('',(0.667095503214,-0.293547763479));
#1238 = CARTESIAN_POINT('',(0.693078154628,-0.290530643186));
#1239 = CARTESIAN_POINT('',(0.719039474547,-0.287401331947));
#1240 = CARTESIAN_POINT('',(0.744977670547,-0.284155473098));
#1241 = CARTESIAN_POINT('',(0.770890771517,-0.280788358749));
#1242 = ( GEOMETRIC_REPRESENTATION_CONTEXT(2) 
PARAMETRIC_REPRESENTATION_CONTEXT() REPRESENTATION_CONTEXT('2D SPACE',''
  ) );
#1243 = ORIENTED_EDGE('',*,*,#1244,.T.);
#1244 = EDGE_CURVE('',#1175,#1245,#1247,.T.);
#1245 = VERTEX_POINT('',#1246);
#1246 = CARTESIAN_POINT('',(2.386896673511,3.751705115672,
    -0.174324708152));
#1247 = SURFACE_CURVE('',#1248,(#1252),.PCURVE_S1.);
#1248 = LINE('',#1249,#1250);
#1249 = CARTESIAN_POINT('',(2.386896673511,3.751705115672,0.));
#1250 = VECTOR('',#1251,1.);
#1251 = DIRECTION('',(-0.,0.,-1.));
#1252 = PCURVE('',#1162,#1253);
#1253 = DEFINITIONAL_REPRESENTATION('',(#1254),#1258);
#1254 = LINE('',#1255,#1256);
#1255 = CARTESIAN_POINT('',(0.770890771517,0.));
#1256 = VECTOR('',#1257,1.);
#1257 = DIRECTION('',(0.,1.));
#1258 = ( GEOMETRIC_REPRESENTATION_CONTEXT(2) 
PARAMETRIC_REPRESENTATION_CONTEXT() REPRESENTATION_CONTEXT('2D SPACE',''
  ) );
#1259 = ORIENTED_EDGE('',*,*,#1260,.F.);
#1260 = EDGE_CURVE('',#1154,#1245,#1261,.T.);
#1261 = SURFACE_CURVE('',#1262,(#1293),.PCURVE_S1.);
#1262 = B_SPLINE_CURVE_WITH_KNOTS('',8,(#1263,#1264,#1265,#1266,#1267,
    #1268,#1269,#1270,#1271,#1272,#1273,#1274,#1275,#1276,#1277,#1278,
    #1279,#1280,#1281,#1282,#1283,#1284,#1285,#1286,#1287,#1288,#1289,
    #1290,#1291,#1292),.UNSPECIFIED.,.F.,.F.,(9,7,7,7,9),(0.,
    0.177528930111,0.444428776056,0.686748634225,1.),.UNSPECIFIED.);
#1263 = CARTESIAN_POINT('',(2.885748273341,2.292857142857,
    -0.172564170551));
#1264 = CARTESIAN_POINT('',(2.874652405131,2.325306041188,
    -0.173222924418));
#1265 = CARTESIAN_POINT('',(2.863557196423,2.357753010861,
    -0.173865808226));
#1266 = CARTESIAN_POINT('',(2.85246267704,2.390197964665,-0.174492799591
    ));
#1267 = CARTESIAN_POINT('',(2.84136925286,2.422639715643,-0.1751265319)
  );
#1268 = CARTESIAN_POINT('',(2.830276318135,2.455080035252,
    -0.175731550339));
#1269 = CARTESIAN_POINT('',(2.819184316358,2.487517626536,
    -0.176332675751));
#1270 = CARTESIAN_POINT('',(2.808092994404,2.519953229738,
    -0.176914900336));
#1271 = CARTESIAN_POINT('',(2.780328620239,2.601147719204,
    -0.178330408625));
#1272 = CARTESIAN_POINT('',(2.763656483855,2.64990392721,-0.179141369726
    ));
#1273 = CARTESIAN_POINT('',(2.746986117036,2.69865496028,-0.179908014547
    ));
#1274 = CARTESIAN_POINT('',(2.73031778645,2.747400038564,-0.180624984759
    ));
#1275 = CARTESIAN_POINT('',(2.713651727825,2.796138472696,
    -0.181286070828));
#1276 = CARTESIAN_POINT('',(2.69698809674,2.844869807699,-0.181883954866
    ));
#1277 = CARTESIAN_POINT('',(2.680327040858,2.893593611745,
    -0.182410389009));
#1278 = CARTESIAN_POINT('',(2.648544868828,2.986537800463,
    -0.183262116791));
#1279 = CARTESIAN_POINT('',(2.63342325233,3.030759648367,-0.183601493736
    ));
#1280 = CARTESIAN_POINT('',(2.618304249293,3.074973853431,
    -0.183868312167));
#1281 = CARTESIAN_POINT('',(2.603188110628,3.11917968189,-0.184055380742
    ));
#1282 = CARTESIAN_POINT('',(2.588075140853,3.163376243206,-0.1841547684)
  );
#1283 = CARTESIAN_POINT('',(2.572965705974,3.207562467026,
    -0.184157628004));
#1284 = CARTESIAN_POINT('',(2.557860241372,3.251737080119,
    -0.184054019987));
#1285 = CARTESIAN_POINT('',(2.523237941147,3.352986975908,
    -0.183546678095));
#1286 = CARTESIAN_POINT('',(2.503724496671,3.410052341492,
    -0.183064036761));
#1287 = CARTESIAN_POINT('',(2.484219668088,3.467092510648,
    -0.182360366999));
#1288 = CARTESIAN_POINT('',(2.464724814168,3.524103509773,
    -0.181407420729));
#1289 = CARTESIAN_POINT('',(2.445241920332,3.581079532678,
    -0.180172382291));
#1290 = CARTESIAN_POINT('',(2.425773687516,3.638012680708,
    -0.178615772485));
#1291 = CARTESIAN_POINT('',(2.406323700188,3.694892471398,-0.17668802113
    ));
#1292 = CARTESIAN_POINT('',(2.386896673511,3.751705115672,
    -0.174324708152));
#1293 = PCURVE('',#1162,#1294);
#1294 = DEFINITIONAL_REPRESENTATION('',(#1295),#1326);
#1295 = B_SPLINE_CURVE_WITH_KNOTS('',8,(#1296,#1297,#1298,#1299,#1300,
    #1301,#1302,#1303,#1304,#1305,#1306,#1307,#1308,#1309,#1310,#1311,
    #1312,#1313,#1314,#1315,#1316,#1317,#1318,#1319,#1320,#1321,#1322,
    #1323,#1324,#1325),.UNSPECIFIED.,.F.,.F.,(9,7,7,7,9),(0.,
    0.177528930111,0.444428776056,0.686748634225,1.),.UNSPECIFIED.);
#1296 = CARTESIAN_POINT('',(-0.770890771517,0.172564170551));
#1297 = CARTESIAN_POINT('',(-0.736597196401,0.173222924418));
#1298 = CARTESIAN_POINT('',(-0.702305659585,0.173865808226));
#1299 = CARTESIAN_POINT('',(-0.668016253237,0.174492799591));
#1300 = CARTESIAN_POINT('',(-0.633730231791,0.1751265319));
#1301 = CARTESIAN_POINT('',(-0.599445723087,0.175731550339));
#1302 = CARTESIAN_POINT('',(-0.565164097808,0.176332675751));
#1303 = CARTESIAN_POINT('',(-0.530884573631,0.176914900336));
#1304 = CARTESIAN_POINT('',(-0.445074285249,0.178330408625));
#1305 = CARTESIAN_POINT('',(-0.393546351555,0.179141369726));
#1306 = CARTESIAN_POINT('',(-0.342023886986,0.179908014547));
#1307 = CARTESIAN_POINT('',(-0.290507715724,0.180624984759));
#1308 = CARTESIAN_POINT('',(-0.238998566326,0.181286070828));
#1309 = CARTESIAN_POINT('',(-0.187496919632,0.181883954866));
#1310 = CARTESIAN_POINT('',(-0.136003232021,0.182410389009));
#1311 = CARTESIAN_POINT('',(-3.777528958417E-02,0.183262116791));
#1312 = CARTESIAN_POINT('',(8.960511655134E-03,0.183601493736));
#1313 = CARTESIAN_POINT('',(5.568823557095E-02,0.183868312167));
#1314 = CARTESIAN_POINT('',(0.102407106681,0.184055380742));
#1315 = CARTESIAN_POINT('',(0.149116183825,0.1841547684));
#1316 = CARTESIAN_POINT('',(0.1958143358,0.184157628004));
#1317 = CARTESIAN_POINT('',(0.242500216992,0.184054019987));
#1318 = CARTESIAN_POINT('',(0.349506034919,0.183546678095));
#1319 = CARTESIAN_POINT('',(0.409815490766,0.183064036761));
#1320 = CARTESIAN_POINT('',(0.470098317801,0.182360366999));
#1321 = CARTESIAN_POINT('',(0.530350316528,0.181407420729));
#1322 = CARTESIAN_POINT('',(0.590565350684,0.180172382291));
#1323 = CARTESIAN_POINT('',(0.650735072584,0.178615772485));
#1324 = CARTESIAN_POINT('',(0.710848403851,0.17668802113));
#1325 = CARTESIAN_POINT('',(0.770890771517,0.174324708152));
#1326 = ( GEOMETRIC_REPRESENTATION_CONTEXT(2) 
PARAMETRIC_REPRESENTATION_CONTEXT() REPRESENTATION_CONTEXT('2D SPACE',''
  ) );
#1327 = ( GEOMETRIC_REPRESENTATION_CONTEXT(3) 
GLOBAL_UNCERTAINTY_ASSIGNED_CONTEXT((#1331)) 
GLOBAL_UNIT_ASSIGNED_CONTEXT((#1328,#1329,#1330)) REPRESENTATION_CONTEXT
('Context #1','3D Context with UNIT and UNCERTAINTY') );
#1328 = ( LENGTH_UNIT() NAMED_UNIT(*) SI_UNIT(.MILLI.,.METRE.) );
#1329 = ( NAMED_UNIT(*) PLANE_ANGLE_UNIT() SI_UNIT($,.RADIAN.) );
#1330 = ( NAMED_UNIT(*) SI_UNIT($,.STERADIAN.) SOLID_ANGLE_UNIT() );
#1331 = UNCERTAINTY_MEASURE_WITH_UNIT(LENGTH_MEASURE(5.E-06),#1328,
  'distance_accuracy_value','confusion accuracy');
#1332 = CONTEXT_DEPENDENT_SHAPE_REPRESENTATION(#1333,#1335);
#1333 = ( REPRESENTATION_RELATIONSHIP('','',#1144,#10) 
REPRESENTATION_RELATIONSHIP_WITH_TRANSFORMATION(#1334) 
SHAPE_REPRESENTATION_RELATIONSHIP() );
#1334 = ITEM_DEFINED_TRANSFORMATION('','',#11,#39);
#1335 = PRODUCT_DEFINITION_SHAPE('Placement','Placement of an item',
  #1336);
#1336 = NEXT_ASSEMBLY_USAGE_OCCURRENCE('7','','',#5,#1139,$);
#1337 = PRODUCT_RELATED_PRODUCT_CATEGORY('part',$,(#1141));
#1338 = SHAPE_DEFINITION_REPRESENTATION(#1339,#1345);
#1339 = PRODUCT_DEFINITION_SHAPE('','',#1340);
#1340 = PRODUCT_DEFINITION('design','',#1341,#1344);
#1341 = PRODUCT_DEFINITION_FORMATION('','',#1342);
#1342 = PRODUCT('Open CASCADE STEP translator 7.8 2.8',
  'Open CASCADE STEP translator 7.8 2.8','',(#1343));
#1343 = PRODUCT_CONTEXT('',#2,'mechanical');
#1344 = PRODUCT_DEFINITION_CONTEXT('part definition',#2,'design');
#1345 = MANIFOLD_SURFACE_SHAPE_REPRESENTATION('',(#11,#1346),#1520);
#1346 = SHELL_BASED_SURFACE_MODEL('',(#1347));
#1347 = OPEN_SHELL('',(#1348));
#1348 = ADVANCED_FACE('',(#1349),#1363,.T.);
#1349 = FACE_BOUND('',#1350,.T.);
#1350 = EDGE_LOOP('',(#1351,#1374,#1444,#1460));
#1351 = ORIENTED_EDGE('',*,*,#1352,.F.);
#1352 = EDGE_CURVE('',#1353,#1355,#1357,.T.);
#1353 = VERTEX_POINT('',#1354);
#1354 = CARTESIAN_POINT('',(2.885748273341,2.292857142857,0.354222582529
    ));
#1355 = VERTEX_POINT('',#1356);
#1356 = CARTESIAN_POINT('',(2.885748273341,2.292857142857,
    -0.172564170551));
#1357 = SURFACE_CURVE('',#1358,(#1362),.PCURVE_S1.);
#1358 = LINE('',#1359,#1360);
#1359 = CARTESIAN_POINT('',(2.885748273341,2.292857142857,0.));
#1360 = VECTOR('',#1361,1.);
#1361 = DIRECTION('',(0.,0.,-1.));
#1362 = PCURVE('',#1363,#1368);
#1363 = PLANE('',#1364);
#1364 = AXIS2_PLACEMENT_3D('',#1365,#1366,#1367);
#1365 = CARTESIAN_POINT('',(3.582700822398,2.677247669024,0.));
#1366 = DIRECTION('',(-0.482947288124,0.875649425794,0.));
#1367 = DIRECTION('',(0.875649425794,0.482947288124,0.));
#1368 = DEFINITIONAL_REPRESENTATION('',(#1369),#1373);
#1369 = LINE('',#1370,#1371);
#1370 = CARTESIAN_POINT('',(-0.79592646158,0.));
#1371 = VECTOR('',#1372,1.);
#1372 = DIRECTION('',(0.,1.));
#1373 = ( GEOMETRIC_REPRESENTATION_CONTEXT(2) 
PARAMETRIC_REPRESENTATION_CONTEXT() REPRESENTATION_CONTEXT('2D SPACE',''
  ) );
#1374 = ORIENTED_EDGE('',*,*,#1375,.T.);
#1375 = EDGE_CURVE('',#1353,#1376,#1378,.T.);
#1376 = VERTEX_POINT('',#1377);
#1377 = CARTESIAN_POINT('',(4.279653371455,3.06163819519,0.253377801213)
  );
#1378 = SURFACE_CURVE('',#1379,(#1410),.PCURVE_S1.);
#1379 = B_SPLINE_CURVE_WITH_KNOTS('',8,(#1380,#1381,#1382,#1383,#1384,
    #1385,#1386,#1387,#1388,#1389,#1390,#1391,#1392,#1393,#1394,#1395,
    #1396,#1397,#1398,#1399,#1400,#1401,#1402,#1403,#1404,#1405,#1406,
    #1407,#1408,#1409),.UNSPECIFIED.,.F.,.F.,(9,7,7,7,9),(0.,
    0.159977292838,0.478937871672,0.795483273262,1.),.UNSPECIFIED.);
#1380 = CARTESIAN_POINT('',(2.885748273341,2.292857142857,0.354222582529
    ));
#1381 = CARTESIAN_POINT('',(2.913674949313,2.308259553947,0.353172607695
    ));
#1382 = CARTESIAN_POINT('',(2.941599751248,2.323660931449,0.352061603943
    ));
#1383 = CARTESIAN_POINT('',(2.969522937149,2.339061417659,0.350899243068
    ));
#1384 = CARTESIAN_POINT('',(2.99744391072,2.354460683702,0.349672859801)
  );
#1385 = CARTESIAN_POINT('',(3.025364051901,2.369859490656,0.348419907073
    ));
#1386 = CARTESIAN_POINT('',(3.053282053761,2.38525711771,0.347111315899)
  );
#1387 = CARTESIAN_POINT('',(3.081198421746,2.400653843632,0.345759377831
    ));
#1388 = CARTESIAN_POINT('',(3.164768571611,2.446745322774,0.341573400094
    ));
#1389 = CARTESIAN_POINT('',(3.220416815453,2.477437021599,0.338603844655
    ));
#1390 = CARTESIAN_POINT('',(3.276057128229,2.508124346199,0.335446654133
    ));
#1391 = CARTESIAN_POINT('',(3.331688912685,2.538806967172,0.332113501674
    ));
#1392 = CARTESIAN_POINT('',(3.387311438269,2.569484481595,0.328610578923
    ));
#1393 = CARTESIAN_POINT('',(3.442924032862,2.600156518775,0.324939205973
    ));
#1394 = CARTESIAN_POINT('',(3.498526195982,2.63082280268,0.321103006409)
  );
#1395 = CARTESIAN_POINT('',(3.609287408009,2.691910979526,0.313136494292
    ));
#1396 = CARTESIAN_POINT('',(3.66444663289,2.722332969521,0.309008740898)
  );
#1397 = CARTESIAN_POINT('',(3.719594373622,2.75274862566,0.304724455661)
  );
#1398 = CARTESIAN_POINT('',(3.774730035112,2.783157619729,0.300286474142
    ));
#1399 = CARTESIAN_POINT('',(3.829852998674,2.813559610504,0.295697363995
    ));
#1400 = CARTESIAN_POINT('',(3.884962622028,2.843954243749,0.29095942497)
  );
#1401 = CARTESIAN_POINT('',(3.9400582393,2.874341152215,0.286074688915)
  );
#1402 = CARTESIAN_POINT('',(4.030726377771,2.924347387934,0.277795237686
    ));
#1403 = CARTESIAN_POINT('',(4.066307449242,2.943971430923,0.274485032452
    ));
#1404 = CARTESIAN_POINT('',(4.101882187247,2.963591980814,0.271114800649
    ));
#1405 = CARTESIAN_POINT('',(4.137450390495,2.983208926587,0.26768499854)
  );
#1406 = CARTESIAN_POINT('',(4.17301184459,3.002822149997,0.264196042072)
  );
#1407 = CARTESIAN_POINT('',(4.208566322033,3.022431525571,0.260648306873
    ));
#1408 = CARTESIAN_POINT('',(4.244113582223,3.042036920611,0.257042128255
    ));
#1409 = CARTESIAN_POINT('',(4.279653371455,3.06163819519,0.253377801213)
  );
#1410 = PCURVE('',#1363,#1411);
#1411 = DEFINITIONAL_REPRESENTATION('',(#1412),#1443);
#1412 = B_SPLINE_CURVE_WITH_KNOTS('',8,(#1413,#1414,#1415,#1416,#1417,
    #1418,#1419,#1420,#1421,#1422,#1423,#1424,#1425,#1426,#1427,#1428,
    #1429,#1430,#1431,#1432,#1433,#1434,#1435,#1436,#1437,#1438,#1439,
    #1440,#1441,#1442),.UNSPECIFIED.,.F.,.F.,(9,7,7,7,9),(0.,
    0.159977292838,0.478937871672,0.795483273262,1.),.UNSPECIFIED.);
#1413 = CARTESIAN_POINT('',(-0.79592646158,-0.354222582529));
#1414 = CARTESIAN_POINT('',(-0.764033931134,-0.353172607695));
#1415 = CARTESIAN_POINT('',(-0.732143540857,-0.352061603943));
#1416 = CARTESIAN_POINT('',(-0.700254996105,-0.350899243068));
#1417 = CARTESIAN_POINT('',(-0.668368977856,-0.349672859801));
#1418 = CARTESIAN_POINT('',(-0.636483910205,-0.348419907073));
#1419 = CARTESIAN_POINT('',(-0.604601285677,-0.347111315899));
#1420 = CARTESIAN_POINT('',(-0.57272052705,-0.345759377831));
#1421 = CARTESIAN_POINT('',(-0.47728261845,-0.341573400094));
#1422 = CARTESIAN_POINT('',(-0.413731792968,-0.338603844655));
#1423 = CARTESIAN_POINT('',(-0.35019002484,-0.335446654133));
#1424 = CARTESIAN_POINT('',(-0.286657996133,-0.332113501674));
#1425 = CARTESIAN_POINT('',(-0.223136541148,-0.328610578923));
#1426 = CARTESIAN_POINT('',(-0.159626427448,-0.324939205973));
#1427 = CARTESIAN_POINT('',(-9.612822658992E-02,-0.321103006409));
#1428 = CARTESIAN_POINT('',(3.036213446597E-02,-0.313136494292));
#1429 = CARTESIAN_POINT('',(9.335449562805E-02,-0.309008740898));
#1430 = CARTESIAN_POINT('',(0.156333741782,-0.304724455661));
#1431 = CARTESIAN_POINT('',(0.219299193327,-0.300286474142));
#1432 = CARTESIAN_POINT('',(0.282250143717,-0.295697363995));
#1433 = CARTESIAN_POINT('',(0.345185859461,-0.29095942497));
#1434 = CARTESIAN_POINT('',(0.408105580128,-0.286074688915));
#1435 = CARTESIAN_POINT('',(0.511649459447,-0.277795237686));
#1436 = CARTESIAN_POINT('',(0.552283382593,-0.274485032452));
#1437 = CARTESIAN_POINT('',(0.592910072862,-0.271114800649));
#1438 = CARTESIAN_POINT('',(0.633529300374,-0.26768499854));
#1439 = CARTESIAN_POINT('',(0.67414082029,-0.264196042072));
#1440 = CARTESIAN_POINT('',(0.714744372803,-0.260648306873));
#1441 = CARTESIAN_POINT('',(0.755339683145,-0.257042128255));
#1442 = CARTESIAN_POINT('',(0.79592646158,-0.253377801213));
#1443 = ( GEOMETRIC_REPRESENTATION_CONTEXT(2) 
PARAMETRIC_REPRESENTATION_CONTEXT() REPRESENTATION_CONTEXT('2D SPACE',''
  ) );
#1444 = ORIENTED_EDGE('',*,*,#1445,.T.);
#1445 = EDGE_CURVE('',#1376,#1446,#1448,.T.);
#1446 = VERTEX_POINT('',#1447);
#1447 = CARTESIAN_POINT('',(4.279653371455,3.06163819519,-0.107425447734
    ));
#1448 = SURFACE_CURVE('',#1449,(#1453),.PCURVE_S1.);
#1449 = LINE('',#1450,#1451);
#1450 = CARTESIAN_POINT('',(4.279653371455,3.06163819519,0.));
#1451 = VECTOR('',#1452,1.);
#1452 = DIRECTION('',(0.,0.,-1.));
#1453 = PCURVE('',#1363,#1454);
#1454 = DEFINITIONAL_REPRESENTATION('',(#1455),#1459);
#1455 = LINE('',#1456,#1457);
#1456 = CARTESIAN_POINT('',(0.79592646158,0.));
#1457 = VECTOR('',#1458,1.);
#1458 = DIRECTION('',(0.,1.));
#1459 = ( GEOMETRIC_REPRESENTATION_CONTEXT(2) 
PARAMETRIC_REPRESENTATION_CONTEXT() REPRESENTATION_CONTEXT('2D SPACE',''
  ) );
#1460 = ORIENTED_EDGE('',*,*,#1461,.F.);
#1461 = EDGE_CURVE('',#1355,#1446,#1462,.T.);
#1462 = SURFACE_CURVE('',#1463,(#1490),.PCURVE_S1.);
#1463 = B_SPLINE_CURVE_WITH_KNOTS('',7,(#1464,#1465,#1466,#1467,#1468,
    #1469,#1470,#1471,#1472,#1473,#1474,#1475,#1476,#1477,#1478,#1479,
    #1480,#1481,#1482,#1483,#1484,#1485,#1486,#1487,#1488,#1489),
  .UNSPECIFIED.,.F.,.F.,(8,6,6,6,8),(0.,0.146195258875,0.374094087017,
    0.599145388115,1.),.UNSPECIFIED.);
#1464 = CARTESIAN_POINT('',(2.885748273341,2.292857142857,
    -0.172564170551));
#1465 = CARTESIAN_POINT('',(2.914877713063,2.308922914733,
    -0.171563852229));
#1466 = CARTESIAN_POINT('',(2.944007316423,2.324988776861,
    -0.170547989383));
#1467 = CARTESIAN_POINT('',(2.973136894919,2.341054625275,
    -0.169511972644));
#1468 = CARTESIAN_POINT('',(3.002266201766,2.357120323867,
    -0.168456397829));
#1469 = CARTESIAN_POINT('',(3.031394708054,2.373185580925,
    -0.167363108126));
#1470 = CARTESIAN_POINT('',(3.060522766723,2.389250591109,
    -0.166250097361));
#1471 = CARTESIAN_POINT('',(3.135055840961,2.430357848212,
    -0.163340170026));
#1472 = CARTESIAN_POINT('',(3.180459979608,2.455399611484,
    -0.161510450367));
#1473 = CARTESIAN_POINT('',(3.225862286571,2.480440364525,
    -0.159631833015));
#1474 = CARTESIAN_POINT('',(3.271262609522,2.505480023324,
    -0.157707539187));
#1475 = CARTESIAN_POINT('',(3.31666085954,2.530518538837,-0.155738441042
    ));
#1476 = CARTESIAN_POINT('',(3.362056946866,2.55555586156,-0.153725580116
    ));
#1477 = CARTESIAN_POINT('',(3.45227730499,2.6053151328,-0.149645441692)
  );
#1478 = CARTESIAN_POINT('',(3.497101624651,2.630037108267,
    -0.147578916416));
#1479 = CARTESIAN_POINT('',(3.541923539657,2.654757757494,-0.1454757986)
  );
#1480 = CARTESIAN_POINT('',(3.586742908461,2.679477002413,
    -0.143338537157));
#1481 = CARTESIAN_POINT('',(3.63155958394,2.704194761881,-0.14116934124)
  );
#1482 = CARTESIAN_POINT('',(3.676373413401,2.728910951684,
    -0.138970180243));
#1483 = CARTESIAN_POINT('',(3.80099993325,2.797646267458,-0.13277541221)
  );
#1484 = CARTESIAN_POINT('',(3.880806046958,2.841661766191,
    -0.128718599485));
#1485 = CARTESIAN_POINT('',(3.96060167717,2.885671482956,-0.124583223153
    ));
#1486 = CARTESIAN_POINT('',(4.040385736977,2.929674818291,
    -0.120378690989));
#1487 = CARTESIAN_POINT('',(4.120156884247,2.97367103197,-0.116113096096
    ));
#1488 = CARTESIAN_POINT('',(4.199913450779,3.017659203928,
    -0.111793371999));
#1489 = CARTESIAN_POINT('',(4.279653371455,3.06163819519,-0.107425447734
    ));
#1490 = PCURVE('',#1363,#1491);
#1491 = DEFINITIONAL_REPRESENTATION('',(#1492),#1519);
#1492 = B_SPLINE_CURVE_WITH_KNOTS('',7,(#1493,#1494,#1495,#1496,#1497,
    #1498,#1499,#1500,#1501,#1502,#1503,#1504,#1505,#1506,#1507,#1508,
    #1509,#1510,#1511,#1512,#1513,#1514,#1515,#1516,#1517,#1518),
  .UNSPECIFIED.,.F.,.F.,(8,6,6,6,8),(0.,0.146195258875,0.374094087017,
    0.599145388115,1.),.UNSPECIFIED.);
#1493 = CARTESIAN_POINT('',(-0.79592646158,0.172564170551));
#1494 = CARTESIAN_POINT('',(-0.762660363455,0.171563852229));
#1495 = CARTESIAN_POINT('',(-0.729394078454,0.170547989383));
#1496 = CARTESIAN_POINT('',(-0.696127821847,0.169511972644));
#1497 = CARTESIAN_POINT('',(-0.662861875465,0.168456397829));
#1498 = CARTESIAN_POINT('',(-0.629596843331,0.167363108126));
#1499 = CARTESIAN_POINT('',(-0.596332322381,0.166250097361));
#1500 = CARTESIAN_POINT('',(-0.511214840382,0.163340170026));
#1501 = CARTESIAN_POINT('',(-0.459362880785,0.161510450367));
#1502 = CARTESIAN_POINT('',(-0.407513012989,0.159631833015));
#1503 = CARTESIAN_POINT('',(-0.355665410953,0.157707539187));
#1504 = CARTESIAN_POINT('',(-0.303820176227,0.155738441042));
#1505 = CARTESIAN_POINT('',(-0.251977411317,0.153725580116));
#1506 = CARTESIAN_POINT('',(-0.148944901425,0.149645441692));
#1507 = CARTESIAN_POINT('',(-9.775510064382E-02,0.147578916416));
#1508 = CARTESIAN_POINT('',(-4.656804600079E-02,0.1454757986));
#1509 = CARTESIAN_POINT('',(4.616100854296E-03,0.143338537157));
#1510 = CARTESIAN_POINT('',(5.579717190755E-02,0.14116934124));
#1511 = CARTESIAN_POINT('',(0.106974992781,0.138970180243));
#1512 = CARTESIAN_POINT('',(0.249299667677,0.13277541221));
#1513 = CARTESIAN_POINT('',(0.340439011068,0.128718599485));
#1514 = CARTESIAN_POINT('',(0.431566382207,0.124583223153));
#1515 = CARTESIAN_POINT('',(0.522680539833,0.120378690989));
#1516 = CARTESIAN_POINT('',(0.613779951219,0.116113096096));
#1517 = CARTESIAN_POINT('',(0.704862711263,0.111793371999));
#1518 = CARTESIAN_POINT('',(0.79592646158,0.107425447734));
#1519 = ( GEOMETRIC_REPRESENTATION_CONTEXT(2) 
PARAMETRIC_REPRESENTATION_CONTEXT() REPRESENTATION_CONTEXT('2D SPACE',''
  ) );
#1520 = ( GEOMETRIC_REPRESENTATION_CONTEXT(3) 
GLOBAL_UNCERTAINTY_ASSIGNED_CONTEXT((#1524)) 
GLOBAL_UNIT_ASSIGNED_CONTEXT((#1521,#1522,#1523)) REPRESENTATION_CONTEXT
('Context #1','3D Context with UNIT and UNCERTAINTY') );
#1521 = ( LENGTH_UNIT() NAMED_UNIT(*) SI_UNIT(.MILLI.,.METRE.) );
#1522 = ( NAMED_UNIT(*) PLANE_ANGLE_UNIT() SI_UNIT($,.RADIAN.) );
#1523 = ( NAMED_UNIT(*) SI_UNIT($,.STERADIAN.) SOLID_ANGLE_UNIT() );
#1524 = UNCERTAINTY_MEASURE_WITH_UNIT(LENGTH_MEASURE(5.E-06),#1521,
  'distance_accuracy_value','confusion accuracy');
#1525 = CONTEXT_DEPENDENT_SHAPE_REPRESENTATION(#1526,#1528);
#1526 = ( REPRESENTATION_RELATIONSHIP('','',#1345,#10) 
REPRESENTATION_RELATIONSHIP_WITH_TRANSFORMATION(#1527) 
SHAPE_REPRESENTATION_RELATIONSHIP() );
#1527 = ITEM_DEFINED_TRANSFORMATION('','',#11,#43);
#1528 = PRODUCT_DEFINITION_SHAPE('Placement','Placement of an item',
  #1529);
#1529 = NEXT_ASSEMBLY_USAGE_OCCURRENCE('8','','',#5,#1340,$);
#1530 = PRODUCT_RELATED_PRODUCT_CATEGORY('part',$,(#1342));
#1531 = SHAPE_DEFINITION_REPRESENTATION(#1532,#1538);
#1532 = PRODUCT_DEFINITION_SHAPE('','',#1533);
#1533 = PRODUCT_DEFINITION('design','',#1534,#1537);
#1534 = PRODUCT_DEFINITION_FORMATION('','',#1535);
#1535 = PRODUCT('Open CASCADE STEP translator 7.8 2.9',
  'Open CASCADE STEP translator 7.8 2.9','',(#1536));
#1536 = PRODUCT_CONTEXT('',#2,'mechanical');
#1537 = PRODUCT_DEFINITION_CONTEXT('part definition',#2,'design');
#1538 = MANIFOLD_SURFACE_SHAPE_REPRESENTATION('',(#11,#1539),#1699);
#1539 = SHELL_BASED_SURFACE_MODEL('',(#1540));
#1540 = OPEN_SHELL('',(#1541));
#1541 = ADVANCED_FACE('',(#1542),#1556,.T.);
#1542 = FACE_BOUND('',#1543,.T.);
#1543 = EDGE_LOOP('',(#1544,#1567,#1629,#1645));
#1544 = ORIENTED_EDGE('',*,*,#1545,.F.);
#1545 = EDGE_CURVE('',#1546,#1548,#1550,.T.);
#1546 = VERTEX_POINT('',#1547);
#1547 = CARTESIAN_POINT('',(2.885748273341,2.292857142857,0.354222582529
    ));
#1548 = VERTEX_POINT('',#1549);
#1549 = CARTESIAN_POINT('',(2.885748273341,2.292857142857,
    -0.172564170551));
#1550 = SURFACE_CURVE('',#1551,(#1555),.PCURVE_S1.);
#1551 = LINE('',#1552,#1553);
#1552 = CARTESIAN_POINT('',(2.885748273341,2.292857142857,0.));
#1553 = VECTOR('',#1554,1.);
#1554 = DIRECTION('',(-0.,0.,-1.));
#1555 = PCURVE('',#1556,#1561);
#1556 = PLANE('',#1557);
#1557 = AXIS2_PLACEMENT_3D('',#1558,#1559,#1560);
#1558 = CARTESIAN_POINT('',(2.4364308326,2.564137346837,0.));
#1559 = DIRECTION('',(-0.516861003485,-0.856069333101,0.));
#1560 = DIRECTION('',(-0.856069333101,0.516861003485,0.));
#1561 = DEFINITIONAL_REPRESENTATION('',(#1562),#1566);
#1562 = LINE('',#1563,#1564);
#1563 = CARTESIAN_POINT('',(-0.524861040301,0.));
#1564 = VECTOR('',#1565,1.);
#1565 = DIRECTION('',(0.,1.));
#1566 = ( GEOMETRIC_REPRESENTATION_CONTEXT(2) 
PARAMETRIC_REPRESENTATION_CONTEXT() REPRESENTATION_CONTEXT('2D SPACE',''
  ) );
#1567 = ORIENTED_EDGE('',*,*,#1568,.F.);
#1568 = EDGE_CURVE('',#1569,#1546,#1571,.T.);
#1569 = VERTEX_POINT('',#1570);
#1570 = CARTESIAN_POINT('',(1.987113391859,2.835417550817,0.292896766921
    ));
#1571 = SURFACE_CURVE('',#1572,(#1599),.PCURVE_S1.);
#1572 = B_SPLINE_CURVE_WITH_KNOTS('',7,(#1573,#1574,#1575,#1576,#1577,
    #1578,#1579,#1580,#1581,#1582,#1583,#1584,#1585,#1586,#1587,#1588,
    #1589,#1590,#1591,#1592,#1593,#1594,#1595,#1596,#1597,#1598),
  .UNSPECIFIED.,.F.,.F.,(8,6,6,6,8),(0.,0.457941421941,0.720516751353,
    0.855266041,1.),.UNSPECIFIED.);
#1573 = CARTESIAN_POINT('',(1.987113391859,2.835417550817,0.292896766921
    ));
#1574 = CARTESIAN_POINT('',(2.044762822064,2.800611091581,0.304972054219
    ));
#1575 = CARTESIAN_POINT('',(2.102798022286,2.765571719576,0.315352450697
    ));
#1576 = CARTESIAN_POINT('',(2.161115586681,2.730361867186,0.32425324677)
  );
#1577 = CARTESIAN_POINT('',(2.219643231457,2.695025176523,0.331815573854
    ));
#1578 = CARTESIAN_POINT('',(2.278329232044,2.659592876847,0.338148071204
    ));
#1579 = CARTESIAN_POINT('',(2.337137649747,2.624086666529,0.343345279682
    ));
#1580 = CARTESIAN_POINT('',(2.429828250154,2.56812372651,0.349855120251)
  );
#1581 = CARTESIAN_POINT('',(2.463638896692,2.547710187534,0.351878492249
    ));
#1582 = CARTESIAN_POINT('',(2.497475778955,2.527280808458,0.353568725307
    ));
#1583 = CARTESIAN_POINT('',(2.53133467616,2.506838137625,0.354936842331)
  );
#1584 = CARTESIAN_POINT('',(2.565211465839,2.486384664021,0.355994684398
    ));
#1585 = CARTESIAN_POINT('',(2.599102142274,2.465922806139,0.35675487225)
  );
#1586 = CARTESIAN_POINT('',(2.650401934032,2.434950008935,0.357466393587
    ));
#1587 = CARTESIAN_POINT('',(2.667802786835,2.424444058198,0.357631452525
    ));
#1588 = CARTESIAN_POINT('',(2.685206159088,2.413936586316,0.357721641943
    ));
#1589 = CARTESIAN_POINT('',(2.702611745082,2.403427777864,0.357738224972
    ));
#1590 = CARTESIAN_POINT('',(2.720019273304,2.392917796771,0.357682397926
    ));
#1591 = CARTESIAN_POINT('',(2.737428404198,2.382406848048,0.35755533834)
  );
#1592 = CARTESIAN_POINT('',(2.773538916561,2.360604740514,0.357146564039
    ));
#1593 = CARTESIAN_POINT('',(2.792240574416,2.349313414833,0.356854678086
    ));
#1594 = CARTESIAN_POINT('',(2.810942603274,2.338021865155,0.35647992301)
  );
#1595 = CARTESIAN_POINT('',(2.829645426492,2.326729835873,0.356035005632
    ));
#1596 = CARTESIAN_POINT('',(2.848346920753,2.315438608964,0.355501803124
    ));
#1597 = CARTESIAN_POINT('',(2.867047999066,2.304147633187,0.354896143685
    ));
#1598 = CARTESIAN_POINT('',(2.885748273341,2.292857142857,0.354222582529
    ));
#1599 = PCURVE('',#1556,#1600);
#1600 = DEFINITIONAL_REPRESENTATION('',(#1601),#1628);
#1601 = B_SPLINE_CURVE_WITH_KNOTS('',7,(#1602,#1603,#1604,#1605,#1606,
    #1607,#1608,#1609,#1610,#1611,#1612,#1613,#1614,#1615,#1616,#1617,
    #1618,#1619,#1620,#1621,#1622,#1623,#1624,#1625,#1626,#1627),
  .UNSPECIFIED.,.F.,.F.,(8,6,6,6,8),(0.,0.457941421941,0.720516751353,
    0.855266041,1.),.UNSPECIFIED.);
#1602 = CARTESIAN_POINT('',(0.524861040301,-0.292896766921));
#1603 = CARTESIAN_POINT('',(0.457519029583,-0.304972054219));
#1604 = CARTESIAN_POINT('',(0.389726389456,-0.315352450697));
#1605 = CARTESIAN_POINT('',(0.321603911357,-0.32425324677));
#1606 = CARTESIAN_POINT('',(0.253236032131,-0.331815573854));
#1607 = CARTESIAN_POINT('',(0.184683172779,-0.338148071204));
#1608 = CARTESIAN_POINT('',(0.11598731436,-0.343345279682));
#1609 = CARTESIAN_POINT('',(7.712672549006E-03,-0.349855120251));
#1610 = CARTESIAN_POINT('',(-3.178254732447E-02,-0.351878492249));
#1611 = CARTESIAN_POINT('',(-7.130841392689E-02,-0.353568725307));
#1612 = CARTESIAN_POINT('',(-0.110859996838,-0.354936842331));
#1613 = CARTESIAN_POINT('',(-0.150432480478,-0.355994684398));
#1614 = CARTESIAN_POINT('',(-0.19002118565,-0.35675487225));
#1615 = CARTESIAN_POINT('',(-0.249945995211,-0.357466393587));
#1616 = CARTESIAN_POINT('',(-0.270272447906,-0.357631452525));
#1617 = CARTESIAN_POINT('',(-0.290601843646,-0.357721641943));
#1618 = CARTESIAN_POINT('',(-0.310933825322,-0.357738224972));
#1619 = CARTESIAN_POINT('',(-0.331268075772,-0.357682397926));
#1620 = CARTESIAN_POINT('',(-0.351604198352,-0.35755533834));
#1621 = CARTESIAN_POINT('',(-0.393785959766,-0.357146564039));
#1622 = CARTESIAN_POINT('',(-0.415631921455,-0.356854678086));
#1623 = CARTESIAN_POINT('',(-0.437478316526,-0.35647992301));
#1624 = CARTESIAN_POINT('',(-0.459325639511,-0.356035005632));
#1625 = CARTESIAN_POINT('',(-0.481171410102,-0.355501803124));
#1626 = CARTESIAN_POINT('',(-0.503016694812,-0.354896143685));
#1627 = CARTESIAN_POINT('',(-0.524861040301,-0.354222582529));
#1628 = ( GEOMETRIC_REPRESENTATION_CONTEXT(2) 
PARAMETRIC_REPRESENTATION_CONTEXT() REPRESENTATION_CONTEXT('2D SPACE',''
  ) );
#1629 = ORIENTED_EDGE('',*,*,#1630,.T.);
#1630 = EDGE_CURVE('',#1569,#1631,#1633,.T.);
#1631 = VERTEX_POINT('',#1632);
#1632 = CARTESIAN_POINT('',(1.987113391859,2.835417550817,
    -0.181842092604));
#1633 = SURFACE_CURVE('',#1634,(#1638),.PCURVE_S1.);
#1634 = LINE('',#1635,#1636);
#1635 = CARTESIAN_POINT('',(1.987113391859,2.835417550817,0.));
#1636 = VECTOR('',#1637,1.);
#1637 = DIRECTION('',(-0.,0.,-1.));
#1638 = PCURVE('',#1556,#1639);
#1639 = DEFINITIONAL_REPRESENTATION('',(#1640),#1644);
#1640 = LINE('',#1641,#1642);
#1641 = CARTESIAN_POINT('',(0.524861040301,0.));
#1642 = VECTOR('',#1643,1.);
#1643 = DIRECTION('',(0.,1.));
#1644 = ( GEOMETRIC_REPRESENTATION_CONTEXT(2) 
PARAMETRIC_REPRESENTATION_CONTEXT() REPRESENTATION_CONTEXT('2D SPACE',''
  ) );
#1645 = ORIENTED_EDGE('',*,*,#1646,.T.);
#1646 = EDGE_CURVE('',#1631,#1548,#1647,.T.);
#1647 = SURFACE_CURVE('',#1648,(#1672),.PCURVE_S1.);
#1648 = B_SPLINE_CURVE_WITH_KNOTS('',8,(#1649,#1650,#1651,#1652,#1653,
    #1654,#1655,#1656,#1657,#1658,#1659,#1660,#1661,#1662,#1663,#1664,
    #1665,#1666,#1667,#1668,#1669,#1670,#1671),.UNSPECIFIED.,.F.,.F.,(9,
    7,7,9),(0.,0.505876795336,0.817597160156,1.),.UNSPECIFIED.);
#1649 = CARTESIAN_POINT('',(1.987113391859,2.835417550817,
    -0.181842092604));
#1650 = CARTESIAN_POINT('',(2.043420166591,2.801421734163,
    -0.185173518056));
#1651 = CARTESIAN_POINT('',(2.099905334564,2.767318210685,
    -0.187427865026));
#1652 = CARTESIAN_POINT('',(2.15651571134,2.733139091054,-0.188833592184
    ));
#1653 = CARTESIAN_POINT('',(2.213214939408,2.698906326508,-0.18954584824
    ));
#1654 = CARTESIAN_POINT('',(2.269978447469,2.664634752228,
    -0.189678915313));
#1655 = CARTESIAN_POINT('',(2.32679040028,2.630333928913,-0.18932633172)
  );
#1656 = CARTESIAN_POINT('',(2.383642639036,2.596008782529,
    -0.188568694174));
#1657 = CARTESIAN_POINT('',(2.475592959373,2.54049279451,-0.18679159573)
  );
#1658 = CARTESIAN_POINT('',(2.510663132075,2.519318803158,
    -0.185984477303));
#1659 = CARTESIAN_POINT('',(2.545744735574,2.498137910341,
    -0.185063412668));
#1660 = CARTESIAN_POINT('',(2.580835531057,2.476951467766,
    -0.184040881149));
#1661 = CARTESIAN_POINT('',(2.615935329539,2.455759589533,
    -0.182930151954));
#1662 = CARTESIAN_POINT('',(2.651043848392,2.434562446284,
    -0.181743092846));
#1663 = CARTESIAN_POINT('',(2.686158843675,2.41336139282,-0.180488079199
    ));
#1664 = CARTESIAN_POINT('',(2.741830839908,2.379748830466,
    -0.178405439321));
#1665 = CARTESIAN_POINT('',(2.762383899566,2.367339701171,
    -0.177617134571));
#1666 = CARTESIAN_POINT('',(2.782938370129,2.354929720028,
    -0.176806209863));
#1667 = CARTESIAN_POINT('',(2.803496318144,2.342517639336,
    -0.175991026823));
#1668 = CARTESIAN_POINT('',(2.824054740486,2.330105272263,
    -0.175142706285));
#1669 = CARTESIAN_POINT('',(2.844617278226,2.317690420476,
    -0.174300213087));
#1670 = CARTESIAN_POINT('',(2.865181830806,2.305274352206,
    -0.173441519332));
#1671 = CARTESIAN_POINT('',(2.885748273341,2.292857142857,
    -0.172564170551));
#1672 = PCURVE('',#1556,#1673);
#1673 = DEFINITIONAL_REPRESENTATION('',(#1674),#1698);
#1674 = B_SPLINE_CURVE_WITH_KNOTS('',8,(#1675,#1676,#1677,#1678,#1679,
    #1680,#1681,#1682,#1683,#1684,#1685,#1686,#1687,#1688,#1689,#1690,
    #1691,#1692,#1693,#1694,#1695,#1696,#1697),.UNSPECIFIED.,.F.,.F.,(9,
    7,7,9),(0.,0.505876795336,0.817597160156,1.),.UNSPECIFIED.);
#1675 = CARTESIAN_POINT('',(0.524861040301,0.181842092604));
#1676 = CARTESIAN_POINT('',(0.459087425296,0.185173518056));
#1677 = CARTESIAN_POINT('',(0.393105423853,0.187427865026));
#1678 = CARTESIAN_POINT('',(0.326977162289,0.188833592184));
#1679 = CARTESIAN_POINT('',(0.260745110894,0.18954584824));
#1680 = CARTESIAN_POINT('',(0.19443797213,0.189678915313));
#1681 = CARTESIAN_POINT('',(0.128074243616,0.18932633172));
#1682 = CARTESIAN_POINT('',(6.166345589337E-02,0.188568694174));
#1683 = CARTESIAN_POINT('',(-4.574644279266E-02,0.18679159573));
#1684 = CARTESIAN_POINT('',(-8.671295256657E-02,0.185984477303));
#1685 = CARTESIAN_POINT('',(-0.127692814994,0.185063412668));
#1686 = CARTESIAN_POINT('',(-0.168683414852,0.184040881149));
#1687 = CARTESIAN_POINT('',(-0.209684531379,0.182930151954));
#1688 = CARTESIAN_POINT('',(-0.250695834431,0.181743092846));
#1689 = CARTESIAN_POINT('',(-0.291714702793,0.180488079199));
#1690 = CARTESIAN_POINT('',(-0.356746814188,0.178405439321));
#1691 = CARTESIAN_POINT('',(-0.380755453282,0.177617134571));
#1692 = CARTESIAN_POINT('',(-0.404765740497,0.176806209863));
#1693 = CARTESIAN_POINT('',(-0.428780089825,0.175991026823));
#1694 = CARTESIAN_POINT('',(-0.45279499323,0.175142706285));
#1695 = CARTESIAN_POINT('',(-0.476814703953,0.174300213087));
#1696 = CARTESIAN_POINT('',(-0.500836768271,0.173441519332));
#1697 = CARTESIAN_POINT('',(-0.524861040301,0.172564170551));
#1698 = ( GEOMETRIC_REPRESENTATION_CONTEXT(2) 
PARAMETRIC_REPRESENTATION_CONTEXT() REPRESENTATION_CONTEXT('2D SPACE',''
  ) );
#1699 = ( GEOMETRIC_REPRESENTATION_CONTEXT(3) 
GLOBAL_UNCERTAINTY_ASSIGNED_CONTEXT((#1703)) 
GLOBAL_UNIT_ASSIGNED_CONTEXT((#1700,#1701,#1702)) REPRESENTATION_CONTEXT
('Context #1','3D Context with UNIT and UNCERTAINTY') );
#1700 = ( LENGTH_UNIT() NAMED_UNIT(*) SI_UNIT(.MILLI.,.METRE.) );
#1701 = ( NAMED_UNIT(*) PLANE_ANGLE_UNIT() SI_UNIT($,.RADIAN.) );
#1702 = ( NAMED_UNIT(*) SI_UNIT($,.STERADIAN.) SOLID_ANGLE_UNIT() );
#1703 = UNCERTAINTY_MEASURE_WITH_UNIT(LENGTH_MEASURE(5.E-06),#1700,
  'distance_accuracy_value','confusion accuracy');
#1704 = CONTEXT_DEPENDENT_SHAPE_REPRESENTATION(#1705,#1707);
#1705 = ( REPRESENTATION_RELATIONSHIP('','',#1538,#10) 
REPRESENTATION_RELATIONSHIP_WITH_TRANSFORMATION(#1706) 
SHAPE_REPRESENTATION_RELATIONSHIP() );
#1706 = ITEM_DEFINED_TRANSFORMATION('','',#11,#47);
#1707 = PRODUCT_DEFINITION_SHAPE('Placement','Placement of an item',
  #1708);
#1708 = NEXT_ASSEMBLY_USAGE_OCCURRENCE('9','','',#5,#1533,$);
#1709 = PRODUCT_RELATED_PRODUCT_CATEGORY('part',$,(#1535));
#1710 = SHAPE_DEFINITION_REPRESENTATION(#1711,#1717);
#1711 = PRODUCT_DEFINITION_SHAPE('','',#1712);
#1712 = PRODUCT_DEFINITION('design','',#1713,#1716);
#1713 = PRODUCT_DEFINITION_FORMATION('','',#1714);
#1714 = PRODUCT('Open CASCADE STEP translator 7.8 2.10',
  'Open CASCADE STEP translator 7.8 2.10','',(#1715));
#1715 = PRODUCT_CONTEXT('',#2,'mechanical');
#1716 = PRODUCT_DEFINITION_CONTEXT('part definition',#2,'design');
#1717 = MANIFOLD_SURFACE_SHAPE_REPRESENTATION('',(#11,#1718),#1880);
#1718 = SHELL_BASED_SURFACE_MODEL('',(#1719));
#1719 = OPEN_SHELL('',(#1720));
#1720 = ADVANCED_FACE('',(#1721),#1735,.T.);
#1721 = FACE_BOUND('',#1722,.T.);
#1722 = EDGE_LOOP('',(#1723,#1746,#1796,#1812));
#1723 = ORIENTED_EDGE('',*,*,#1724,.F.);
#1724 = EDGE_CURVE('',#1725,#1727,#1729,.T.);
#1725 = VERTEX_POINT('',#1726);
#1726 = CARTESIAN_POINT('',(2.885748273341,2.292857142857,0.354222582529
    ));
#1727 = VERTEX_POINT('',#1728);
#1728 = CARTESIAN_POINT('',(2.885748273341,2.292857142857,
    -0.172564170551));
#1729 = SURFACE_CURVE('',#1730,(#1734),.PCURVE_S1.);
#1730 = LINE('',#1731,#1732);
#1731 = CARTESIAN_POINT('',(2.885748273341,2.292857142857,0.));
#1732 = VECTOR('',#1733,1.);
#1733 = DIRECTION('',(0.,0.,-1.));
#1734 = PCURVE('',#1735,#1740);
#1735 = PLANE('',#1736);
#1736 = AXIS2_PLACEMENT_3D('',#1737,#1738,#1739);
#1737 = CARTESIAN_POINT('',(3.41822298347,2.188178108098,0.));
#1738 = DIRECTION('',(0.192897514943,0.981218909688,0.));
#1739 = DIRECTION('',(0.981218909688,-0.192897514943,0.));
#1740 = DEFINITIONAL_REPRESENTATION('',(#1741),#1745);
#1741 = LINE('',#1742,#1743);
#1742 = CARTESIAN_POINT('',(-0.54266658018,0.));
#1743 = VECTOR('',#1744,1.);
#1744 = DIRECTION('',(0.,1.));
#1745 = ( GEOMETRIC_REPRESENTATION_CONTEXT(2) 
PARAMETRIC_REPRESENTATION_CONTEXT() REPRESENTATION_CONTEXT('2D SPACE',''
  ) );
#1746 = ORIENTED_EDGE('',*,*,#1747,.T.);
#1747 = EDGE_CURVE('',#1725,#1748,#1750,.T.);
#1748 = VERTEX_POINT('',#1749);
#1749 = CARTESIAN_POINT('',(3.950697693598,2.083499073339,0.264674855181
    ));
#1750 = SURFACE_CURVE('',#1751,(#1772),.PCURVE_S1.);
#1751 = B_SPLINE_CURVE_WITH_KNOTS('',7,(#1752,#1753,#1754,#1755,#1756,
    #1757,#1758,#1759,#1760,#1761,#1762,#1763,#1764,#1765,#1766,#1767,
    #1768,#1769,#1770,#1771),.UNSPECIFIED.,.F.,.F.,(8,6,6,8),(0.,
    0.123171552784,0.341964533469,1.),.UNSPECIFIED.);
#1752 = CARTESIAN_POINT('',(2.885748273341,2.292857142857,0.354222582529
    ));
#1753 = CARTESIAN_POINT('',(2.904537944295,2.289163287391,0.35353534637)
  );
#1754 = CARTESIAN_POINT('',(2.923326371591,2.285469676414,0.3527955724)
  );
#1755 = CARTESIAN_POINT('',(2.942113770219,2.281776267663,0.352009903528
    ));
#1756 = CARTESIAN_POINT('',(2.960899660372,2.278083155463,0.351174157884
    ));
#1757 = CARTESIAN_POINT('',(2.979684949549,2.274390161408,0.350306319723
    ));
#1758 = CARTESIAN_POINT('',(2.99846892594,2.270697425434,0.349397223559)
  );
#1759 = CARTESIAN_POINT('',(3.050616063991,2.260445836067,0.346765429729
    ));
#1760 = CARTESIAN_POINT('',(3.083976557035,2.253887507296,0.344958594472
    ));
#1761 = CARTESIAN_POINT('',(3.117332494517,2.247330074102,0.343028685627
    ));
#1762 = CARTESIAN_POINT('',(3.150683462014,2.240773617956,0.340975780288
    ));
#1763 = CARTESIAN_POINT('',(3.184028846289,2.234218259414,0.338804089084
    ));
#1764 = CARTESIAN_POINT('',(3.217367858894,2.227664153476,0.336520070975
    ));
#1765 = CARTESIAN_POINT('',(3.350949013741,2.201403476518,0.326920442194
    ));
#1766 = CARTESIAN_POINT('',(3.451135469343,2.181707852915,0.318714038016
    ));
#1767 = CARTESIAN_POINT('',(3.551246888757,2.162026980654,0.309566860065
    ));
#1768 = CARTESIAN_POINT('',(3.651271072292,2.142363258066,0.29955245547)
  );
#1769 = CARTESIAN_POINT('',(3.751195785912,2.122719090237,0.288705576361
    ));
#1770 = CARTESIAN_POINT('',(3.851009167753,2.103096809087,0.277070650924
    ));
#1771 = CARTESIAN_POINT('',(3.950697693598,2.083499073339,0.264674855181
    ));
#1772 = PCURVE('',#1735,#1773);
#1773 = DEFINITIONAL_REPRESENTATION('',(#1774),#1795);
#1774 = B_SPLINE_CURVE_WITH_KNOTS('',7,(#1775,#1776,#1777,#1778,#1779,
    #1780,#1781,#1782,#1783,#1784,#1785,#1786,#1787,#1788,#1789,#1790,
    #1791,#1792,#1793,#1794),.UNSPECIFIED.,.F.,.F.,(8,6,6,8),(0.,
    0.123171552784,0.341964533469,1.),.UNSPECIFIED.);
#1775 = CARTESIAN_POINT('',(-0.54266658018,-0.354222582529));
#1776 = CARTESIAN_POINT('',(-0.523517264194,-0.35353534637));
#1777 = CARTESIAN_POINT('',(-0.504369215669,-0.3527955724));
#1778 = CARTESIAN_POINT('',(-0.485222215501,-0.352009903528));
#1779 = CARTESIAN_POINT('',(-0.466076752682,-0.351174157884));
#1780 = CARTESIAN_POINT('',(-0.446931902342,-0.350306319723));
#1781 = CARTESIAN_POINT('',(-0.427788389916,-0.349397223559));
#1782 = CARTESIAN_POINT('',(-0.374643125861,-0.346765429729));
#1783 = CARTESIAN_POINT('',(-0.340644093927,-0.344958594472));
#1784 = CARTESIAN_POINT('',(-0.306649704751,-0.343028685627));
#1785 = CARTESIAN_POINT('',(-0.27266038069,-0.340975780288));
#1786 = CARTESIAN_POINT('',(-0.238676746716,-0.338804089084));
#1787 = CARTESIAN_POINT('',(-0.204699606369,-0.336520070975));
#1788 = CARTESIAN_POINT('',(-6.856163192992E-02,-0.326920442194));
#1789 = CARTESIAN_POINT('',(3.354244964966E-02,-0.318714038016));
#1790 = CARTESIAN_POINT('',(0.135570058806,-0.309566860065));
#1791 = CARTESIAN_POINT('',(0.237508762338,-0.29955245547));
#1792 = CARTESIAN_POINT('',(0.339346092044,-0.288705576361));
#1793 = CARTESIAN_POINT('',(0.441069959018,-0.277070650924));
#1794 = CARTESIAN_POINT('',(0.54266658018,-0.264674855181));
#1795 = ( GEOMETRIC_REPRESENTATION_CONTEXT(2) 
PARAMETRIC_REPRESENTATION_CONTEXT() REPRESENTATION_CONTEXT('2D SPACE',''
  ) );
#1796 = ORIENTED_EDGE('',*,*,#1797,.T.);
#1797 = EDGE_CURVE('',#1748,#1798,#1800,.T.);
#1798 = VERTEX_POINT('',#1799);
#1799 = CARTESIAN_POINT('',(3.950697693598,2.083499073339,
    -0.112215098721));
#1800 = SURFACE_CURVE('',#1801,(#1805),.PCURVE_S1.);
#1801 = LINE('',#1802,#1803);
#1802 = CARTESIAN_POINT('',(3.950697693598,2.083499073339,0.));
#1803 = VECTOR('',#1804,1.);
#1804 = DIRECTION('',(0.,0.,-1.));
#1805 = PCURVE('',#1735,#1806);
#1806 = DEFINITIONAL_REPRESENTATION('',(#1807),#1811);
#1807 = LINE('',#1808,#1809);
#1808 = CARTESIAN_POINT('',(0.54266658018,0.));
#1809 = VECTOR('',#1810,1.);
#1810 = DIRECTION('',(0.,1.));
#1811 = ( GEOMETRIC_REPRESENTATION_CONTEXT(2) 
PARAMETRIC_REPRESENTATION_CONTEXT() REPRESENTATION_CONTEXT('2D SPACE',''
  ) );
#1812 = ORIENTED_EDGE('',*,*,#1813,.F.);
#1813 = EDGE_CURVE('',#1727,#1798,#1814,.T.);
#1814 = SURFACE_CURVE('',#1815,(#1846),.PCURVE_S1.);
#1815 = B_SPLINE_CURVE_WITH_KNOTS('',8,(#1816,#1817,#1818,#1819,#1820,
    #1821,#1822,#1823,#1824,#1825,#1826,#1827,#1828,#1829,#1830,#1831,
    #1832,#1833,#1834,#1835,#1836,#1837,#1838,#1839,#1840,#1841,#1842,
    #1843,#1844,#1845),.UNSPECIFIED.,.F.,.F.,(9,7,7,7,9),(0.,
    0.15947126067,0.413996784843,0.762816503341,1.),.UNSPECIFIED.);
#1816 = CARTESIAN_POINT('',(2.885748273341,2.292857142857,
    -0.172564170551));
#1817 = CARTESIAN_POINT('',(2.906983120838,2.288682590908,-0.17172056596
    ));
#1818 = CARTESIAN_POINT('',(2.928219378669,2.284507761701,
    -0.170862380591));
#1819 = CARTESIAN_POINT('',(2.949456461721,2.280332770264,
    -0.169981228852));
#1820 = CARTESIAN_POINT('',(2.97069478515,2.276157534982,-0.16909099159)
  );
#1821 = CARTESIAN_POINT('',(2.991932309966,2.2719824567,-0.168151647903)
  );
#1822 = CARTESIAN_POINT('',(3.013170681636,2.267807211934,
    -0.167201662866));
#1823 = CARTESIAN_POINT('',(3.034408912985,2.263631994754,
    -0.166224703098));
#1824 = CARTESIAN_POINT('',(3.089544572324,2.252792892933,
    -0.163634945511));
#1825 = CARTESIAN_POINT('',(3.123441980164,2.246129012252,
    -0.161988384135));
#1826 = CARTESIAN_POINT('',(3.157338862546,2.239465234872,
    -0.160295383479));
#1827 = CARTESIAN_POINT('',(3.191235048997,2.232801594304,
    -0.158557408778));
#1828 = CARTESIAN_POINT('',(3.225130427854,2.226138112501,
    -0.156775051065));
#1829 = CARTESIAN_POINT('',(3.259024818039,2.219474825061,
    -0.154950668139));
#1830 = CARTESIAN_POINT('',(3.292917973209,2.212811780411,
    -0.153088068692));
#1831 = CARTESIAN_POINT('',(3.373257354529,2.197017886862,
    -0.148586950384));
#1832 = CARTESIAN_POINT('',(3.419702293991,2.187887290911,-0.14591704858
    ));
#1833 = CARTESIAN_POINT('',(3.466144044212,2.178757321931,
    -0.143185780279));
#1834 = CARTESIAN_POINT('',(3.512582115744,2.169628076145,
    -0.140398671229));
#1835 = CARTESIAN_POINT('',(3.559016007812,2.160499651997,
    -0.137560653831));
#1836 = CARTESIAN_POINT('',(3.605445194021,2.151372152973,
    -0.134676194118));
#1837 = CARTESIAN_POINT('',(3.65186910805,2.142245690405,-0.131749418736
    ));
#1838 = CARTESIAN_POINT('',(3.729849532546,2.126915543431,
    -0.126768039964));
#1839 = CARTESIAN_POINT('',(3.761409201738,2.120711238052,
    -0.124734024418));
#1840 = CARTESIAN_POINT('',(3.792965945905,2.114507507703,
    -0.122683354719));
#1841 = CARTESIAN_POINT('',(3.824519553856,2.108304393901,
    -0.120617109222));
#1842 = CARTESIAN_POINT('',(3.856069794226,2.102101942131,
    -0.118536285206));
#1843 = CARTESIAN_POINT('',(3.887616415477,2.095900201842,
    -0.116441798875));
#1844 = CARTESIAN_POINT('',(3.919159145897,2.089699226451,
    -0.114334485361));
#1845 = CARTESIAN_POINT('',(3.950697693598,2.083499073339,
    -0.112215098721));
#1846 = PCURVE('',#1735,#1847);
#1847 = DEFINITIONAL_REPRESENTATION('',(#1848),#1879);
#1848 = B_SPLINE_CURVE_WITH_KNOTS('',8,(#1849,#1850,#1851,#1852,#1853,
    #1854,#1855,#1856,#1857,#1858,#1859,#1860,#1861,#1862,#1863,#1864,
    #1865,#1866,#1867,#1868,#1869,#1870,#1871,#1872,#1873,#1874,#1875,
    #1876,#1877,#1878),.UNSPECIFIED.,.F.,.F.,(9,7,7,7,9),(0.,
    0.15947126067,0.413996784843,0.762816503341,1.),.UNSPECIFIED.);
#1849 = CARTESIAN_POINT('',(-0.54266658018,0.172564170551));
#1850 = CARTESIAN_POINT('',(-0.521025285575,0.17172056596));
#1851 = CARTESIAN_POINT('',(-0.499382553641,0.170862380591));
#1852 = CARTESIAN_POINT('',(-0.47773898069,0.169981228852));
#1853 = CARTESIAN_POINT('',(-0.456094143622,0.16909099159));
#1854 = CARTESIAN_POINT('',(-0.434450120452,0.168151647903));
#1855 = CARTESIAN_POINT('',(-0.412805234219,0.167201662866));
#1856 = CARTESIAN_POINT('',(-0.391160490992,0.166224703098));
#1857 = CARTESIAN_POINT('',(-0.334969503646,0.163634945511));
#1858 = CARTESIAN_POINT('',(-0.30042328006,0.161988384135));
#1859 = CARTESIAN_POINT('',(-0.265877591991,0.160295383479));
#1860 = CARTESIAN_POINT('',(-0.231332613173,0.158557408778));
#1861 = CARTESIAN_POINT('',(-0.196788457407,0.156775051065));
#1862 = CARTESIAN_POINT('',(-0.162245309236,0.154950668139));
#1863 = CARTESIAN_POINT('',(-0.127703419719,0.153088068692));
#1864 = CARTESIAN_POINT('',(-4.582629675848E-02,0.148586950384));
#1865 = CARTESIAN_POINT('',(1.507625369119E-03,0.14591704858));
#1866 = CARTESIAN_POINT('',(4.883829721331E-02,0.143185780279));
#1867 = CARTESIAN_POINT('',(9.616521995482E-02,0.140398671229));
#1868 = CARTESIAN_POINT('',(0.143487883236,0.137560653831));
#1869 = CARTESIAN_POINT('',(0.190805750586,0.134676194118));
#1870 = CARTESIAN_POINT('',(0.238118244841,0.131749418736));
#1871 = CARTESIAN_POINT('',(0.317591259198,0.126768039964));
#1872 = CARTESIAN_POINT('',(0.349754998482,0.124734024418));
#1873 = CARTESIAN_POINT('',(0.381915756754,0.122683354719));
#1874 = CARTESIAN_POINT('',(0.414073318782,0.120617109222));
#1875 = CARTESIAN_POINT('',(0.446227448771,0.118536285206));
#1876 = CARTESIAN_POINT('',(0.47837789037,0.116441798875));
#1877 = CARTESIAN_POINT('',(0.510524366664,0.114334485361));
#1878 = CARTESIAN_POINT('',(0.54266658018,0.112215098721));
#1879 = ( GEOMETRIC_REPRESENTATION_CONTEXT(2) 
PARAMETRIC_REPRESENTATION_CONTEXT() REPRESENTATION_CONTEXT('2D SPACE',''
  ) );
#1880 = ( GEOMETRIC_REPRESENTATION_CONTEXT(3) 
GLOBAL_UNCERTAINTY_ASSIGNED_CONTEXT((#1884)) 
GLOBAL_UNIT_ASSIGNED_CONTEXT((#1881,#1882,#1883)) REPRESENTATION_CONTEXT
('Context #1','3D Context with UNIT and UNCERTAINTY') );
#1881 = ( LENGTH_UNIT() NAMED_UNIT(*) SI_UNIT(.MILLI.,.METRE.) );
#1882 = ( NAMED_UNIT(*) PLANE_ANGLE_UNIT() SI_UNIT($,.RADIAN.) );
#1883 = ( NAMED_UNIT(*) SI_UNIT($,.STERADIAN.) SOLID_ANGLE_UNIT() );
#1884 = UNCERTAINTY_MEASURE_WITH_UNIT(LENGTH_MEASURE(5.E-06),#1881,
  'distance_accuracy_value','confusion accuracy');
#1885 = CONTEXT_DEPENDENT_SHAPE_REPRESENTATION(#1886,#1888);
#1886 = ( REPRESENTATION_RELATIONSHIP('','',#1717,#10) 
REPRESENTATION_RELATIONSHIP_WITH_TRANSFORMATION(#1887) 
SHAPE_REPRESENTATION_RELATIONSHIP() );
#1887 = ITEM_DEFINED_TRANSFORMATION('','',#11,#51);
#1888 = PRODUCT_DEFINITION_SHAPE('Placement','Placement of an item',
  #1889);
#1889 = NEXT_ASSEMBLY_USAGE_OCCURRENCE('10','','',#5,#1712,$);
#1890 = PRODUCT_RELATED_PRODUCT_CATEGORY('part',$,(#1714));
#1891 = SHAPE_DEFINITION_REPRESENTATION(#1892,#1898);
#1892 = PRODUCT_DEFINITION_SHAPE('','',#1893);
#1893 = PRODUCT_DEFINITION('design','',#1894,#1897);
#1894 = PRODUCT_DEFINITION_FORMATION('','',#1895);
#1895 = PRODUCT('Open CASCADE STEP translator 7.8 2.11',
  'Open CASCADE STEP translator 7.8 2.11','',(#1896));
#1896 = PRODUCT_CONTEXT('',#2,'mechanical');
#1897 = PRODUCT_DEFINITION_CONTEXT('part definition',#2,'design');
#1898 = MANIFOLD_SURFACE_SHAPE_REPRESENTATION('',(#11,#1899),#1981);
#1899 = SHELL_BASED_SURFACE_MODEL('',(#1900));
#1900 = OPEN_SHELL('',(#1901));
#1901 = ADVANCED_FACE('',(#1902),#1916,.T.);
#1902 = FACE_BOUND('',#1903,.T.);
#1903 = EDGE_LOOP('',(#1904,#1927,#1947,#1963));
#1904 = ORIENTED_EDGE('',*,*,#1905,.F.);
#1905 = EDGE_CURVE('',#1906,#1908,#1910,.T.);
#1906 = VERTEX_POINT('',#1907);
#1907 = CARTESIAN_POINT('',(2.885748273341,2.292857142857,0.354222582529
    ));
#1908 = VERTEX_POINT('',#1909);
#1909 = CARTESIAN_POINT('',(2.885748273341,2.292857142857,
    -0.172564170551));
#1910 = SURFACE_CURVE('',#1911,(#1915),.PCURVE_S1.);
#1911 = LINE('',#1912,#1913);
#1912 = CARTESIAN_POINT('',(2.885748273341,2.292857142857,0.));
#1913 = VECTOR('',#1914,1.);
#1914 = DIRECTION('',(0.,0.,-1.));
#1915 = PCURVE('',#1916,#1921);
#1916 = PLANE('',#1917);
#1917 = AXIS2_PLACEMENT_3D('',#1918,#1919,#1920);
#1918 = CARTESIAN_POINT('',(3.270676261288,3.289285714286,0.));
#1919 = DIRECTION('',(-0.932815687716,0.360353843812,0.));
#1920 = DIRECTION('',(0.360353843812,0.932815687716,0.));
#1921 = DEFINITIONAL_REPRESENTATION('',(#1922),#1926);
#1922 = LINE('',#1923,#1924);
#1923 = CARTESIAN_POINT('',(-1.068194483165,0.));
#1924 = VECTOR('',#1925,1.);
#1925 = DIRECTION('',(0.,1.));
#1926 = ( GEOMETRIC_REPRESENTATION_CONTEXT(2) 
PARAMETRIC_REPRESENTATION_CONTEXT() REPRESENTATION_CONTEXT('2D SPACE',''
  ) );
#1927 = ORIENTED_EDGE('',*,*,#1928,.T.);
#1928 = EDGE_CURVE('',#1906,#1929,#1931,.T.);
#1929 = VERTEX_POINT('',#1930);
#1930 = CARTESIAN_POINT('',(3.655604249236,4.285714285714,0.32313478746)
  );
#1931 = SURFACE_CURVE('',#1932,(#1938),.PCURVE_S1.);
#1932 = B_SPLINE_CURVE_WITH_KNOTS('',4,(#1933,#1934,#1935,#1936,#1937),
  .UNSPECIFIED.,.F.,.F.,(5,5),(0.,1.),.PIECEWISE_BEZIER_KNOTS.);
#1933 = CARTESIAN_POINT('',(2.885748273341,2.292857142857,0.354222582529
    ));
#1934 = CARTESIAN_POINT('',(3.078212267315,2.791071428571,0.346450633762
    ));
#1935 = CARTESIAN_POINT('',(3.270676261288,3.289285714286,0.338678684994
    ));
#1936 = CARTESIAN_POINT('',(3.463140255262,3.7875,0.330906736227));
#1937 = CARTESIAN_POINT('',(3.655604249236,4.285714285714,0.32313478746)
  );
#1938 = PCURVE('',#1916,#1939);
#1939 = DEFINITIONAL_REPRESENTATION('',(#1940),#1946);
#1940 = B_SPLINE_CURVE_WITH_KNOTS('',4,(#1941,#1942,#1943,#1944,#1945),
  .UNSPECIFIED.,.F.,.F.,(5,5),(0.,1.),.PIECEWISE_BEZIER_KNOTS.);
#1941 = CARTESIAN_POINT('',(-1.068194483165,-0.354222582529));
#1942 = CARTESIAN_POINT('',(-0.534097241583,-0.346450633762));
#1943 = CARTESIAN_POINT('',(4.440892098501E-16,-0.338678684994));
#1944 = CARTESIAN_POINT('',(0.534097241583,-0.330906736227));
#1945 = CARTESIAN_POINT('',(1.068194483165,-0.32313478746));
#1946 = ( GEOMETRIC_REPRESENTATION_CONTEXT(2) 
PARAMETRIC_REPRESENTATION_CONTEXT() REPRESENTATION_CONTEXT('2D SPACE',''
  ) );
#1947 = ORIENTED_EDGE('',*,*,#1948,.T.);
#1948 = EDGE_CURVE('',#1929,#1949,#1951,.T.);
#1949 = VERTEX_POINT('',#1950);
#1950 = CARTESIAN_POINT('',(3.655604249236,4.285714285714,
    -0.157419344007));
#1951 = SURFACE_CURVE('',#1952,(#1956),.PCURVE_S1.);
#1952 = LINE('',#1953,#1954);
#1953 = CARTESIAN_POINT('',(3.655604249236,4.285714285714,0.));
#1954 = VECTOR('',#1955,1.);
#1955 = DIRECTION('',(0.,0.,-1.));
#1956 = PCURVE('',#1916,#1957);
#1957 = DEFINITIONAL_REPRESENTATION('',(#1958),#1962);
#1958 = LINE('',#1959,#1960);
#1959 = CARTESIAN_POINT('',(1.068194483165,0.));
#1960 = VECTOR('',#1961,1.);
#1961 = DIRECTION('',(0.,1.));
#1962 = ( GEOMETRIC_REPRESENTATION_CONTEXT(2) 
PARAMETRIC_REPRESENTATION_CONTEXT() REPRESENTATION_CONTEXT('2D SPACE',''
  ) );
#1963 = ORIENTED_EDGE('',*,*,#1964,.F.);
#1964 = EDGE_CURVE('',#1908,#1949,#1965,.T.);
#1965 = SURFACE_CURVE('',#1966,(#1972),.PCURVE_S1.);
#1966 = B_SPLINE_CURVE_WITH_KNOTS('',4,(#1967,#1968,#1969,#1970,#1971),
  .UNSPECIFIED.,.F.,.F.,(5,5),(0.,1.),.PIECEWISE_BEZIER_KNOTS.);
#1967 = CARTESIAN_POINT('',(2.885748273341,2.292857142857,
    -0.172564170551));
#1968 = CARTESIAN_POINT('',(3.078212267315,2.791071428571,
    -0.168777963915));
#1969 = CARTESIAN_POINT('',(3.270676261288,3.289285714286,
    -0.164991757279));
#1970 = CARTESIAN_POINT('',(3.463140255262,3.7875,-0.161205550643));
#1971 = CARTESIAN_POINT('',(3.655604249236,4.285714285714,
    -0.157419344007));
#1972 = PCURVE('',#1916,#1973);
#1973 = DEFINITIONAL_REPRESENTATION('',(#1974),#1980);
#1974 = B_SPLINE_CURVE_WITH_KNOTS('',4,(#1975,#1976,#1977,#1978,#1979),
  .UNSPECIFIED.,.F.,.F.,(5,5),(0.,1.),.PIECEWISE_BEZIER_KNOTS.);
#1975 = CARTESIAN_POINT('',(-1.068194483165,0.172564170551));
#1976 = CARTESIAN_POINT('',(-0.534097241583,0.168777963915));
#1977 = CARTESIAN_POINT('',(-2.442490654175E-15,0.164991757279));
#1978 = CARTESIAN_POINT('',(0.534097241583,0.161205550643));
#1979 = CARTESIAN_POINT('',(1.068194483165,0.157419344007));
#1980 = ( GEOMETRIC_REPRESENTATION_CONTEXT(2) 
PARAMETRIC_REPRESENTATION_CONTEXT() REPRESENTATION_CONTEXT('2D SPACE',''
  ) );
#1981 = ( GEOMETRIC_REPRESENTATION_CONTEXT(3) 
GLOBAL_UNCERTAINTY_ASSIGNED_CONTEXT((#1985)) 
GLOBAL_UNIT_ASSIGNED_CONTEXT((#1982,#1983,#1984)) REPRESENTATION_CONTEXT
('Context #1','3D Context with UNIT and UNCERTAINTY') );
#1982 = ( LENGTH_UNIT() NAMED_UNIT(*) SI_UNIT(.MILLI.,.METRE.) );
#1983 = ( NAMED_UNIT(*) PLANE_ANGLE_UNIT() SI_UNIT($,.RADIAN.) );
#1984 = ( NAMED_UNIT(*) SI_UNIT($,.STERADIAN.) SOLID_ANGLE_UNIT() );
#1985 = UNCERTAINTY_MEASURE_WITH_UNIT(LENGTH_MEASURE(5.E-06),#1982,
  'distance_accuracy_value','confusion accuracy');
#1986 = CONTEXT_DEPENDENT_SHAPE_REPRESENTATION(#1987,#1989);
#1987 = ( REPRESENTATION_RELATIONSHIP('','',#1898,#10) 
REPRESENTATION_RELATIONSHIP_WITH_TRANSFORMATION(#1988) 
SHAPE_REPRESENTATION_RELATIONSHIP() );
#1988 = ITEM_DEFINED_TRANSFORMATION('','',#11,#55);
#1989 = PRODUCT_DEFINITION_SHAPE('Placement','Placement of an item',
  #1990);
#1990 = NEXT_ASSEMBLY_USAGE_OCCURRENCE('11','','',#5,#1893,$);
#1991 = PRODUCT_RELATED_PRODUCT_CATEGORY('part',$,(#1895));
#1992 = SHAPE_DEFINITION_REPRESENTATION(#1993,#1999);
#1993 = PRODUCT_DEFINITION_SHAPE('','',#1994);
#1994 = PRODUCT_DEFINITION('design','',#1995,#1998);
#1995 = PRODUCT_DEFINITION_FORMATION('','',#1996);
#1996 = PRODUCT('Open CASCADE STEP translator 7.8 2.12',
  'Open CASCADE STEP translator 7.8 2.12','',(#1997));
#1997 = PRODUCT_CONTEXT('',#2,'mechanical');
#1998 = PRODUCT_DEFINITION_CONTEXT('part definition',#2,'design');
#1999 = MANIFOLD_SURFACE_SHAPE_REPRESENTATION('',(#11,#2000),#2160);
#2000 = SHELL_BASED_SURFACE_MODEL('',(#2001));
#2001 = OPEN_SHELL('',(#2002));
#2002 = ADVANCED_FACE('',(#2003),#2017,.T.);
#2003 = FACE_BOUND('',#2004,.T.);
#2004 = EDGE_LOOP('',(#2005,#2028,#2090,#2106));
#2005 = ORIENTED_EDGE('',*,*,#2006,.F.);
#2006 = EDGE_CURVE('',#2007,#2009,#2011,.T.);
#2007 = VERTEX_POINT('',#2008);
#2008 = CARTESIAN_POINT('',(3.655604249236,4.285714285714,0.32313478746)
  );
#2009 = VERTEX_POINT('',#2010);
#2010 = CARTESIAN_POINT('',(3.655604249236,4.285714285714,
    -0.157419344007));
#2011 = SURFACE_CURVE('',#2012,(#2016),.PCURVE_S1.);
#2012 = LINE('',#2013,#2014);
#2013 = CARTESIAN_POINT('',(3.655604249236,4.285714285714,0.));
#2014 = VECTOR('',#2015,1.);
#2015 = DIRECTION('',(-0.,0.,-1.));
#2016 = PCURVE('',#2017,#2022);
#2017 = PLANE('',#2018);
#2018 = AXIS2_PLACEMENT_3D('',#2019,#2020,#2021);
#2019 = CARTESIAN_POINT('',(3.428068898127,4.951121564795,0.));
#2020 = DIRECTION('',(-0.946209259935,-0.323555306577,0.));
#2021 = DIRECTION('',(-0.323555306577,0.946209259935,0.));
#2022 = DEFINITIONAL_REPRESENTATION('',(#2023),#2027);
#2023 = LINE('',#2024,#2025);
#2024 = CARTESIAN_POINT('',(-0.703234799379,0.));
#2025 = VECTOR('',#2026,1.);
#2026 = DIRECTION('',(0.,1.));
#2027 = ( GEOMETRIC_REPRESENTATION_CONTEXT(2) 
PARAMETRIC_REPRESENTATION_CONTEXT() REPRESENTATION_CONTEXT('2D SPACE',''
  ) );
#2028 = ORIENTED_EDGE('',*,*,#2029,.F.);
#2029 = EDGE_CURVE('',#2030,#2007,#2032,.T.);
#2030 = VERTEX_POINT('',#2031);
#2031 = CARTESIAN_POINT('',(3.200533547019,5.616528843876,0.256145388814
    ));
#2032 = SURFACE_CURVE('',#2033,(#2060),.PCURVE_S1.);
#2033 = B_SPLINE_CURVE_WITH_KNOTS('',7,(#2034,#2035,#2036,#2037,#2038,
    #2039,#2040,#2041,#2042,#2043,#2044,#2045,#2046,#2047,#2048,#2049,
    #2050,#2051,#2052,#2053,#2054,#2055,#2056,#2057,#2058,#2059),
  .UNSPECIFIED.,.F.,.F.,(8,6,6,6,8),(0.,0.446134735719,0.710955176548,
    0.855669830617,1.),.UNSPECIFIED.);
#2034 = CARTESIAN_POINT('',(3.200533547019,5.616528843876,0.256145388814
    ));
#2035 = CARTESIAN_POINT('',(3.229199812816,5.532696851033,0.267657663559
    ));
#2036 = CARTESIAN_POINT('',(3.257978415567,5.448536338573,0.27758604054)
  );
#2037 = CARTESIAN_POINT('',(3.286837436217,5.364140650985,0.286175142832
    ));
#2038 = CARTESIAN_POINT('',(3.315755891262,5.279571152691,0.293576189021
    ));
#2039 = CARTESIAN_POINT('',(3.344719432189,5.194869804674,0.299901446157
    ));
#2040 = CARTESIAN_POINT('',(3.373718486734,5.110064600177,0.305247992713
    ));
#2041 = CARTESIAN_POINT('',(3.419980926507,4.974774132026,0.312327985812
    ));
#2042 = CARTESIAN_POINT('',(3.437223219379,4.924350551121,0.314646288385
    ));
#2043 = CARTESIAN_POINT('',(3.454474142804,4.873901730919,0.316662963038
    ));
#2044 = CARTESIAN_POINT('',(3.471732505875,4.823431154119,0.3183903712)
  );
#2045 = CARTESIAN_POINT('',(3.488997171965,4.772942144693,0.319841180225
    ));
#2046 = CARTESIAN_POINT('',(3.506267060402,4.722437862968,0.321028442288
    ));
#2047 = CARTESIAN_POINT('',(3.532981320261,4.644314341155,0.3224699033)
  );
#2048 = CARTESIAN_POINT('',(3.542422512261,4.61670439901,0.322903190796)
  );
#2049 = CARTESIAN_POINT('',(3.551864917385,4.589090909188,0.323262127815
    ));
#2050 = CARTESIAN_POINT('',(3.561308441047,4.561474148304,0.32354830473)
  );
#2051 = CARTESIAN_POINT('',(3.570752999806,4.533854360364,0.323763222546
    ));
#2052 = CARTESIAN_POINT('',(3.580198486045,4.506231860091,0.323908334543
    ));
#2053 = CARTESIAN_POINT('',(3.599065882,4.451055807032,0.324061637379));
#2054 = CARTESIAN_POINT('',(3.608487809541,4.423502202117,0.324070647178
    ));
#2055 = CARTESIAN_POINT('',(3.617910303984,4.395946939348,0.324010150799
    ));
#2056 = CARTESIAN_POINT('',(3.627333405283,4.368389901878,0.32389089304)
  );
#2057 = CARTESIAN_POINT('',(3.636756698831,4.340832302194,0.32369733314)
  );
#2058 = CARTESIAN_POINT('',(3.646180343949,4.313273674376,0.323444339494
    ));
#2059 = CARTESIAN_POINT('',(3.655604249236,4.285714285714,0.32313478746)
  );
#2060 = PCURVE('',#2017,#2061);
#2061 = DEFINITIONAL_REPRESENTATION('',(#2062),#2089);
#2062 = B_SPLINE_CURVE_WITH_KNOTS('',7,(#2063,#2064,#2065,#2066,#2067,
    #2068,#2069,#2070,#2071,#2072,#2073,#2074,#2075,#2076,#2077,#2078,
    #2079,#2080,#2081,#2082,#2083,#2084,#2085,#2086,#2087,#2088),
  .UNSPECIFIED.,.F.,.F.,(8,6,6,6,8),(0.,0.446134735719,0.710955176548,
    0.855669830617,1.),.UNSPECIFIED.);
#2063 = CARTESIAN_POINT('',(0.703234799379,-0.256145388814));
#2064 = CARTESIAN_POINT('',(0.614637069054,-0.267657663559));
#2065 = CARTESIAN_POINT('',(0.525692143207,-0.27758604054));
#2066 = CARTESIAN_POINT('',(0.436498672839,-0.286175142832));
#2067 = CARTESIAN_POINT('',(0.347121510858,-0.293576189021));
#2068 = CARTESIAN_POINT('',(0.257605003671,-0.299901446157));
#2069 = CARTESIAN_POINT('',(0.167978735901,-0.305247992713));
#2070 = CARTESIAN_POINT('',(2.499718427207E-02,-0.312327985812));
#2071 = CARTESIAN_POINT('',(-2.829291025592E-02,-0.314646288385));
#2072 = CARTESIAN_POINT('',(-8.16096789011E-02,-0.316662963038));
#2073 = CARTESIAN_POINT('',(-0.134949440978,-0.3183903712));
#2074 = CARTESIAN_POINT('',(-0.188308683551,-0.319841180225));
#2075 = CARTESIAN_POINT('',(-0.241684066634,-0.321028442288));
#2076 = CARTESIAN_POINT('',(-0.32424880693,-0.3224699033));
#2077 = CARTESIAN_POINT('',(-0.353428337627,-0.322903190796));
#2078 = CARTESIAN_POINT('',(-0.382611617679,-0.323262127815));
#2079 = CARTESIAN_POINT('',(-0.411798354751,-0.32354830473));
#2080 = CARTESIAN_POINT('',(-0.440988290962,-0.323763222546));
#2081 = CARTESIAN_POINT('',(-0.470181093699,-0.323908334543));
#2082 = CARTESIAN_POINT('',(-0.528493832112,-0.324061637379));
#2083 = CARTESIAN_POINT('',(-0.557613822881,-0.324070647178));
#2084 = CARTESIAN_POINT('',(-0.586735565752,-0.324010150799));
#2085 = CARTESIAN_POINT('',(-0.615859184212,-0.32389089304));
#2086 = CARTESIAN_POINT('',(-0.644983396848,-0.32369733314));
#2087 = CARTESIAN_POINT('',(-0.674108696065,-0.323444339494));
#2088 = CARTESIAN_POINT('',(-0.703234799379,-0.32313478746));
#2089 = ( GEOMETRIC_REPRESENTATION_CONTEXT(2) 
PARAMETRIC_REPRESENTATION_CONTEXT() REPRESENTATION_CONTEXT('2D SPACE',''
  ) );
#2090 = ORIENTED_EDGE('',*,*,#2091,.T.);
#2091 = EDGE_CURVE('',#2030,#2092,#2094,.T.);
#2092 = VERTEX_POINT('',#2093);
#2093 = CARTESIAN_POINT('',(3.200533547019,5.616528843876,
    -0.159025366057));
#2094 = SURFACE_CURVE('',#2095,(#2099),.PCURVE_S1.);
#2095 = LINE('',#2096,#2097);
#2096 = CARTESIAN_POINT('',(3.200533547019,5.616528843876,0.));
#2097 = VECTOR('',#2098,1.);
#2098 = DIRECTION('',(-0.,0.,-1.));
#2099 = PCURVE('',#2017,#2100);
#2100 = DEFINITIONAL_REPRESENTATION('',(#2101),#2105);
#2101 = LINE('',#2102,#2103);
#2102 = CARTESIAN_POINT('',(0.703234799379,0.));
#2103 = VECTOR('',#2104,1.);
#2104 = DIRECTION('',(0.,1.));
#2105 = ( GEOMETRIC_REPRESENTATION_CONTEXT(2) 
PARAMETRIC_REPRESENTATION_CONTEXT() REPRESENTATION_CONTEXT('2D SPACE',''
  ) );
#2106 = ORIENTED_EDGE('',*,*,#2107,.T.);
#2107 = EDGE_CURVE('',#2092,#2009,#2108,.T.);
#2108 = SURFACE_CURVE('',#2109,(#2133),.PCURVE_S1.);
#2109 = B_SPLINE_CURVE_WITH_KNOTS('',8,(#2110,#2111,#2112,#2113,#2114,
    #2115,#2116,#2117,#2118,#2119,#2120,#2121,#2122,#2123,#2124,#2125,
    #2126,#2127,#2128,#2129,#2130,#2131,#2132),.UNSPECIFIED.,.F.,.F.,(9,
    7,7,9),(0.,0.494730761152,0.810723266646,1.),.UNSPECIFIED.);
#2110 = CARTESIAN_POINT('',(3.200533547019,5.616528843876,
    -0.159025366057));
#2111 = CARTESIAN_POINT('',(3.228496120166,5.534754738784,-0.16242703614
    ));
#2112 = CARTESIAN_POINT('',(3.256517652048,5.452808214014,
    -0.164840234115));
#2113 = CARTESIAN_POINT('',(3.284580679879,5.370740337965,
    -0.166495581758));
#2114 = CARTESIAN_POINT('',(3.312673923686,5.28858409793,-0.167537603658
    ));
#2115 = CARTESIAN_POINT('',(3.340789559079,5.206362375655,
    -0.168074183891));
#2116 = CARTESIAN_POINT('',(3.368922494848,5.124090059939,
    -0.168192793432));
#2117 = CARTESIAN_POINT('',(3.397070377268,5.041774034048,-0.16796253185
    ));
#2118 = CARTESIAN_POINT('',(3.443220991164,4.906810590915,
    -0.167107933131));
#2119 = CARTESIAN_POINT('',(3.46121410131,4.854191310411,-0.166656077598
    ));
#2120 = CARTESIAN_POINT('',(3.479211832918,4.801558514844,
    -0.166100778443));
#2121 = CARTESIAN_POINT('',(3.497213447732,4.748914363183,
    -0.165454135414));
#2122 = CARTESIAN_POINT('',(3.515218785712,4.696259323446,
    -0.164728681355));
#2123 = CARTESIAN_POINT('',(3.533227673479,4.643593902666,
    -0.163935448819));
#2124 = CARTESIAN_POINT('',(3.551239416122,4.590920133051,
    -0.163082131942));
#2125 = CARTESIAN_POINT('',(3.580044294846,4.506682778799,
    -0.161634872021));
#2126 = CARTESIAN_POINT('',(3.590835718022,4.475124203403,-0.16107470901
    ));
#2127 = CARTESIAN_POINT('',(3.601627928461,4.443563325726,
    -0.160493824133));
#2128 = CARTESIAN_POINT('',(3.612421381269,4.411998814849,
    -0.159909026058));
#2129 = CARTESIAN_POINT('',(3.623215424654,4.380432576882,
    -0.159294061196));
#2130 = CARTESIAN_POINT('',(3.634010810269,4.348862413681,
    -0.158684619064));
#2131 = CARTESIAN_POINT('',(3.644807113089,4.317289568193,
    -0.158060362274));
#2132 = CARTESIAN_POINT('',(3.655604249236,4.285714285714,
    -0.157419344007));
#2133 = PCURVE('',#2017,#2134);
#2134 = DEFINITIONAL_REPRESENTATION('',(#2135),#2159);
#2135 = B_SPLINE_CURVE_WITH_KNOTS('',8,(#2136,#2137,#2138,#2139,#2140,
    #2141,#2142,#2143,#2144,#2145,#2146,#2147,#2148,#2149,#2150,#2151,
    #2152,#2153,#2154,#2155,#2156,#2157,#2158),.UNSPECIFIED.,.F.,.F.,(9,
    7,7,9),(0.,0.494730761152,0.810723266646,1.),.UNSPECIFIED.);
#2136 = CARTESIAN_POINT('',(0.703234799379,0.159025366057));
#2137 = CARTESIAN_POINT('',(0.616811944991,0.16242703614));
#2138 = CARTESIAN_POINT('',(0.530206869095,0.164840234115));
#2139 = CARTESIAN_POINT('',(0.443473543261,0.166495581758));
#2140 = CARTESIAN_POINT('',(0.356646830066,0.167537603658));
#2141 = CARTESIAN_POINT('',(0.269750912052,0.168074183891));
#2142 = CARTESIAN_POINT('',(0.182801524428,0.168192793432));
#2143 = CARTESIAN_POINT('',(9.580594176248E-02,0.16796253185));
#2144 = CARTESIAN_POINT('',(-4.682999390957E-02,0.167107933131));
#2145 = CARTESIAN_POINT('',(-0.102440610643,0.166656077598));
#2146 = CARTESIAN_POINT('',(-0.158065510754,0.166100778443));
#2147 = CARTESIAN_POINT('',(-0.213702412537,0.165454135414));
#2148 = CARTESIAN_POINT('',(-0.269350821368,0.164728681355));
#2149 = CARTESIAN_POINT('',(-0.325010201391,0.163935448819));
#2150 = CARTESIAN_POINT('',(-0.380678404869,0.163082131942));
#2151 = CARTESIAN_POINT('',(-0.469704540862,0.161634872021));
#2152 = CARTESIAN_POINT('',(-0.503057179365,0.16107470901));
#2153 = CARTESIAN_POINT('',(-0.536412251032,0.160493824133));
#2154 = CARTESIAN_POINT('',(-0.569771162441,0.159909026058));
#2155 = CARTESIAN_POINT('',(-0.603131899124,0.159294061196));
#2156 = CARTESIAN_POINT('',(-0.636496784185,0.158684619064));
#2157 = CARTESIAN_POINT('',(-0.669864504017,0.158060362274));
#2158 = CARTESIAN_POINT('',(-0.703234799379,0.157419344007));
#2159 = ( GEOMETRIC_REPRESENTATION_CONTEXT(2) 
PARAMETRIC_REPRESENTATION_CONTEXT() REPRESENTATION_CONTEXT('2D SPACE',''
  ) );
#2160 = ( GEOMETRIC_REPRESENTATION_CONTEXT(3) 
GLOBAL_UNCERTAINTY_ASSIGNED_CONTEXT((#2164)) 
GLOBAL_UNIT_ASSIGNED_CONTEXT((#2161,#2162,#2163)) REPRESENTATION_CONTEXT
('Context #1','3D Context with UNIT and UNCERTAINTY') );
#2161 = ( LENGTH_UNIT() NAMED_UNIT(*) SI_UNIT(.MILLI.,.METRE.) );
#2162 = ( NAMED_UNIT(*) PLANE_ANGLE_UNIT() SI_UNIT($,.RADIAN.) );
#2163 = ( NAMED_UNIT(*) SI_UNIT($,.STERADIAN.) SOLID_ANGLE_UNIT() );
#2164 = UNCERTAINTY_MEASURE_WITH_UNIT(LENGTH_MEASURE(5.E-06),#2161,
  'distance_accuracy_value','confusion accuracy');
#2165 = CONTEXT_DEPENDENT_SHAPE_REPRESENTATION(#2166,#2168);
#2166 = ( REPRESENTATION_RELATIONSHIP('','',#1999,#10) 
REPRESENTATION_RELATIONSHIP_WITH_TRANSFORMATION(#2167) 
SHAPE_REPRESENTATION_RELATIONSHIP() );
#2167 = ITEM_DEFINED_TRANSFORMATION('','',#11,#59);
#2168 = PRODUCT_DEFINITION_SHAPE('Placement','Placement of an item',
  #2169);
#2169 = NEXT_ASSEMBLY_USAGE_OCCURRENCE('12','','',#5,#1994,$);
#2170 = PRODUCT_RELATED_PRODUCT_CATEGORY('part',$,(#1996));
#2171 = SHAPE_DEFINITION_REPRESENTATION(#2172,#2178);
#2172 = PRODUCT_DEFINITION_SHAPE('','',#2173);
#2173 = PRODUCT_DEFINITION('design','',#2174,#2177);
#2174 = PRODUCT_DEFINITION_FORMATION('','',#2175);
#2175 = PRODUCT('Open CASCADE STEP translator 7.8 2.13',
  'Open CASCADE STEP translator 7.8 2.13','',(#2176));
#2176 = PRODUCT_CONTEXT('',#2,'mechanical');
#2177 = PRODUCT_DEFINITION_CONTEXT('part definition',#2,'design');
#2178 = MANIFOLD_SURFACE_SHAPE_REPRESENTATION('',(#11,#2179),#2353);
#2179 = SHELL_BASED_SURFACE_MODEL('',(#2180));
#2180 = OPEN_SHELL('',(#2181));
#2181 = ADVANCED_FACE('',(#2182),#2196,.T.);
#2182 = FACE_BOUND('',#2183,.T.);
#2183 = EDGE_LOOP('',(#2184,#2207,#2277,#2293));
#2184 = ORIENTED_EDGE('',*,*,#2185,.F.);
#2185 = EDGE_CURVE('',#2186,#2188,#2190,.T.);
#2186 = VERTEX_POINT('',#2187);
#2187 = CARTESIAN_POINT('',(3.655604249236,4.285714285714,0.32313478746)
  );
#2188 = VERTEX_POINT('',#2189);
#2189 = CARTESIAN_POINT('',(3.655604249236,4.285714285714,
    -0.157419344007));
#2190 = SURFACE_CURVE('',#2191,(#2195),.PCURVE_S1.);
#2191 = LINE('',#2192,#2193);
#2192 = CARTESIAN_POINT('',(3.655604249236,4.285714285714,0.));
#2193 = VECTOR('',#2194,1.);
#2194 = DIRECTION('',(0.,0.,-1.));
#2195 = PCURVE('',#2196,#2201);
#2196 = PLANE('',#2197);
#2197 = AXIS2_PLACEMENT_3D('',#2198,#2199,#2200);
#2198 = CARTESIAN_POINT('',(4.291389893524,4.636369403725,0.));
#2199 = DIRECTION('',(-0.482947288124,0.875649425794,0.));
#2200 = DIRECTION('',(0.875649425794,0.482947288124,0.));
#2201 = DEFINITIONAL_REPRESENTATION('',(#2202),#2206);
#2202 = LINE('',#2203,#2204);
#2203 = CARTESIAN_POINT('',(-0.726073272659,0.));
#2204 = VECTOR('',#2205,1.);
#2205 = DIRECTION('',(0.,1.));
#2206 = ( GEOMETRIC_REPRESENTATION_CONTEXT(2) 
PARAMETRIC_REPRESENTATION_CONTEXT() REPRESENTATION_CONTEXT('2D SPACE',''
  ) );
#2207 = ORIENTED_EDGE('',*,*,#2208,.T.);
#2208 = EDGE_CURVE('',#2186,#2209,#2211,.T.);
#2209 = VERTEX_POINT('',#2210);
#2210 = CARTESIAN_POINT('',(4.927175537813,4.987024521735,0.23114048074)
  );
#2211 = SURFACE_CURVE('',#2212,(#2243),.PCURVE_S1.);
#2212 = B_SPLINE_CURVE_WITH_KNOTS('',8,(#2213,#2214,#2215,#2216,#2217,
    #2218,#2219,#2220,#2221,#2222,#2223,#2224,#2225,#2226,#2227,#2228,
    #2229,#2230,#2231,#2232,#2233,#2234,#2235,#2236,#2237,#2238,#2239,
    #2240,#2241,#2242),.UNSPECIFIED.,.F.,.F.,(9,7,7,7,9),(0.,
    0.159995148953,0.466295655538,0.765057895497,1.),.UNSPECIFIED.);
#2213 = CARTESIAN_POINT('',(3.655604249236,4.285714285714,0.32313478746)
  );
#2214 = CARTESIAN_POINT('',(3.681084303084,4.299767310298,0.322176799647
    ));
#2215 = CARTESIAN_POINT('',(3.706562633335,4.313819384265,0.321163120876
    ));
#2216 = CARTESIAN_POINT('',(3.732039478698,4.327870639271,0.320102576956
    ));
#2217 = CARTESIAN_POINT('',(3.757514287942,4.341920771296,0.318983610426
    ));
#2218 = CARTESIAN_POINT('',(3.782988339736,4.355970485564,0.317840409239
    ));
#2219 = CARTESIAN_POINT('',(3.808460423071,4.370019114167,0.316646424824
    ));
#2220 = CARTESIAN_POINT('',(3.833931004378,4.384066914356,0.3154128902)
  );
#2221 = CARTESIAN_POINT('',(3.908158462967,4.425005615135,0.311694738159
    ));
#2222 = CARTESIAN_POINT('',(3.956910754553,4.451893986575,0.309099082601
    ));
#2223 = CARTESIAN_POINT('',(4.005656399611,4.478778692252,0.306346910288
    ));
#2224 = CARTESIAN_POINT('',(4.054394767311,4.505659384244,0.303444598608
    ));
#2225 = CARTESIAN_POINT('',(4.103125205836,4.532535703056,0.30039883289)
  );
#2226 = CARTESIAN_POINT('',(4.151847152764,4.559407338493,0.297212496386
    ));
#2227 = CARTESIAN_POINT('',(4.200560116642,4.586274019506,0.293885762338
    ));
#2228 = CARTESIAN_POINT('',(4.296768318329,4.63933576857,0.28704424991)
  );
#2229 = CARTESIAN_POINT('',(4.344264026272,4.665531095916,0.28353576219)
  );
#2230 = CARTESIAN_POINT('',(4.391750164342,4.691721145185,0.279899385418
    ));
#2231 = CARTESIAN_POINT('',(4.439226224108,4.717905635964,0.27613737338)
  );
#2232 = CARTESIAN_POINT('',(4.486691677965,4.744084277261,0.272251773179
    ));
#2233 = CARTESIAN_POINT('',(4.534145979135,4.770256767512,0.268244425237
    ));
#2234 = CARTESIAN_POINT('',(4.581588561665,4.796422794577,0.264116963295
    ));
#2235 = CARTESIAN_POINT('',(4.666317293918,4.84315326714,0.256531707182)
  );
#2236 = CARTESIAN_POINT('',(4.703608126378,4.863720295312,0.253119245192
    ));
#2237 = CARTESIAN_POINT('',(4.740891053268,4.884282963321,0.249634156015
    ));
#2238 = CARTESIAN_POINT('',(4.778165767082,4.904841101568,0.246077105987
    ));
#2239 = CARTESIAN_POINT('',(4.815431937353,4.925394527792,0.242448700206
    ));
#2240 = CARTESIAN_POINT('',(4.852689210652,4.945943047066,0.23874948253)
  );
#2241 = CARTESIAN_POINT('',(4.889937210589,4.966486451798,0.234979935581
    ));
#2242 = CARTESIAN_POINT('',(4.927175537813,4.987024521735,0.23114048074)
  );
#2243 = PCURVE('',#2196,#2244);
#2244 = DEFINITIONAL_REPRESENTATION('',(#2245),#2276);
#2245 = B_SPLINE_CURVE_WITH_KNOTS('',8,(#2246,#2247,#2248,#2249,#2250,
    #2251,#2252,#2253,#2254,#2255,#2256,#2257,#2258,#2259,#2260,#2261,
    #2262,#2263,#2264,#2265,#2266,#2267,#2268,#2269,#2270,#2271,#2272,
    #2273,#2274,#2275),.UNSPECIFIED.,.F.,.F.,(9,7,7,7,9),(0.,
    0.159995148953,0.466295655538,0.765057895497,1.),.UNSPECIFIED.);
#2246 = CARTESIAN_POINT('',(-0.726073272659,-0.32313478746));
#2247 = CARTESIAN_POINT('',(-0.696974808025,-0.322176799647));
#2248 = CARTESIAN_POINT('',(-0.667878311756,-0.321163120876));
#2249 = CARTESIAN_POINT('',(-0.638783511243,-0.320102576956));
#2250 = CARTESIAN_POINT('',(-0.609691035997,-0.318983610426));
#2251 = CARTESIAN_POINT('',(-0.580599425766,-0.317840409239));
#2252 = CARTESIAN_POINT('',(-0.551510063534,-0.316646424824));
#2253 = CARTESIAN_POINT('',(-0.522422416633,-0.3154128902));
#2254 = CARTESIAN_POINT('',(-0.437653950621,-0.311694738159));
#2255 = CARTESIAN_POINT('',(-0.381978368418,-0.309099082601));
#2256 = CARTESIAN_POINT('',(-0.326310376614,-0.306346910288));
#2257 = CARTESIAN_POINT('',(-0.270650695624,-0.303444598608));
#2258 = CARTESIAN_POINT('',(-0.215000069826,-0.30039883289));
#2259 = CARTESIAN_POINT('',(-0.159359141513,-0.297212496386));
#2260 = CARTESIAN_POINT('',(-0.103728471928,-0.293885762338));
#2261 = CARTESIAN_POINT('',(6.142212449665E-03,-0.28704424991));
#2262 = CARTESIAN_POINT('',(6.038276414056E-02,-0.28353576219));
#2263 = CARTESIAN_POINT('',(0.114612386946,-0.279899385418));
#2264 = CARTESIAN_POINT('',(0.168830500231,-0.27613737338));
#2265 = CARTESIAN_POINT('',(0.223036501467,-0.272251773179));
#2266 = CARTESIAN_POINT('',(0.277229766228,-0.268244425237));
#2267 = CARTESIAN_POINT('',(0.331409648191,-0.264116963295));
#2268 = CARTESIAN_POINT('',(0.428170668933,-0.256531707182));
#2269 = CARTESIAN_POINT('',(0.470757155445,-0.253119245192));
#2270 = CARTESIAN_POINT('',(0.51333461372,-0.249634156015));
#2271 = CARTESIAN_POINT('',(0.555902692583,-0.246077105987));
#2272 = CARTESIAN_POINT('',(0.598461014639,-0.242448700206));
#2273 = CARTESIAN_POINT('',(0.641009176268,-0.23874948253));
#2274 = CARTESIAN_POINT('',(0.683546747629,-0.234979935581));
#2275 = CARTESIAN_POINT('',(0.726073272659,-0.23114048074));
#2276 = ( GEOMETRIC_REPRESENTATION_CONTEXT(2) 
PARAMETRIC_REPRESENTATION_CONTEXT() REPRESENTATION_CONTEXT('2D SPACE',''
  ) );
#2277 = ORIENTED_EDGE('',*,*,#2278,.T.);
#2278 = EDGE_CURVE('',#2209,#2279,#2281,.T.);
#2279 = VERTEX_POINT('',#2280);
#2280 = CARTESIAN_POINT('',(4.927175537813,4.987024521735,
    -9.799741418788E-02));
#2281 = SURFACE_CURVE('',#2282,(#2286),.PCURVE_S1.);
#2282 = LINE('',#2283,#2284);
#2283 = CARTESIAN_POINT('',(4.927175537813,4.987024521735,0.));
#2284 = VECTOR('',#2285,1.);
#2285 = DIRECTION('',(0.,0.,-1.));
#2286 = PCURVE('',#2196,#2287);
#2287 = DEFINITIONAL_REPRESENTATION('',(#2288),#2292);
#2288 = LINE('',#2289,#2290);
#2289 = CARTESIAN_POINT('',(0.726073272659,0.));
#2290 = VECTOR('',#2291,1.);
#2291 = DIRECTION('',(0.,1.));
#2292 = ( GEOMETRIC_REPRESENTATION_CONTEXT(2) 
PARAMETRIC_REPRESENTATION_CONTEXT() REPRESENTATION_CONTEXT('2D SPACE',''
  ) );
#2293 = ORIENTED_EDGE('',*,*,#2294,.F.);
#2294 = EDGE_CURVE('',#2188,#2279,#2295,.T.);
#2295 = SURFACE_CURVE('',#2296,(#2323),.PCURVE_S1.);
#2296 = B_SPLINE_CURVE_WITH_KNOTS('',7,(#2297,#2298,#2299,#2300,#2301,
    #2302,#2303,#2304,#2305,#2306,#2307,#2308,#2309,#2310,#2311,#2312,
    #2313,#2314,#2315,#2316,#2317,#2318,#2319,#2320,#2321,#2322),
  .UNSPECIFIED.,.F.,.F.,(8,6,6,6,8),(0.,0.139870013885,0.355181577825,
    0.5743652893,1.),.UNSPECIFIED.);
#2297 = CARTESIAN_POINT('',(3.655604249236,4.285714285714,
    -0.157419344007));
#2298 = CARTESIAN_POINT('',(3.68102855618,4.299736564185,-0.156546261647
    ));
#2299 = CARTESIAN_POINT('',(3.706453100133,4.313758973373,
    -0.155660386704));
#2300 = CARTESIAN_POINT('',(3.731877683621,4.327781404366,-0.15475687447
    ));
#2301 = CARTESIAN_POINT('',(3.757302173186,4.341803783558,
    -0.153839130755));
#2302 = CARTESIAN_POINT('',(3.782726016337,4.355825806232,
    -0.152889148345));
#2303 = CARTESIAN_POINT('',(3.808149520484,4.369847641936,-0.15192228576
    ));
#2304 = CARTESIAN_POINT('',(3.872707811005,4.405453502472,
    -0.149415275511));
#2305 = CARTESIAN_POINT('',(3.911841930454,4.427037159474,-0.14784832126
    ));
#2306 = CARTESIAN_POINT('',(3.950974554211,4.448619991558,
    -0.146240669712));
#2307 = CARTESIAN_POINT('',(3.990105517521,4.470201907854,-0.14459521692
    ));
#2308 = CARTESIAN_POINT('',(4.029234724213,4.491782855322,
    -0.142912964042));
#2309 = CARTESIAN_POINT('',(4.068362089948,4.513362787446,
    -0.141194730278));
#2310 = CARTESIAN_POINT('',(4.147316509238,4.556908550805,-0.1376594959)
  );
#2311 = CARTESIAN_POINT('',(4.187143478261,4.578874335419,
    -0.135841144672));
#2312 = CARTESIAN_POINT('',(4.226968245103,4.600838905462,
    -0.133990171268));
#2313 = CARTESIAN_POINT('',(4.266790657915,4.622802177187,
    -0.132108721139));
#2314 = CARTESIAN_POINT('',(4.306610560421,4.644764064401,
    -0.130198726027));
#2315 = CARTESIAN_POINT('',(4.346427791918,4.666724478473,
    -0.128261903964));
#2316 = CARTESIAN_POINT('',(4.463558099747,4.731325405347,
    -0.122489453837));
#2317 = CARTESIAN_POINT('',(4.540863267567,4.773961556365,
    -0.118583844657));
#2318 = CARTESIAN_POINT('',(4.618156483688,4.816591115657,
    -0.114595034484));
#2319 = CARTESIAN_POINT('',(4.695436312835,4.859213291626,
    -0.110533576747));
#2320 = CARTESIAN_POINT('',(4.77270098844,4.901827109955,-0.106408561343
    ));
#2321 = CARTESIAN_POINT('',(4.84994830956,4.944431356759,-0.102227700425
    ));
#2322 = CARTESIAN_POINT('',(4.927175537813,4.987024521735,
    -9.799741418788E-02));
#2323 = PCURVE('',#2196,#2324);
#2324 = DEFINITIONAL_REPRESENTATION('',(#2325),#2352);
#2325 = B_SPLINE_CURVE_WITH_KNOTS('',7,(#2326,#2327,#2328,#2329,#2330,
    #2331,#2332,#2333,#2334,#2335,#2336,#2337,#2338,#2339,#2340,#2341,
    #2342,#2343,#2344,#2345,#2346,#2347,#2348,#2349,#2350,#2351),
  .UNSPECIFIED.,.F.,.F.,(8,6,6,6,8),(0.,0.139870013885,0.355181577825,
    0.5743652893,1.),.UNSPECIFIED.);
#2326 = CARTESIAN_POINT('',(-0.726073272659,0.157419344007));
#2327 = CARTESIAN_POINT('',(-0.697038471521,0.156546261647));
#2328 = CARTESIAN_POINT('',(-0.668003399717,0.155660386704));
#2329 = CARTESIAN_POINT('',(-0.638968282765,0.15475687447));
#2330 = CARTESIAN_POINT('',(-0.609933273072,0.153839130755));
#2331 = CARTESIAN_POINT('',(-0.580899001591,0.152889148345));
#2332 = CARTESIAN_POINT('',(-0.551865117255,0.15192228576));
#2333 = CARTESIAN_POINT('',(-0.478138933443,0.149415275511));
#2334 = CARTESIAN_POINT('',(-0.433447395601,0.14784832126));
#2335 = CARTESIAN_POINT('',(-0.388757565854,0.146240669712));
#2336 = CARTESIAN_POINT('',(-0.344069632353,0.14459521692));
#2337 = CARTESIAN_POINT('',(-0.299383704926,0.142912964042));
#2338 = CARTESIAN_POINT('',(-0.25469987989,0.141194730278));
#2339 = CARTESIAN_POINT('',(-0.164533179652,0.1376594959));
#2340 = CARTESIAN_POINT('',(-0.119050400985,0.135841144672));
#2341 = CARTESIAN_POINT('',(-7.35701372299E-02,0.133990171268));
#2342 = CARTESIAN_POINT('',(-2.809256179984E-02,0.132108721139));
#2343 = CARTESIAN_POINT('',(1.738214683659E-02,0.130198726027));
#2344 = CARTESIAN_POINT('',(6.285380515603E-02,0.128261903964));
#2345 = CARTESIAN_POINT('',(0.196617734394,0.122489453837));
#2346 = CARTESIAN_POINT('',(0.284900973716,0.118583844657));
#2347 = CARTESIAN_POINT('',(0.373170564084,0.114595034484));
#2348 = CARTESIAN_POINT('',(0.461424866401,0.110533576747));
#2349 = CARTESIAN_POINT('',(0.549661863227,0.106408561343));
#2350 = CARTESIAN_POINT('',(0.637879041067,0.102227700425));
#2351 = CARTESIAN_POINT('',(0.726073272659,9.799741418788E-02));
#2352 = ( GEOMETRIC_REPRESENTATION_CONTEXT(2) 
PARAMETRIC_REPRESENTATION_CONTEXT() REPRESENTATION_CONTEXT('2D SPACE',''
  ) );
#2353 = ( GEOMETRIC_REPRESENTATION_CONTEXT(3) 
GLOBAL_UNCERTAINTY_ASSIGNED_CONTEXT((#2357)) 
GLOBAL_UNIT_ASSIGNED_CONTEXT((#2354,#2355,#2356)) REPRESENTATION_CONTEXT
('Context #1','3D Context with UNIT and UNCERTAINTY') );
#2354 = ( LENGTH_UNIT() NAMED_UNIT(*) SI_UNIT(.MILLI.,.METRE.) );
#2355 = ( NAMED_UNIT(*) PLANE_ANGLE_UNIT() SI_UNIT($,.RADIAN.) );
#2356 = ( NAMED_UNIT(*) SI_UNIT($,.STERADIAN.) SOLID_ANGLE_UNIT() );
#2357 = UNCERTAINTY_MEASURE_WITH_UNIT(LENGTH_MEASURE(5.E-06),#2354,
  'distance_accuracy_value','confusion accuracy');
#2358 = CONTEXT_DEPENDENT_SHAPE_REPRESENTATION(#2359,#2361);
#2359 = ( REPRESENTATION_RELATIONSHIP('','',#2178,#10) 
REPRESENTATION_RELATIONSHIP_WITH_TRANSFORMATION(#2360) 
SHAPE_REPRESENTATION_RELATIONSHIP() );
#2360 = ITEM_DEFINED_TRANSFORMATION('','',#11,#63);
#2361 = PRODUCT_DEFINITION_SHAPE('Placement','Placement of an item',
  #2362);
#2362 = NEXT_ASSEMBLY_USAGE_OCCURRENCE('13','','',#5,#2173,$);
#2363 = PRODUCT_RELATED_PRODUCT_CATEGORY('part',$,(#2175));
#2364 = SHAPE_DEFINITION_REPRESENTATION(#2365,#2371);
#2365 = PRODUCT_DEFINITION_SHAPE('','',#2366);
#2366 = PRODUCT_DEFINITION('design','',#2367,#2370);
#2367 = PRODUCT_DEFINITION_FORMATION('','',#2368);
#2368 = PRODUCT('Open CASCADE STEP translator 7.8 2.14',
  'Open CASCADE STEP translator 7.8 2.14','',(#2369));
#2369 = PRODUCT_CONTEXT('',#2,'mechanical');
#2370 = PRODUCT_DEFINITION_CONTEXT('part definition',#2,'design');
#2371 = MANIFOLD_SURFACE_SHAPE_REPRESENTATION('',(#11,#2372),#2532);
#2372 = SHELL_BASED_SURFACE_MODEL('',(#2373));
#2373 = OPEN_SHELL('',(#2374));
#2374 = ADVANCED_FACE('',(#2375),#2389,.T.);
#2375 = FACE_BOUND('',#2376,.T.);
#2376 = EDGE_LOOP('',(#2377,#2400,#2462,#2478));
#2377 = ORIENTED_EDGE('',*,*,#2378,.F.);
#2378 = EDGE_CURVE('',#2379,#2381,#2383,.T.);
#2379 = VERTEX_POINT('',#2380);
#2380 = CARTESIAN_POINT('',(3.655604249236,4.285714285714,0.32313478746)
  );
#2381 = VERTEX_POINT('',#2382);
#2382 = CARTESIAN_POINT('',(3.655604249236,4.285714285714,
    -0.157419344007));
#2383 = SURFACE_CURVE('',#2384,(#2388),.PCURVE_S1.);
#2384 = LINE('',#2385,#2386);
#2385 = CARTESIAN_POINT('',(3.655604249236,4.285714285714,0.));
#2386 = VECTOR('',#2387,1.);
#2387 = DIRECTION('',(-0.,0.,-1.));
#2388 = PCURVE('',#2389,#2394);
#2389 = PLANE('',#2390);
#2390 = AXIS2_PLACEMENT_3D('',#2391,#2392,#2393);
#2391 = CARTESIAN_POINT('',(3.245720421326,4.533186024759,0.));
#2392 = DIRECTION('',(-0.516861003485,-0.856069333101,0.));
#2393 = DIRECTION('',(-0.856069333101,0.516861003485,0.));
#2394 = DEFINITIONAL_REPRESENTATION('',(#2395),#2399);
#2395 = LINE('',#2396,#2397);
#2396 = CARTESIAN_POINT('',(-0.478797466585,0.));
#2397 = VECTOR('',#2398,1.);
#2398 = DIRECTION('',(0.,1.));
#2399 = ( GEOMETRIC_REPRESENTATION_CONTEXT(2) 
PARAMETRIC_REPRESENTATION_CONTEXT() REPRESENTATION_CONTEXT('2D SPACE',''
  ) );
#2400 = ORIENTED_EDGE('',*,*,#2401,.F.);
#2401 = EDGE_CURVE('',#2402,#2379,#2404,.T.);
#2402 = VERTEX_POINT('',#2403);
#2403 = CARTESIAN_POINT('',(2.835836593416,4.780657763804,0.26719112226)
  );
#2404 = SURFACE_CURVE('',#2405,(#2432),.PCURVE_S1.);
#2405 = B_SPLINE_CURVE_WITH_KNOTS('',7,(#2406,#2407,#2408,#2409,#2410,
    #2411,#2412,#2413,#2414,#2415,#2416,#2417,#2418,#2419,#2420,#2421,
    #2422,#2423,#2424,#2425,#2426,#2427,#2428,#2429,#2430,#2431),
  .UNSPECIFIED.,.F.,.F.,(8,6,6,6,8),(0.,0.458188936443,0.720691447032,
    0.855371022396,1.),.UNSPECIFIED.);
#2406 = CARTESIAN_POINT('',(2.835836593416,4.780657763804,0.26719112226)
  );
#2407 = CARTESIAN_POINT('',(2.888381807188,4.748933029757,0.278197278889
    ));
#2408 = CARTESIAN_POINT('',(2.941300384873,4.71698287326,0.287664526518)
  );
#2409 = CARTESIAN_POINT('',(2.994492979645,4.684867276019,0.295785293415
    ));
#2410 = CARTESIAN_POINT('',(3.047890304015,4.652628071097,0.3026865582)
  );
#2411 = CARTESIAN_POINT('',(3.101442782475,4.620295190236,0.308466450484
    ));
#2412 = CARTESIAN_POINT('',(3.155115837828,4.587889509788,0.31321042747)
  );
#2413 = CARTESIAN_POINT('',(3.239699205708,4.536821398001,0.319150690166
    ));
#2414 = CARTESIAN_POINT('',(3.27053899917,4.5182015433,0.320996293671));
#2415 = CARTESIAN_POINT('',(3.301404900993,4.499565925398,0.322538176172
    ));
#2416 = CARTESIAN_POINT('',(3.332292896438,4.480916968235,0.323786306112
    ));
#2417 = CARTESIAN_POINT('',(3.363199021549,4.462257065093,0.324751416428
    ));
#2418 = CARTESIAN_POINT('',(3.394119388499,4.443588563288,0.325444964513
    ));
#2419 = CARTESIAN_POINT('',(3.440921475029,4.415331303655,0.326093995358
    ));
#2420 = CARTESIAN_POINT('',(3.456794580922,4.405747746433,0.326244532429
    ));
#2421 = CARTESIAN_POINT('',(3.472670351498,4.396162580379,0.326326778891
    ));
#2422 = CARTESIAN_POINT('',(3.488548505083,4.386575975559,0.326341880978
    ));
#2423 = CARTESIAN_POINT('',(3.504428794133,4.376988081428,0.326290924464
    ));
#2424 = CARTESIAN_POINT('',(3.520310893523,4.367399094286,0.326174978701
    ));
#2425 = CARTESIAN_POINT('',(3.553251063903,4.347511114587,0.325802017137
    ));
#2426 = CARTESIAN_POINT('',(3.570309435399,4.337211940597,0.325535751392
    ));
#2427 = CARTESIAN_POINT('',(3.587368407698,4.326912403866,0.325193902086
    ));
#2428 = CARTESIAN_POINT('',(3.604428423362,4.316612237191,0.324788052691
    ));
#2429 = CARTESIAN_POINT('',(3.621487332803,4.306312738412,0.324301674648
    ));
#2430 = CARTESIAN_POINT('',(3.638546065282,4.296013346474,0.323749202527
    ));
#2431 = CARTESIAN_POINT('',(3.655604249236,4.285714285714,0.32313478746)
  );
#2432 = PCURVE('',#2389,#2433);
#2433 = DEFINITIONAL_REPRESENTATION('',(#2434),#2461);
#2434 = B_SPLINE_CURVE_WITH_KNOTS('',7,(#2435,#2436,#2437,#2438,#2439,
    #2440,#2441,#2442,#2443,#2444,#2445,#2446,#2447,#2448,#2449,#2450,
    #2451,#2452,#2453,#2454,#2455,#2456,#2457,#2458,#2459,#2460),
  .UNSPECIFIED.,.F.,.F.,(8,6,6,6,8),(0.,0.458188936443,0.720691447032,
    0.855371022396,1.),.UNSPECIFIED.);
#2435 = CARTESIAN_POINT('',(0.478797466585,-0.26719112226));
#2436 = CARTESIAN_POINT('',(0.417417842598,-0.278197278889));
#2437 = CARTESIAN_POINT('',(0.355602081143,-0.287664526518));
#2438 = CARTESIAN_POINT('',(0.293466232193,-0.295785293415));
#2439 = CARTESIAN_POINT('',(0.231091232522,-0.3026865582));
#2440 = CARTESIAN_POINT('',(0.168534992753,-0.308466450484));
#2441 = CARTESIAN_POINT('',(0.105837903538,-0.31321042747));
#2442 = CARTESIAN_POINT('',(7.033560700152E-03,-0.319150690166));
#2443 = CARTESIAN_POINT('',(-2.899131750692E-02,-0.320996293671));
#2444 = CARTESIAN_POINT('',(-6.504669366593E-02,-0.322538176172));
#2445 = CARTESIAN_POINT('',(-0.10112787804,-0.323786306112));
#2446 = CARTESIAN_POINT('',(-0.137230240216,-0.324751416428));
#2447 = CARTESIAN_POINT('',(-0.173349238706,-0.325444964513));
#2448 = CARTESIAN_POINT('',(-0.22802014528,-0.326093995358));
#2449 = CARTESIAN_POINT('',(-0.246561991458,-0.326244532429));
#2450 = CARTESIAN_POINT('',(-0.265106950333,-0.326326778891));
#2451 = CARTESIAN_POINT('',(-0.283654692871,-0.326341880978));
#2452 = CARTESIAN_POINT('',(-0.302204929909,-0.326290924464));
#2453 = CARTESIAN_POINT('',(-0.320757281658,-0.326174978701));
#2454 = CARTESIAN_POINT('',(-0.359235672492,-0.325802017137));
#2455 = CARTESIAN_POINT('',(-0.379162062606,-0.325535751392));
#2456 = CARTESIAN_POINT('',(-0.399089154536,-0.325193902086));
#2457 = CARTESIAN_POINT('',(-0.419017465252,-0.324788052691));
#2458 = CARTESIAN_POINT('',(-0.438944483755,-0.324301674648));
#2459 = CARTESIAN_POINT('',(-0.458871295544,-0.323749202527));
#2460 = CARTESIAN_POINT('',(-0.478797466585,-0.32313478746));
#2461 = ( GEOMETRIC_REPRESENTATION_CONTEXT(2) 
PARAMETRIC_REPRESENTATION_CONTEXT() REPRESENTATION_CONTEXT('2D SPACE',''
  ) );
#2462 = ORIENTED_EDGE('',*,*,#2463,.T.);
#2463 = EDGE_CURVE('',#2402,#2464,#2466,.T.);
#2464 = VERTEX_POINT('',#2465);
#2465 = CARTESIAN_POINT('',(2.835836593416,4.780657763804,-0.16588299951
    ));
#2466 = SURFACE_CURVE('',#2467,(#2471),.PCURVE_S1.);
#2467 = LINE('',#2468,#2469);
#2468 = CARTESIAN_POINT('',(2.835836593416,4.780657763804,0.));
#2469 = VECTOR('',#2470,1.);
#2470 = DIRECTION('',(-0.,0.,-1.));
#2471 = PCURVE('',#2389,#2472);
#2472 = DEFINITIONAL_REPRESENTATION('',(#2473),#2477);
#2473 = LINE('',#2474,#2475);
#2474 = CARTESIAN_POINT('',(0.478797466585,0.));
#2475 = VECTOR('',#2476,1.);
#2476 = DIRECTION('',(0.,1.));
#2477 = ( GEOMETRIC_REPRESENTATION_CONTEXT(2) 
PARAMETRIC_REPRESENTATION_CONTEXT() REPRESENTATION_CONTEXT('2D SPACE',''
  ) );
#2478 = ORIENTED_EDGE('',*,*,#2479,.T.);
#2479 = EDGE_CURVE('',#2464,#2381,#2480,.T.);
#2480 = SURFACE_CURVE('',#2481,(#2505),.PCURVE_S1.);
#2481 = B_SPLINE_CURVE_WITH_KNOTS('',8,(#2482,#2483,#2484,#2485,#2486,
    #2487,#2488,#2489,#2490,#2491,#2492,#2493,#2494,#2495,#2496,#2497,
    #2498,#2499,#2500,#2501,#2502,#2503,#2504),.UNSPECIFIED.,.F.,.F.,(9,
    7,7,9),(0.,0.511680861953,0.817737279215,1.),.UNSPECIFIED.);
#2482 = CARTESIAN_POINT('',(2.835836593416,4.780657763804,-0.16588299951
    ));
#2483 = CARTESIAN_POINT('',(2.887708998004,4.749339245488,
    -0.168952063877));
#2484 = CARTESIAN_POINT('',(2.939771348393,4.717906045366,
    -0.171020126223));
#2485 = CARTESIAN_POINT('',(2.991967793194,4.68639188431,-0.172301575992
    ));
#2486 = CARTESIAN_POINT('',(3.044261120129,4.654819229632,
    -0.172938110592));
#2487 = CARTESIAN_POINT('',(3.096625235049,4.62320383595,-0.173037904113
    ));
#2488 = CARTESIAN_POINT('',(3.149043081922,4.591556001029,
    -0.172689781269));
#2489 = CARTESIAN_POINT('',(3.201506534781,4.559880631006,
    -0.171965997773));
#2490 = CARTESIAN_POINT('',(3.285422043758,4.509215746165,
    -0.170305899645));
#2491 = CARTESIAN_POINT('',(3.316842912643,4.490245060971,
    -0.169571984691));
#2492 = CARTESIAN_POINT('',(3.348275981808,4.471267009728,
    -0.168738721476));
#2493 = CARTESIAN_POINT('',(3.379719027134,4.452282935272,
    -0.167816936169));
#2494 = CARTESIAN_POINT('',(3.41117186719,4.433292947142,-0.166818012493
    ));
#2495 = CARTESIAN_POINT('',(3.442634161479,4.414297250918,
    -0.165752090011));
#2496 = CARTESIAN_POINT('',(3.474103548201,4.395297272562,
    -0.164626435882));
#2497 = CARTESIAN_POINT('',(3.524324078372,4.364976091069,
    -0.162747708991));
#2498 = CARTESIAN_POINT('',(3.543070977598,4.353657450427,
    -0.162028674607));
#2499 = CARTESIAN_POINT('',(3.56181953489,4.34233780871,-0.161288995995)
  );
#2500 = CARTESIAN_POINT('',(3.580571897512,4.331015869483,
    -0.160545409918));
#2501 = CARTESIAN_POINT('',(3.599324961598,4.319693506741,
    -0.159771586135));
#2502 = CARTESIAN_POINT('',(3.618082473732,4.308368458442,
    -0.159003049133));
#2503 = CARTESIAN_POINT('',(3.636842279066,4.2970420256,-0.158219715371)
  );
#2504 = CARTESIAN_POINT('',(3.655604249236,4.285714285714,
    -0.157419344007));
#2505 = PCURVE('',#2389,#2506);
#2506 = DEFINITIONAL_REPRESENTATION('',(#2507),#2531);
#2507 = B_SPLINE_CURVE_WITH_KNOTS('',8,(#2508,#2509,#2510,#2511,#2512,
    #2513,#2514,#2515,#2516,#2517,#2518,#2519,#2520,#2521,#2522,#2523,
    #2524,#2525,#2526,#2527,#2528,#2529,#2530),.UNSPECIFIED.,.F.,.F.,(9,
    7,7,9),(0.,0.511680861953,0.817737279215,1.),.UNSPECIFIED.);
#2508 = CARTESIAN_POINT('',(0.478797466585,0.16588299951));
#2509 = CARTESIAN_POINT('',(0.418203770978,0.168952063877));
#2510 = CARTESIAN_POINT('',(0.357388194044,0.171020126223));
#2511 = CARTESIAN_POINT('',(0.296415977445,0.172301575992));
#2512 = CARTESIAN_POINT('',(0.235330589951,0.172938110592));
#2513 = CARTESIAN_POINT('',(0.174162512908,0.173037904113));
#2514 = CARTESIAN_POINT('',(0.112931669978,0.172689781269));
#2515 = CARTESIAN_POINT('',(5.164755334071E-02,0.171965997773));
#2516 = CARTESIAN_POINT('',(-4.637664368654E-02,0.170305899645));
#2517 = CARTESIAN_POINT('',(-8.308029334474E-02,0.169571984691));
#2518 = CARTESIAN_POINT('',(-0.119798194511,0.168738721476));
#2519 = CARTESIAN_POINT('',(-0.156527749128,0.167816936169));
#2520 = CARTESIAN_POINT('',(-0.19326874526,0.166818012493));
#2521 = CARTESIAN_POINT('',(-0.230020785161,0.165752090011));
#2522 = CARTESIAN_POINT('',(-0.266781109945,0.164626435882));
#2523 = CARTESIAN_POINT('',(-0.32544520201,0.162747708991));
#2524 = CARTESIAN_POINT('',(-0.347344011489,0.162028674607));
#2525 = CARTESIAN_POINT('',(-0.369244757803,0.161288995995));
#2526 = CARTESIAN_POINT('',(-0.391149949237,0.160545409918));
#2527 = CARTESIAN_POINT('',(-0.413055960071,0.159771586135));
#2528 = CARTESIAN_POINT('',(-0.434967166803,0.159003049133));
#2529 = CARTESIAN_POINT('',(-0.456881052289,0.158219715371));
#2530 = CARTESIAN_POINT('',(-0.478797466585,0.157419344007));
#2531 = ( GEOMETRIC_REPRESENTATION_CONTEXT(2) 
PARAMETRIC_REPRESENTATION_CONTEXT() REPRESENTATION_CONTEXT('2D SPACE',''
  ) );
#2532 = ( GEOMETRIC_REPRESENTATION_CONTEXT(3) 
GLOBAL_UNCERTAINTY_ASSIGNED_CONTEXT((#2536)) 
GLOBAL_UNIT_ASSIGNED_CONTEXT((#2533,#2534,#2535)) REPRESENTATION_CONTEXT
('Context #1','3D Context with UNIT and UNCERTAINTY') );
#2533 = ( LENGTH_UNIT() NAMED_UNIT(*) SI_UNIT(.MILLI.,.METRE.) );
#2534 = ( NAMED_UNIT(*) PLANE_ANGLE_UNIT() SI_UNIT($,.RADIAN.) );
#2535 = ( NAMED_UNIT(*) SI_UNIT($,.STERADIAN.) SOLID_ANGLE_UNIT() );
#2536 = UNCERTAINTY_MEASURE_WITH_UNIT(LENGTH_MEASURE(5.E-06),#2533,
  'distance_accuracy_value','confusion accuracy');
#2537 = CONTEXT_DEPENDENT_SHAPE_REPRESENTATION(#2538,#2540);
#2538 = ( REPRESENTATION_RELATIONSHIP('','',#2371,#10) 
REPRESENTATION_RELATIONSHIP_WITH_TRANSFORMATION(#2539) 
SHAPE_REPRESENTATION_RELATIONSHIP() );
#2539 = ITEM_DEFINED_TRANSFORMATION('','',#11,#67);
#2540 = PRODUCT_DEFINITION_SHAPE('Placement','Placement of an item',
  #2541);
#2541 = NEXT_ASSEMBLY_USAGE_OCCURRENCE('14','','',#5,#2366,$);
#2542 = PRODUCT_RELATED_PRODUCT_CATEGORY('part',$,(#2368));
#2543 = SHAPE_DEFINITION_REPRESENTATION(#2544,#2550);
#2544 = PRODUCT_DEFINITION_SHAPE('','',#2545);
#2545 = PRODUCT_DEFINITION('design','',#2546,#2549);
#2546 = PRODUCT_DEFINITION_FORMATION('','',#2547);
#2547 = PRODUCT('Open CASCADE STEP translator 7.8 2.15',
  'Open CASCADE STEP translator 7.8 2.15','',(#2548));
#2548 = PRODUCT_CONTEXT('',#2,'mechanical');
#2549 = PRODUCT_DEFINITION_CONTEXT('part definition',#2,'design');
#2550 = MANIFOLD_SURFACE_SHAPE_REPRESENTATION('',(#11,#2551),#2705);
#2551 = SHELL_BASED_SURFACE_MODEL('',(#2552));
#2552 = OPEN_SHELL('',(#2553));
#2553 = ADVANCED_FACE('',(#2554),#2568,.T.);
#2554 = FACE_BOUND('',#2555,.T.);
#2555 = EDGE_LOOP('',(#2556,#2579,#2629,#2645));
#2556 = ORIENTED_EDGE('',*,*,#2557,.F.);
#2557 = EDGE_CURVE('',#2558,#2560,#2562,.T.);
#2558 = VERTEX_POINT('',#2559);
#2559 = CARTESIAN_POINT('',(3.655604249236,4.285714285714,0.32313478746)
  );
#2560 = VERTEX_POINT('',#2561);
#2561 = CARTESIAN_POINT('',(3.655604249236,4.285714285714,
    -0.157419344007));
#2562 = SURFACE_CURVE('',#2563,(#2567),.PCURVE_S1.);
#2563 = LINE('',#2564,#2565);
#2564 = CARTESIAN_POINT('',(3.655604249236,4.285714285714,0.));
#2565 = VECTOR('',#2566,1.);
#2566 = DIRECTION('',(0.,0.,-1.));
#2567 = PCURVE('',#2568,#2573);
#2568 = PLANE('',#2569);
#2569 = AXIS2_PLACEMENT_3D('',#2570,#2571,#2572);
#2570 = CARTESIAN_POINT('',(4.141347184297,4.190222235827,0.));
#2571 = DIRECTION('',(0.192897514943,0.981218909688,0.));
#2572 = DIRECTION('',(0.981218909688,-0.192897514943,0.));
#2573 = DEFINITIONAL_REPRESENTATION('',(#2574),#2578);
#2574 = LINE('',#2575,#2576);
#2575 = CARTESIAN_POINT('',(-0.495040332249,0.));
#2576 = VECTOR('',#2577,1.);
#2577 = DIRECTION('',(0.,1.));
#2578 = ( GEOMETRIC_REPRESENTATION_CONTEXT(2) 
PARAMETRIC_REPRESENTATION_CONTEXT() REPRESENTATION_CONTEXT('2D SPACE',''
  ) );
#2579 = ORIENTED_EDGE('',*,*,#2580,.T.);
#2580 = EDGE_CURVE('',#2558,#2581,#2583,.T.);
#2581 = VERTEX_POINT('',#2582);
#2582 = CARTESIAN_POINT('',(4.627090119358,4.09473018594,0.241446067128)
  );
#2583 = SURFACE_CURVE('',#2584,(#2605),.PCURVE_S1.);
#2584 = B_SPLINE_CURVE_WITH_KNOTS('',7,(#2585,#2586,#2587,#2588,#2589,
    #2590,#2591,#2592,#2593,#2594,#2595,#2596,#2597,#2598,#2599,#2600,
    #2601,#2602,#2603,#2604),.UNSPECIFIED.,.F.,.F.,(8,6,6,8),(0.,
    0.123179009745,0.341970095401,1.),.UNSPECIFIED.);
#2585 = CARTESIAN_POINT('',(3.655604249236,4.285714285714,0.32313478746)
  );
#2586 = CARTESIAN_POINT('',(3.672744785858,4.282344633044,0.322507868734
    ));
#2587 = CARTESIAN_POINT('',(3.689884304645,4.278975180469,0.321833019308
    ));
#2588 = CARTESIAN_POINT('',(3.707023012673,4.275605887282,0.321116297557
    ));
#2589 = CARTESIAN_POINT('',(3.724160452867,4.272236843337,0.320353887842
    ));
#2590 = CARTESIAN_POINT('',(3.741297481033,4.268867880393,0.319562195168
    ));
#2591 = CARTESIAN_POINT('',(3.758433427901,4.265499130021,0.318732857491
    ));
#2592 = CARTESIAN_POINT('',(3.806003611604,4.256147322661,0.316332046713
    ));
#2593 = CARTESIAN_POINT('',(3.836435663839,4.250164695143,0.314683817416
    ));
#2594 = CARTESIAN_POINT('',(3.866863925344,4.244182812843,0.312923300049
    ));
#2595 = CARTESIAN_POINT('',(3.89728801766,4.238201750162,0.311050559223)
  );
#2596 = CARTESIAN_POINT('',(3.927707312864,4.232221630544,0.309069435956
    ));
#2597 = CARTESIAN_POINT('',(3.958120981771,4.226242616998,0.306985827005
    ));
#2598 = CARTESIAN_POINT('',(4.079981667464,4.202286063362,0.298228451045
    ));
#2599 = CARTESIAN_POINT('',(4.171379069501,4.184318277018,0.290741944203
    ));
#2600 = CARTESIAN_POINT('',(4.262708238397,4.166363904607,0.282397121289
    ));
#2601 = CARTESIAN_POINT('',(4.353956490541,4.148425439594,0.273261227762
    ));
#2602 = CARTESIAN_POINT('',(4.445111491865,4.13050530673,0.263366150311)
  );
#2603 = CARTESIAN_POINT('',(4.536160776691,4.112605956639,0.252752700505
    ));
#2604 = CARTESIAN_POINT('',(4.627090119358,4.09473018594,0.241446067128)
  );
#2605 = PCURVE('',#2568,#2606);
#2606 = DEFINITIONAL_REPRESENTATION('',(#2607),#2628);
#2607 = B_SPLINE_CURVE_WITH_KNOTS('',7,(#2608,#2609,#2610,#2611,#2612,
    #2613,#2614,#2615,#2616,#2617,#2618,#2619,#2620,#2621,#2622,#2623,
    #2624,#2625,#2626,#2627),.UNSPECIFIED.,.F.,.F.,(8,6,6,8),(0.,
    0.123179009745,0.341970095401,1.),.UNSPECIFIED.);
#2608 = CARTESIAN_POINT('',(-0.495040332249,-0.32313478746));
#2609 = CARTESIAN_POINT('',(-0.477571715967,-0.322507868734));
#2610 = CARTESIAN_POINT('',(-0.460104137002,-0.321833019308));
#2611 = CARTESIAN_POINT('',(-0.442637384314,-0.321116297557));
#2612 = CARTESIAN_POINT('',(-0.425171923727,-0.320353887842));
#2613 = CARTESIAN_POINT('',(-0.407706883056,-0.319562195168));
#2614 = CARTESIAN_POINT('',(-0.390242944378,-0.318732857491));
#2615 = CARTESIAN_POINT('',(-0.341762240191,-0.316332046713));
#2616 = CARTESIAN_POINT('',(-0.310747701097,-0.314683817416));
#2617 = CARTESIAN_POINT('',(-0.279737025289,-0.312923300049));
#2618 = CARTESIAN_POINT('',(-0.248730598471,-0.311050559223));
#2619 = CARTESIAN_POINT('',(-0.217729060583,-0.309069435956));
#2620 = CARTESIAN_POINT('',(-0.186733256684,-0.306985827005));
#2621 = CARTESIAN_POINT('',(-6.254008787168E-02,-0.298228451045));
#2622 = CARTESIAN_POINT('',(3.06067126384E-02,-0.290741944203));
#2623 = CARTESIAN_POINT('',(0.123683973986,-0.282397121289));
#2624 = CARTESIAN_POINT('',(0.216678769789,-0.273261227762));
#2625 = CARTESIAN_POINT('',(0.309578529897,-0.263366150311));
#2626 = CARTESIAN_POINT('',(0.402370550034,-0.252752700505));
#2627 = CARTESIAN_POINT('',(0.495040332249,-0.241446067128));
#2628 = ( GEOMETRIC_REPRESENTATION_CONTEXT(2) 
PARAMETRIC_REPRESENTATION_CONTEXT() REPRESENTATION_CONTEXT('2D SPACE',''
  ) );
#2629 = ORIENTED_EDGE('',*,*,#2630,.T.);
#2630 = EDGE_CURVE('',#2581,#2631,#2633,.T.);
#2631 = VERTEX_POINT('',#2632);
#2632 = CARTESIAN_POINT('',(4.627090119358,4.09473018594,-0.102366709235
    ));
#2633 = SURFACE_CURVE('',#2634,(#2638),.PCURVE_S1.);
#2634 = LINE('',#2635,#2636);
#2635 = CARTESIAN_POINT('',(4.627090119358,4.09473018594,0.));
#2636 = VECTOR('',#2637,1.);
#2637 = DIRECTION('',(0.,0.,-1.));
#2638 = PCURVE('',#2568,#2639);
#2639 = DEFINITIONAL_REPRESENTATION('',(#2640),#2644);
#2640 = LINE('',#2641,#2642);
#2641 = CARTESIAN_POINT('',(0.495040332249,0.));
#2642 = VECTOR('',#2643,1.);
#2643 = DIRECTION('',(0.,1.));
#2644 = ( GEOMETRIC_REPRESENTATION_CONTEXT(2) 
PARAMETRIC_REPRESENTATION_CONTEXT() REPRESENTATION_CONTEXT('2D SPACE',''
  ) );
#2645 = ORIENTED_EDGE('',*,*,#2646,.F.);
#2646 = EDGE_CURVE('',#2560,#2631,#2647,.T.);
#2647 = SURFACE_CURVE('',#2648,(#2675),.PCURVE_S1.);
#2648 = B_SPLINE_CURVE_WITH_KNOTS('',7,(#2649,#2650,#2651,#2652,#2653,
    #2654,#2655,#2656,#2657,#2658,#2659,#2660,#2661,#2662,#2663,#2664,
    #2665,#2666,#2667,#2668,#2669,#2670,#2671,#2672,#2673,#2674),
  .UNSPECIFIED.,.F.,.F.,(8,6,6,6,8),(0.,0.141013573843,0.370348426404,
    0.73804132464,1.),.UNSPECIFIED.);
#2649 = CARTESIAN_POINT('',(3.655604249236,4.285714285714,
    -0.157419344007));
#2650 = CARTESIAN_POINT('',(3.675178388731,4.281866211825,
    -0.156641714973));
#2651 = CARTESIAN_POINT('',(3.6947541952,4.278017810227,-0.155849620653)
  );
#2652 = CARTESIAN_POINT('',(3.714331267764,4.274169159726,
    -0.155038967146));
#2653 = CARTESIAN_POINT('',(3.733909301451,4.270320320279,
    -0.154209982716));
#2654 = CARTESIAN_POINT('',(3.753487405227,4.266471467054,
    -0.153346605157));
#2655 = CARTESIAN_POINT('',(3.773066085656,4.262622500464,
    -0.152465223832));
#2656 = CARTESIAN_POINT('',(3.824486686494,4.252513740818,
    -0.150092623276));
#2657 = CARTESIAN_POINT('',(3.856329074053,4.246253855924,
    -0.148567037099));
#2658 = CARTESIAN_POINT('',(3.888171425731,4.239993978084,-0.14699355088
    ));
#2659 = CARTESIAN_POINT('',(3.920013404968,4.233734173463,
    -0.145375609025));
#2660 = CARTESIAN_POINT('',(3.951854851126,4.227474473639,
    -0.143714252389));
#2661 = CARTESIAN_POINT('',(3.983695602085,4.221214910484,-0.14201074542
    ));
#2662 = CARTESIAN_POINT('',(4.066583977188,4.204919911053,
    -0.137476986315));
#2663 = CARTESIAN_POINT('',(4.117629938583,4.194884801656,
    -0.134586176678));
#2664 = CARTESIAN_POINT('',(4.168672055731,4.184850447999,
    -0.131609141854));
#2665 = CARTESIAN_POINT('',(4.219709252482,4.174817061641,
    -0.128555596986));
#2666 = CARTESIAN_POINT('',(4.270740451097,4.164784854454,
    -0.125433546315));
#2667 = CARTESIAN_POINT('',(4.321764501513,4.15475405253,-0.122250224599
    ));
#2668 = CARTESIAN_POINT('',(4.409125608299,4.137579760192,
    -0.116706741686));
#2669 = CARTESIAN_POINT('',(4.445466798816,4.130435457049,
    -0.114372938834));
#2670 = CARTESIAN_POINT('',(4.481803228435,4.123292089849,-0.11201400502
    ));
#2671 = CARTESIAN_POINT('',(4.518134382169,4.116149759834,
    -0.109632093805));
#2672 = CARTESIAN_POINT('',(4.554459683777,4.109008580286,
    -0.107229137276));
#2673 = CARTESIAN_POINT('',(4.590778495759,4.101868676532,
    -0.104806846042));
#2674 = CARTESIAN_POINT('',(4.627090119358,4.09473018594,-0.102366709235
    ));
#2675 = PCURVE('',#2568,#2676);
#2676 = DEFINITIONAL_REPRESENTATION('',(#2677),#2704);
#2677 = B_SPLINE_CURVE_WITH_KNOTS('',7,(#2678,#2679,#2680,#2681,#2682,
    #2683,#2684,#2685,#2686,#2687,#2688,#2689,#2690,#2691,#2692,#2693,
    #2694,#2695,#2696,#2697,#2698,#2699,#2700,#2701,#2702,#2703),
  .UNSPECIFIED.,.F.,.F.,(8,6,6,6,8),(0.,0.141013573843,0.370348426404,
    0.73804132464,1.),.UNSPECIFIED.);
#2678 = CARTESIAN_POINT('',(-0.495040332249,0.157419344007));
#2679 = CARTESIAN_POINT('',(-0.475091532545,0.156641714973));
#2680 = CARTESIAN_POINT('',(-0.455141033961,0.155849620653));
#2681 = CARTESIAN_POINT('',(-0.435189245047,0.155038967146));
#2682 = CARTESIAN_POINT('',(-0.415236476614,0.154209982716));
#2683 = CARTESIAN_POINT('',(-0.39528363675,0.153346605157));
#2684 = CARTESIAN_POINT('',(-0.375330209197,0.152465223832));
#2685 = CARTESIAN_POINT('',(-0.322925388692,0.150092623276));
#2686 = CARTESIAN_POINT('',(-0.29047351965,0.148567037099));
#2687 = CARTESIAN_POINT('',(-0.258021687175,0.14699355088));
#2688 = CARTESIAN_POINT('',(-0.22557023427,0.145375609025));
#2689 = CARTESIAN_POINT('',(-0.193119324648,0.143714252389));
#2690 = CARTESIAN_POINT('',(-0.160669123531,0.14201074542));
#2691 = CARTESIAN_POINT('',(-7.6194217591E-02,0.137476986315));
#2692 = CARTESIAN_POINT('',(-2.417120734233E-02,0.134586176678));
#2693 = CARTESIAN_POINT('',(2.784788507842E-02,0.131609141854));
#2694 = CARTESIAN_POINT('',(7.986196292374E-02,0.128555596986));
#2695 = CARTESIAN_POINT('',(0.131869927825,0.125433546315));
#2696 = CARTESIAN_POINT('',(0.183870607705,0.122250224599));
#2697 = CARTESIAN_POINT('',(0.272903855968,0.116706741686));
#2698 = CARTESIAN_POINT('',(0.309940637626,0.114372938834));
#2699 = CARTESIAN_POINT('',(0.346972567259,0.11201400502));
#2700 = CARTESIAN_POINT('',(0.383999120025,0.109632093805));
#2701 = CARTESIAN_POINT('',(0.421019708652,0.107229137276));
#2702 = CARTESIAN_POINT('',(0.458033683437,0.104806846042));
#2703 = CARTESIAN_POINT('',(0.495040332249,0.102366709235));
#2704 = ( GEOMETRIC_REPRESENTATION_CONTEXT(2) 
PARAMETRIC_REPRESENTATION_CONTEXT() REPRESENTATION_CONTEXT('2D SPACE',''
  ) );
#2705 = ( GEOMETRIC_REPRESENTATION_CONTEXT(3) 
GLOBAL_UNCERTAINTY_ASSIGNED_CONTEXT((#2709)) 
GLOBAL_UNIT_ASSIGNED_CONTEXT((#2706,#2707,#2708)) REPRESENTATION_CONTEXT
('Context #1','3D Context with UNIT and UNCERTAINTY') );
#2706 = ( LENGTH_UNIT() NAMED_UNIT(*) SI_UNIT(.MILLI.,.METRE.) );
#2707 = ( NAMED_UNIT(*) PLANE_ANGLE_UNIT() SI_UNIT($,.RADIAN.) );
#2708 = ( NAMED_UNIT(*) SI_UNIT($,.STERADIAN.) SOLID_ANGLE_UNIT() );
#2709 = UNCERTAINTY_MEASURE_WITH_UNIT(LENGTH_MEASURE(5.E-06),#2706,
  'distance_accuracy_value','confusion accuracy');
#2710 = CONTEXT_DEPENDENT_SHAPE_REPRESENTATION(#2711,#2713);
#2711 = ( REPRESENTATION_RELATIONSHIP('','',#2550,#10) 
REPRESENTATION_RELATIONSHIP_WITH_TRANSFORMATION(#2712) 
SHAPE_REPRESENTATION_RELATIONSHIP() );
#2712 = ITEM_DEFINED_TRANSFORMATION('','',#11,#71);
#2713 = PRODUCT_DEFINITION_SHAPE('Placement','Placement of an item',
  #2714);
#2714 = NEXT_ASSEMBLY_USAGE_OCCURRENCE('15','','',#5,#2545,$);
#2715 = PRODUCT_RELATED_PRODUCT_CATEGORY('part',$,(#2547));
#2716 = SHAPE_DEFINITION_REPRESENTATION(#2717,#2723);
#2717 = PRODUCT_DEFINITION_SHAPE('','',#2718);
#2718 = PRODUCT_DEFINITION('design','',#2719,#2722);
#2719 = PRODUCT_DEFINITION_FORMATION('','',#2720);
#2720 = PRODUCT('Open CASCADE STEP translator 7.8 2.16',
  'Open CASCADE STEP translator 7.8 2.16','',(#2721));
#2721 = PRODUCT_CONTEXT('',#2,'mechanical');
#2722 = PRODUCT_DEFINITION_CONTEXT('part definition',#2,'design');
#2723 = MANIFOLD_SURFACE_SHAPE_REPRESENTATION('',(#11,#2724),#2814);
#2724 = SHELL_BASED_SURFACE_MODEL('',(#2725));
#2725 = OPEN_SHELL('',(#2726));
#2726 = ADVANCED_FACE('',(#2727),#2741,.T.);
#2727 = FACE_BOUND('',#2728,.T.);
#2728 = EDGE_LOOP('',(#2729,#2752,#2776,#2792));
#2729 = ORIENTED_EDGE('',*,*,#2730,.F.);
#2730 = EDGE_CURVE('',#2731,#2733,#2735,.T.);
#2731 = VERTEX_POINT('',#2732);
#2732 = CARTESIAN_POINT('',(3.655604249236,4.285714285714,0.32313478746)
  );
#2733 = VERTEX_POINT('',#2734);
#2734 = CARTESIAN_POINT('',(3.655604249236,4.285714285714,
    -0.157419344007));
#2735 = SURFACE_CURVE('',#2736,(#2740),.PCURVE_S1.);
#2736 = LINE('',#2737,#2738);
#2737 = CARTESIAN_POINT('',(3.655604249236,4.285714285714,0.));
#2738 = VECTOR('',#2739,1.);
#2739 = DIRECTION('',(0.,0.,-1.));
#2740 = PCURVE('',#2741,#2746);
#2741 = PLANE('',#2742);
#2742 = AXIS2_PLACEMENT_3D('',#2743,#2744,#2745);
#2743 = CARTESIAN_POINT('',(4.040532237183,5.282142857143,0.));
#2744 = DIRECTION('',(-0.932815687716,0.360353843812,0.));
#2745 = DIRECTION('',(0.360353843812,0.932815687716,0.));
#2746 = DEFINITIONAL_REPRESENTATION('',(#2747),#2751);
#2747 = LINE('',#2748,#2749);
#2748 = CARTESIAN_POINT('',(-1.068194483165,0.));
#2749 = VECTOR('',#2750,1.);
#2750 = DIRECTION('',(0.,1.));
#2751 = ( GEOMETRIC_REPRESENTATION_CONTEXT(2) 
PARAMETRIC_REPRESENTATION_CONTEXT() REPRESENTATION_CONTEXT('2D SPACE',''
  ) );
#2752 = ORIENTED_EDGE('',*,*,#2753,.T.);
#2753 = EDGE_CURVE('',#2731,#2754,#2756,.T.);
#2754 = VERTEX_POINT('',#2755);
#2755 = CARTESIAN_POINT('',(4.42546022513,6.278571428571,0.29204699239)
  );
#2756 = SURFACE_CURVE('',#2757,(#2765),.PCURVE_S1.);
#2757 = B_SPLINE_CURVE_WITH_KNOTS('',6,(#2758,#2759,#2760,#2761,#2762,
    #2763,#2764),.UNSPECIFIED.,.F.,.F.,(7,7),(0.,1.),
  .PIECEWISE_BEZIER_KNOTS.);
#2758 = CARTESIAN_POINT('',(3.655604249236,4.285714285714,0.32313478746)
  );
#2759 = CARTESIAN_POINT('',(3.662170125777,4.302710781648,0.322869648745
    ));
#2760 = CARTESIAN_POINT('',(3.793716389899,4.643232801716,0.317557637889
    ));
#2761 = CARTESIAN_POINT('',(3.966954797678,5.091679536128,0.310562043534
    ));
#2762 = CARTESIAN_POINT('',(4.136060274671,5.529427723159,0.30373334235)
  );
#2763 = CARTESIAN_POINT('',(4.285923524106,5.917365280884,0.297681667579
    ));
#2764 = CARTESIAN_POINT('',(4.42546022513,6.278571428571,0.29204699239)
  );
#2765 = PCURVE('',#2741,#2766);
#2766 = DEFINITIONAL_REPRESENTATION('',(#2767),#2775);
#2767 = B_SPLINE_CURVE_WITH_KNOTS('',6,(#2768,#2769,#2770,#2771,#2772,
    #2773,#2774),.UNSPECIFIED.,.F.,.F.,(7,7),(0.,1.),
  .PIECEWISE_BEZIER_KNOTS.);
#2768 = CARTESIAN_POINT('',(-1.068194483165,-0.32313478746));
#2769 = CARTESIAN_POINT('',(-1.049973846272,-0.322869648745));
#2770 = CARTESIAN_POINT('',(-0.684926362024,-0.317557637889));
#2771 = CARTESIAN_POINT('',(-0.20418108692,-0.310562043534));
#2772 = CARTESIAN_POINT('',(0.265095097855,-0.30373334235));
#2773 = CARTESIAN_POINT('',(0.680973135535,-0.297681667579));
#2774 = CARTESIAN_POINT('',(1.068194483165,-0.29204699239));
#2775 = ( GEOMETRIC_REPRESENTATION_CONTEXT(2) 
PARAMETRIC_REPRESENTATION_CONTEXT() REPRESENTATION_CONTEXT('2D SPACE',''
  ) );
#2776 = ORIENTED_EDGE('',*,*,#2777,.T.);
#2777 = EDGE_CURVE('',#2754,#2778,#2780,.T.);
#2778 = VERTEX_POINT('',#2779);
#2779 = CARTESIAN_POINT('',(4.42546022513,6.278571428571,-0.142274517463
    ));
#2780 = SURFACE_CURVE('',#2781,(#2785),.PCURVE_S1.);
#2781 = LINE('',#2782,#2783);
#2782 = CARTESIAN_POINT('',(4.42546022513,6.278571428571,0.));
#2783 = VECTOR('',#2784,1.);
#2784 = DIRECTION('',(0.,0.,-1.));
#2785 = PCURVE('',#2741,#2786);
#2786 = DEFINITIONAL_REPRESENTATION('',(#2787),#2791);
#2787 = LINE('',#2788,#2789);
#2788 = CARTESIAN_POINT('',(1.068194483165,0.));
#2789 = VECTOR('',#2790,1.);
#2790 = DIRECTION('',(0.,1.));
#2791 = ( GEOMETRIC_REPRESENTATION_CONTEXT(2) 
PARAMETRIC_REPRESENTATION_CONTEXT() REPRESENTATION_CONTEXT('2D SPACE',''
  ) );
#2792 = ORIENTED_EDGE('',*,*,#2793,.F.);
#2793 = EDGE_CURVE('',#2733,#2778,#2794,.T.);
#2794 = SURFACE_CURVE('',#2795,(#2803),.PCURVE_S1.);
#2795 = B_SPLINE_CURVE_WITH_KNOTS('',6,(#2796,#2797,#2798,#2799,#2800,
    #2801,#2802),.UNSPECIFIED.,.F.,.F.,(7,7),(0.,1.),
  .PIECEWISE_BEZIER_KNOTS.);
#2796 = CARTESIAN_POINT('',(3.655604249236,4.285714285714,
    -0.157419344007));
#2797 = CARTESIAN_POINT('',(3.665602104881,4.311594838259,
    -0.157222663336));
#2798 = CARTESIAN_POINT('',(3.795783863074,4.648584684162,
    -0.154661690623));
#2799 = CARTESIAN_POINT('',(3.974645204252,5.111587002139,
    -0.151143079256));
#2800 = CARTESIAN_POINT('',(4.1548156482,5.577978077089,-0.147598714846)
  );
#2801 = CARTESIAN_POINT('',(4.308920232009,5.976894796848,
    -0.144567125478));
#2802 = CARTESIAN_POINT('',(4.42546022513,6.278571428571,-0.142274517463
    ));
#2803 = PCURVE('',#2741,#2804);
#2804 = DEFINITIONAL_REPRESENTATION('',(#2805),#2813);
#2805 = B_SPLINE_CURVE_WITH_KNOTS('',6,(#2806,#2807,#2808,#2809,#2810,
    #2811,#2812),.UNSPECIFIED.,.F.,.F.,(7,7),(0.,1.),
  .PIECEWISE_BEZIER_KNOTS.);
#2806 = CARTESIAN_POINT('',(-1.068194483165,0.157419344007));
#2807 = CARTESIAN_POINT('',(-1.040449932033,0.157222663336));
#2808 = CARTESIAN_POINT('',(-0.679189020214,0.154661690623));
#2809 = CARTESIAN_POINT('',(-0.182839822754,0.151143079256));
#2810 = CARTESIAN_POINT('',(0.317142200588,0.147598714846));
#2811 = CARTESIAN_POINT('',(0.744790153997,0.144567125478));
#2812 = CARTESIAN_POINT('',(1.068194483165,0.142274517463));
#2813 = ( GEOMETRIC_REPRESENTATION_CONTEXT(2) 
PARAMETRIC_REPRESENTATION_CONTEXT() REPRESENTATION_CONTEXT('2D SPACE',''
  ) );
#2814 = ( GEOMETRIC_REPRESENTATION_CONTEXT(3) 
GLOBAL_UNCERTAINTY_ASSIGNED_CONTEXT((#2818)) 
GLOBAL_UNIT_ASSIGNED_CONTEXT((#2815,#2816,#2817)) REPRESENTATION_CONTEXT
('Context #1','3D Context with UNIT and UNCERTAINTY') );
#2815 = ( LENGTH_UNIT() NAMED_UNIT(*) SI_UNIT(.MILLI.,.METRE.) );
#2816 = ( NAMED_UNIT(*) PLANE_ANGLE_UNIT() SI_UNIT($,.RADIAN.) );
#2817 = ( NAMED_UNIT(*) SI_UNIT($,.STERADIAN.) SOLID_ANGLE_UNIT() );
#2818 = UNCERTAINTY_MEASURE_WITH_UNIT(LENGTH_MEASURE(5.E-06),#2815,
  'distance_accuracy_value','confusion accuracy');
#2819 = CONTEXT_DEPENDENT_SHAPE_REPRESENTATION(#2820,#2822);
#2820 = ( REPRESENTATION_RELATIONSHIP('','',#2723,#10) 
REPRESENTATION_RELATIONSHIP_WITH_TRANSFORMATION(#2821) 
SHAPE_REPRESENTATION_RELATIONSHIP() );
#2821 = ITEM_DEFINED_TRANSFORMATION('','',#11,#75);
#2822 = PRODUCT_DEFINITION_SHAPE('Placement','Placement of an item',
  #2823);
#2823 = NEXT_ASSEMBLY_USAGE_OCCURRENCE('16','','',#5,#2718,$);
#2824 = PRODUCT_RELATED_PRODUCT_CATEGORY('part',$,(#2720));
#2825 = SHAPE_DEFINITION_REPRESENTATION(#2826,#2832);
#2826 = PRODUCT_DEFINITION_SHAPE('','',#2827);
#2827 = PRODUCT_DEFINITION('design','',#2828,#2831);
#2828 = PRODUCT_DEFINITION_FORMATION('','',#2829);
#2829 = PRODUCT('Open CASCADE STEP translator 7.8 2.17',
  'Open CASCADE STEP translator 7.8 2.17','',(#2830));
#2830 = PRODUCT_CONTEXT('',#2,'mechanical');
#2831 = PRODUCT_DEFINITION_CONTEXT('part definition',#2,'design');
#2832 = MANIFOLD_SURFACE_SHAPE_REPRESENTATION('',(#11,#2833),#2993);
#2833 = SHELL_BASED_SURFACE_MODEL('',(#2834));
#2834 = OPEN_SHELL('',(#2835));
#2835 = ADVANCED_FACE('',(#2836),#2850,.T.);
#2836 = FACE_BOUND('',#2837,.T.);
#2837 = EDGE_LOOP('',(#2838,#2861,#2923,#2939));
#2838 = ORIENTED_EDGE('',*,*,#2839,.F.);
#2839 = EDGE_CURVE('',#2840,#2842,#2844,.T.);
#2840 = VERTEX_POINT('',#2841);
#2841 = CARTESIAN_POINT('',(4.42546022513,6.278571428571,0.29204699239)
  );
#2842 = VERTEX_POINT('',#2843);
#2843 = CARTESIAN_POINT('',(4.42546022513,6.278571428571,-0.142274517463
    ));
#2844 = SURFACE_CURVE('',#2845,(#2849),.PCURVE_S1.);
#2845 = LINE('',#2846,#2847);
#2846 = CARTESIAN_POINT('',(4.42546022513,6.278571428571,0.));
#2847 = VECTOR('',#2848,1.);
#2848 = DIRECTION('',(-0.,0.,-1.));
#2849 = PCURVE('',#2850,#2855);
#2850 = PLANE('',#2851);
#2851 = AXIS2_PLACEMENT_3D('',#2852,#2853,#2854);
#2852 = CARTESIAN_POINT('',(4.219815322898,6.879962000123,0.));
#2853 = DIRECTION('',(-0.946209259935,-0.323555306577,0.));
#2854 = DIRECTION('',(-0.323555306577,0.946209259935,0.));
#2855 = DEFINITIONAL_REPRESENTATION('',(#2856),#2860);
#2856 = LINE('',#2857,#2858);
#2857 = CARTESIAN_POINT('',(-0.635578827027,0.));
#2858 = VECTOR('',#2859,1.);
#2859 = DIRECTION('',(0.,1.));
#2860 = ( GEOMETRIC_REPRESENTATION_CONTEXT(2) 
PARAMETRIC_REPRESENTATION_CONTEXT() REPRESENTATION_CONTEXT('2D SPACE',''
  ) );
#2861 = ORIENTED_EDGE('',*,*,#2862,.F.);
#2862 = EDGE_CURVE('',#2863,#2840,#2865,.T.);
#2863 = VERTEX_POINT('',#2864);
#2864 = CARTESIAN_POINT('',(4.014170420666,7.481352571674,0.231502418935
    ));
#2865 = SURFACE_CURVE('',#2866,(#2893),.PCURVE_S1.);
#2866 = B_SPLINE_CURVE_WITH_KNOTS('',7,(#2867,#2868,#2869,#2870,#2871,
    #2872,#2873,#2874,#2875,#2876,#2877,#2878,#2879,#2880,#2881,#2882,
    #2883,#2884,#2885,#2886,#2887,#2888,#2889,#2890,#2891,#2892),
  .UNSPECIFIED.,.F.,.F.,(8,6,6,6,8),(0.,0.446380032474,0.711157499041,
    0.855819202672,1.),.UNSPECIFIED.);
#2867 = CARTESIAN_POINT('',(4.014170420666,7.481352571674,0.231502418935
    ));
#2868 = CARTESIAN_POINT('',(4.040063356209,7.405630941153,0.241900935747
    ));
#2869 = CARTESIAN_POINT('',(4.066066813355,7.329586099849,0.250873288492
    ));
#2870 = CARTESIAN_POINT('',(4.092149558908,7.253309386516,0.258637406205
    ));
#2871 = CARTESIAN_POINT('',(4.118291139784,7.176860614415,0.265328697443
    ));
#2872 = CARTESIAN_POINT('',(4.144477583873,7.100280643764,0.271047990783
    ));
#2873 = CARTESIAN_POINT('',(4.170699531686,7.023596845571,0.275882483567
    ));
#2874 = CARTESIAN_POINT('',(4.212525344714,6.901280905182,0.282282574563
    ));
#2875 = CARTESIAN_POINT('',(4.228108131015,6.855710406433,0.284377471747
    ));
#2876 = CARTESIAN_POINT('',(4.243699619148,6.810114459937,0.286199900483
    ));
#2877 = CARTESIAN_POINT('',(4.259298657836,6.764496432499,0.287760969448
    ));
#2878 = CARTESIAN_POINT('',(4.274904137634,6.718859568598,0.289072076578
    ));
#2879 = CARTESIAN_POINT('',(4.290514994475,6.673206980006,0.290144975315
    ));
#2880 = CARTESIAN_POINT('',(4.31466215919,6.602590703929,0.291447376676)
  );
#2881 = CARTESIAN_POINT('',(4.323195164523,6.577636674442,0.291838798227
    ));
#2882 = CARTESIAN_POINT('',(4.33172943981,6.552678931085,0.292163030913)
  );
#2883 = CARTESIAN_POINT('',(4.340264896731,6.527717732142,0.292421506923
    ));
#2884 = CARTESIAN_POINT('',(4.348801458043,6.502753303507,0.2926155783)
  );
#2885 = CARTESIAN_POINT('',(4.357339018568,6.477785952757,0.292746554358
    ));
#2886 = CARTESIAN_POINT('',(4.374387409214,6.427929421993,0.292884693867
    ));
#2887 = CARTESIAN_POINT('',(4.382898255028,6.403040196086,0.29289267892)
  );
#2888 = CARTESIAN_POINT('',(4.391409729225,6.378149132526,0.292837915622
    ));
#2889 = CARTESIAN_POINT('',(4.3999218801,6.35325609008,0.292730098455));
#2890 = CARTESIAN_POINT('',(4.408434275788,6.3283623317,0.292555191522)
  );
#2891 = CARTESIAN_POINT('',(4.416947086889,6.303467358482,0.292326627975
    ));
#2892 = CARTESIAN_POINT('',(4.42546022513,6.278571428571,0.29204699239)
  );
#2893 = PCURVE('',#2850,#2894);
#2894 = DEFINITIONAL_REPRESENTATION('',(#2895),#2922);
#2895 = B_SPLINE_CURVE_WITH_KNOTS('',7,(#2896,#2897,#2898,#2899,#2900,
    #2901,#2902,#2903,#2904,#2905,#2906,#2907,#2908,#2909,#2910,#2911,
    #2912,#2913,#2914,#2915,#2916,#2917,#2918,#2919,#2920,#2921),
  .UNSPECIFIED.,.F.,.F.,(8,6,6,6,8),(0.,0.446380032474,0.711157499041,
    0.855819202672,1.),.UNSPECIFIED.);
#2896 = CARTESIAN_POINT('',(0.635578827027,-0.231502418935));
#2897 = CARTESIAN_POINT('',(0.555552522353,-0.241900935747));
#2898 = CARTESIAN_POINT('',(0.475184632791,-0.250873288492));
#2899 = CARTESIAN_POINT('',(0.394571689585,-0.258637406205));
#2900 = CARTESIAN_POINT('',(0.313776906297,-0.265328697443));
#2901 = CARTESIAN_POINT('',(0.232843465996,-0.271047990783));
#2902 = CARTESIAN_POINT('',(0.151800295696,-0.275882483567));
#2903 = CARTESIAN_POINT('',(2.253085650457E-02,-0.282282574563));
#2904 = CARTESIAN_POINT('',(-2.563026459034E-02,-0.284377471747));
#2905 = CARTESIAN_POINT('',(-7.381828010323E-02,-0.286199900483));
#2906 = CARTESIAN_POINT('',(-0.12202963183,-0.287760969448));
#2907 = CARTESIAN_POINT('',(-0.170260890847,-0.289072076578));
#2908 = CARTESIAN_POINT('',(-0.218508768484,-0.290144975315));
#2909 = CARTESIAN_POINT('',(-0.293139486093,-0.291447376676));
#2910 = CARTESIAN_POINT('',(-0.319512119022,-0.291838798227));
#2911 = CARTESIAN_POINT('',(-0.345888676951,-0.292163030913));
#2912 = CARTESIAN_POINT('',(-0.372268886911,-0.292421506923));
#2913 = CARTESIAN_POINT('',(-0.398652510167,-0.2926155783));
#2914 = CARTESIAN_POINT('',(-0.425039221655,-0.292746554358));
#2915 = CARTESIAN_POINT('',(-0.477730029994,-0.292884693867));
#2916 = CARTESIAN_POINT('',(-0.504034175347,-0.29289267892));
#2917 = CARTESIAN_POINT('',(-0.53034026282,-0.292837915622));
#2918 = CARTESIAN_POINT('',(-0.556648441677,-0.292730098455));
#2919 = CARTESIAN_POINT('',(-0.582957377167,-0.292555191522));
#2920 = CARTESIAN_POINT('',(-0.609267596558,-0.292326627975));
#2921 = CARTESIAN_POINT('',(-0.635578827027,-0.29204699239));
#2922 = ( GEOMETRIC_REPRESENTATION_CONTEXT(2) 
PARAMETRIC_REPRESENTATION_CONTEXT() REPRESENTATION_CONTEXT('2D SPACE',''
  ) );
#2923 = ORIENTED_EDGE('',*,*,#2924,.T.);
#2924 = EDGE_CURVE('',#2863,#2925,#2927,.T.);
#2925 = VERTEX_POINT('',#2926);
#2926 = CARTESIAN_POINT('',(4.014170420666,7.481352571674,-0.14372602398
    ));
#2927 = SURFACE_CURVE('',#2928,(#2932),.PCURVE_S1.);
#2928 = LINE('',#2929,#2930);
#2929 = CARTESIAN_POINT('',(4.014170420666,7.481352571674,0.));
#2930 = VECTOR('',#2931,1.);
#2931 = DIRECTION('',(-0.,0.,-1.));
#2932 = PCURVE('',#2850,#2933);
#2933 = DEFINITIONAL_REPRESENTATION('',(#2934),#2938);
#2934 = LINE('',#2935,#2936);
#2935 = CARTESIAN_POINT('',(0.635578827027,0.));
#2936 = VECTOR('',#2937,1.);
#2937 = DIRECTION('',(0.,1.));
#2938 = ( GEOMETRIC_REPRESENTATION_CONTEXT(2) 
PARAMETRIC_REPRESENTATION_CONTEXT() REPRESENTATION_CONTEXT('2D SPACE',''
  ) );
#2939 = ORIENTED_EDGE('',*,*,#2940,.T.);
#2940 = EDGE_CURVE('',#2925,#2842,#2941,.T.);
#2941 = SURFACE_CURVE('',#2942,(#2966),.PCURVE_S1.);
#2942 = B_SPLINE_CURVE_WITH_KNOTS('',8,(#2943,#2944,#2945,#2946,#2947,
    #2948,#2949,#2950,#2951,#2952,#2953,#2954,#2955,#2956,#2957,#2958,
    #2959,#2960,#2961,#2962,#2963,#2964,#2965),.UNSPECIFIED.,.F.,.F.,(9,
    7,7,9),(0.,0.500524492493,0.810894961042,1.),.UNSPECIFIED.);
#2943 = CARTESIAN_POINT('',(4.014170420666,7.481352571674,-0.14372602398
    ));
#2944 = CARTESIAN_POINT('',(4.03970666546,7.406674052123,-0.146832530547
    ));
#2945 = CARTESIAN_POINT('',(4.065306764349,7.331808796841,
    -0.149028052604));
#2946 = CARTESIAN_POINT('',(4.090952039382,7.256811427871,
    -0.150526183672));
#2947 = CARTESIAN_POINT('',(4.116630511378,7.181716977278,
    -0.151460515389));
#2948 = CARTESIAN_POINT('',(4.142333837606,7.106549842655,
    -0.151930884183));
#2949 = CARTESIAN_POINT('',(4.168056531976,7.031326067588,
    -0.152018240954));
#2950 = CARTESIAN_POINT('',(4.193795989526,6.956053270064,
    -0.151786350728));
#2951 = CARTESIAN_POINT('',(4.235522792521,6.834026875878,
    -0.150979834867));
#2952 = CARTESIAN_POINT('',(4.251499217896,6.787305214008,
    -0.150568947449));
#2953 = CARTESIAN_POINT('',(4.2674805605,6.740569172129,-0.150068726911)
  );
#2954 = CARTESIAN_POINT('',(4.283466077894,6.693820921442,
    -0.149489566301));
#2955 = CARTESIAN_POINT('',(4.29945561073,6.647060927946,-0.14884212215)
  );
#2956 = CARTESIAN_POINT('',(4.31544896764,6.600289751277,-0.148135737737
    ));
#2957 = CARTESIAN_POINT('',(4.331445412585,6.553509543921,
    -0.147377028266));
#2958 = CARTESIAN_POINT('',(4.357192948443,6.478213122092,-0.14608327116
    ));
#2959 = CARTESIAN_POINT('',(4.366942218978,6.449702231155,
    -0.145577173339));
#2960 = CARTESIAN_POINT('',(4.376692385449,6.421188720132,
    -0.145052356577));
#2961 = CARTESIAN_POINT('',(4.386443912901,6.392671229038,
    -0.144523995344));
#2962 = CARTESIAN_POINT('',(4.396196145491,6.364151675829,
    -0.143968376673));
#2963 = CARTESIAN_POINT('',(4.405949832627,6.335627868927,
    -0.143417741035));
#2964 = CARTESIAN_POINT('',(4.415704560507,6.307101018462,
    -0.142853704274));
#2965 = CARTESIAN_POINT('',(4.42546022513,6.278571428571,-0.142274517463
    ));
#2966 = PCURVE('',#2850,#2967);
#2967 = DEFINITIONAL_REPRESENTATION('',(#2968),#2992);
#2968 = B_SPLINE_CURVE_WITH_KNOTS('',8,(#2969,#2970,#2971,#2972,#2973,
    #2974,#2975,#2976,#2977,#2978,#2979,#2980,#2981,#2982,#2983,#2984,
    #2985,#2986,#2987,#2988,#2989,#2990,#2991),.UNSPECIFIED.,.F.,.F.,(9,
    7,7,9),(0.,0.500524492493,0.810894961042,1.),.UNSPECIFIED.);
#2969 = CARTESIAN_POINT('',(0.635578827027,0.14372602398));
#2970 = CARTESIAN_POINT('',(0.556654932796,0.146832530547));
#2971 = CARTESIAN_POINT('',(0.477533687157,0.149028052604));
#2972 = CARTESIAN_POINT('',(0.398272817341,0.150526183672));
#2973 = CARTESIAN_POINT('',(0.318909346941,0.151460515389));
#2974 = CARTESIAN_POINT('',(0.23946906052,0.151930884183));
#2975 = CARTESIAN_POINT('',(0.159968913722,0.152018240954));
#2976 = CARTESIAN_POINT('',(8.04169576046E-02,0.151786350728));
#2977 = CARTESIAN_POINT('',(-4.8546475066E-02,0.150979834867));
#2978 = CARTESIAN_POINT('',(-9.792420137711E-02,0.150568947449));
#2979 = CARTESIAN_POINT('',(-0.147317125181,0.150068726911));
#2980 = CARTESIAN_POINT('',(-0.196722951848,0.149489566301));
#2981 = CARTESIAN_POINT('',(-0.246141188888,0.14884212215));
#2982 = CARTESIAN_POINT('',(-0.295571244848,0.148135737737));
#2983 = CARTESIAN_POINT('',(-0.345010844878,0.147377028266));
#2984 = CARTESIAN_POINT('',(-0.424587768311,0.14608327116));
#2985 = CARTESIAN_POINT('',(-0.454719465541,0.145577173339));
#2986 = CARTESIAN_POINT('',(-0.484853931807,0.145052356577));
#2987 = CARTESIAN_POINT('',(-0.514992604404,0.144523995344));
#2988 = CARTESIAN_POINT('',(-0.545133456345,0.143968376673));
#2989 = CARTESIAN_POINT('',(-0.575278803795,0.143417741035));
#2990 = CARTESIAN_POINT('',(-0.605427367832,0.142853704274));
#2991 = CARTESIAN_POINT('',(-0.635578827027,0.142274517463));
#2992 = ( GEOMETRIC_REPRESENTATION_CONTEXT(2) 
PARAMETRIC_REPRESENTATION_CONTEXT() REPRESENTATION_CONTEXT('2D SPACE',''
  ) );
#2993 = ( GEOMETRIC_REPRESENTATION_CONTEXT(3) 
GLOBAL_UNCERTAINTY_ASSIGNED_CONTEXT((#2997)) 
GLOBAL_UNIT_ASSIGNED_CONTEXT((#2994,#2995,#2996)) REPRESENTATION_CONTEXT
('Context #1','3D Context with UNIT and UNCERTAINTY') );
#2994 = ( LENGTH_UNIT() NAMED_UNIT(*) SI_UNIT(.MILLI.,.METRE.) );
#2995 = ( NAMED_UNIT(*) PLANE_ANGLE_UNIT() SI_UNIT($,.RADIAN.) );
#2996 = ( NAMED_UNIT(*) SI_UNIT($,.STERADIAN.) SOLID_ANGLE_UNIT() );
#2997 = UNCERTAINTY_MEASURE_WITH_UNIT(LENGTH_MEASURE(5.E-06),#2994,
  'distance_accuracy_value','confusion accuracy');
#2998 = CONTEXT_DEPENDENT_SHAPE_REPRESENTATION(#2999,#3001);
#2999 = ( REPRESENTATION_RELATIONSHIP('','',#2832,#10) 
REPRESENTATION_RELATIONSHIP_WITH_TRANSFORMATION(#3000) 
SHAPE_REPRESENTATION_RELATIONSHIP() );
#3000 = ITEM_DEFINED_TRANSFORMATION('','',#11,#79);
#3001 = PRODUCT_DEFINITION_SHAPE('Placement','Placement of an item',
  #3002);
#3002 = NEXT_ASSEMBLY_USAGE_OCCURRENCE('17','','',#5,#2827,$);
#3003 = PRODUCT_RELATED_PRODUCT_CATEGORY('part',$,(#2829));
#3004 = SHAPE_DEFINITION_REPRESENTATION(#3005,#3011);
#3005 = PRODUCT_DEFINITION_SHAPE('','',#3006);
#3006 = PRODUCT_DEFINITION('design','',#3007,#3010);
#3007 = PRODUCT_DEFINITION_FORMATION('','',#3008);
#3008 = PRODUCT('Open CASCADE STEP translator 7.8 2.18',
  'Open CASCADE STEP translator 7.8 2.18','',(#3009));
#3009 = PRODUCT_CONTEXT('',#2,'mechanical');
#3010 = PRODUCT_DEFINITION_CONTEXT('part definition',#2,'design');
#3011 = MANIFOLD_SURFACE_SHAPE_REPRESENTATION('',(#11,#3012),#3166);
#3012 = SHELL_BASED_SURFACE_MODEL('',(#3013));
#3013 = OPEN_SHELL('',(#3014));
#3014 = ADVANCED_FACE('',(#3015),#3029,.T.);
#3015 = FACE_BOUND('',#3016,.T.);
#3016 = EDGE_LOOP('',(#3017,#3040,#3096,#3112));
#3017 = ORIENTED_EDGE('',*,*,#3018,.F.);
#3018 = EDGE_CURVE('',#3019,#3021,#3023,.T.);
#3019 = VERTEX_POINT('',#3020);
#3020 = CARTESIAN_POINT('',(4.42546022513,6.278571428571,0.29204699239)
  );
#3021 = VERTEX_POINT('',#3022);
#3022 = CARTESIAN_POINT('',(4.42546022513,6.278571428571,-0.142274517463
    ));
#3023 = SURFACE_CURVE('',#3024,(#3028),.PCURVE_S1.);
#3024 = LINE('',#3025,#3026);
#3025 = CARTESIAN_POINT('',(4.42546022513,6.278571428571,0.));
#3026 = VECTOR('',#3027,1.);
#3027 = DIRECTION('',(0.,0.,-1.));
#3028 = PCURVE('',#3029,#3034);
#3029 = PLANE('',#3030);
#3030 = AXIS2_PLACEMENT_3D('',#3031,#3032,#3033);
#3031 = CARTESIAN_POINT('',(5.000078964715,6.595491138461,0.));
#3032 = DIRECTION('',(-0.482947288124,0.875649425794,0.));
#3033 = DIRECTION('',(0.875649425794,0.482947288124,0.));
#3034 = DEFINITIONAL_REPRESENTATION('',(#3035),#3039);
#3035 = LINE('',#3036,#3037);
#3036 = CARTESIAN_POINT('',(-0.656220083813,0.));
#3037 = VECTOR('',#3038,1.);
#3038 = DIRECTION('',(0.,1.));
#3039 = ( GEOMETRIC_REPRESENTATION_CONTEXT(2) 
PARAMETRIC_REPRESENTATION_CONTEXT() REPRESENTATION_CONTEXT('2D SPACE',''
  ) );
#3040 = ORIENTED_EDGE('',*,*,#3041,.T.);
#3041 = EDGE_CURVE('',#3019,#3042,#3044,.T.);
#3042 = VERTEX_POINT('',#3043);
#3043 = CARTESIAN_POINT('',(5.5746977043,6.912410848351,0.208903160253)
  );
#3044 = SURFACE_CURVE('',#3045,(#3069),.PCURVE_S1.);
#3045 = B_SPLINE_CURVE_WITH_KNOTS('',8,(#3046,#3047,#3048,#3049,#3050,
    #3051,#3052,#3053,#3054,#3055,#3056,#3057,#3058,#3059,#3060,#3061,
    #3062,#3063,#3064,#3065,#3066,#3067,#3068),.UNSPECIFIED.,.F.,.F.,(9,
    7,7,9),(0.,0.160007895384,0.709903139436,1.),.UNSPECIFIED.);
#3046 = CARTESIAN_POINT('',(4.42546022513,6.278571428571,0.29204699239)
  );
#3047 = CARTESIAN_POINT('',(4.448492538434,6.291274449805,0.291181033648
    ));
#3048 = CARTESIAN_POINT('',(4.471523277286,6.303976602681,0.290264726792
    ));
#3049 = CARTESIAN_POINT('',(4.494552661474,6.316678008418,0.289306050878
    ));
#3050 = CARTESIAN_POINT('',(4.517580184044,6.329378387417,0.288294557424
    ));
#3051 = CARTESIAN_POINT('',(4.540607024337,6.342078390119,0.287261163303
    ));
#3052 = CARTESIAN_POINT('',(4.563632065593,6.354777400597,0.286181848725
    ));
#3053 = CARTESIAN_POINT('',(4.586655735593,6.367475654786,0.285066782848
    ));
#3054 = CARTESIAN_POINT('',(4.688797436723,6.42380990924,0.279950186479)
  );
#3055 = CARTESIAN_POINT('',(4.7678983165,6.467436450012,0.275541264696)
  );
#3056 = CARTESIAN_POINT('',(4.846979198211,6.511051961243,0.270661415842
    ));
#3057 = CARTESIAN_POINT('',(4.926033486087,6.554652805165,0.2654191931)
  );
#3058 = CARTESIAN_POINT('',(5.005060967265,6.598238864377,0.259732137442
    ));
#3059 = CARTESIAN_POINT('',(5.084056752493,6.64180744231,0.253676706661)
  );
#3060 = CARTESIAN_POINT('',(5.16301809255,6.685357022683,0.247237731309)
  );
#3061 = CARTESIAN_POINT('',(5.283577297146,6.751849090402,0.236840529938
    ));
#3062 = CARTESIAN_POINT('',(5.325202569615,6.774806694055,0.233147255598
    ));
#3063 = CARTESIAN_POINT('',(5.366816671388,6.797758136729,0.229352843575
    ));
#3064 = CARTESIAN_POINT('',(5.408419029409,6.820703102367,0.225458554331
    ));
#3065 = CARTESIAN_POINT('',(5.45000901752,6.843641245624,0.22146551478)
  );
#3066 = CARTESIAN_POINT('',(5.491585956463,6.866572191867,0.217374718291
    ));
#3067 = CARTESIAN_POINT('',(5.533149113877,6.889495537179,0.213187024689
    ));
#3068 = CARTESIAN_POINT('',(5.5746977043,6.912410848351,0.208903160253)
  );
#3069 = PCURVE('',#3029,#3070);
#3070 = DEFINITIONAL_REPRESENTATION('',(#3071),#3095);
#3071 = B_SPLINE_CURVE_WITH_KNOTS('',8,(#3072,#3073,#3074,#3075,#3076,
    #3077,#3078,#3079,#3080,#3081,#3082,#3083,#3084,#3085,#3086,#3087,
    #3088,#3089,#3090,#3091,#3092,#3093,#3094),.UNSPECIFIED.,.F.,.F.,(9,
    7,7,9),(0.,0.160007895384,0.709903139436,1.),.UNSPECIFIED.);
#3072 = CARTESIAN_POINT('',(-0.656220083813,-0.29204699239));
#3073 = CARTESIAN_POINT('',(-0.629916962238,-0.291181033648));
#3074 = CARTESIAN_POINT('',(-0.603615638702,-0.290264726792));
#3075 = CARTESIAN_POINT('',(-0.577315862205,-0.289306050878));
#3076 = CARTESIAN_POINT('',(-0.551018211694,-0.288294557424));
#3077 = CARTESIAN_POINT('',(-0.524721340349,-0.287261163303));
#3078 = CARTESIAN_POINT('',(-0.498426523521,-0.286181848725));
#3079 = CARTESIAN_POINT('',(-0.472133272682,-0.285066782848));
#3080 = CARTESIAN_POINT('',(-0.355486475321,-0.279950186479));
#3081 = CARTESIAN_POINT('',(-0.265152515808,-0.275541264696));
#3082 = CARTESIAN_POINT('',(-0.174841394278,-0.270661415842));
#3083 = CARTESIAN_POINT('',(-8.456064316048E-02,-0.2654191931));
#3084 = CARTESIAN_POINT('',(5.689494451378E-03,-0.259732137442));
#3085 = CARTESIAN_POINT('',(9.590343498618E-02,-0.253676706661));
#3086 = CARTESIAN_POINT('',(0.186078038808,-0.247237731309));
#3087 = CARTESIAN_POINT('',(0.323757800873,-0.236840529938));
#3088 = CARTESIAN_POINT('',(0.371294259235,-0.233147255598));
#3089 = CARTESIAN_POINT('',(0.418817960556,-0.229352843575));
#3090 = CARTESIAN_POINT('',(0.466328250399,-0.225458554331));
#3091 = CARTESIAN_POINT('',(0.513824413688,-0.22146551478));
#3092 = CARTESIAN_POINT('',(0.561305674702,-0.217374718291));
#3093 = CARTESIAN_POINT('',(0.608771197079,-0.213187024689));
#3094 = CARTESIAN_POINT('',(0.656220083813,-0.208903160253));
#3095 = ( GEOMETRIC_REPRESENTATION_CONTEXT(2) 
PARAMETRIC_REPRESENTATION_CONTEXT() REPRESENTATION_CONTEXT('2D SPACE',''
  ) );
#3096 = ORIENTED_EDGE('',*,*,#3097,.T.);
#3097 = EDGE_CURVE('',#3042,#3098,#3100,.T.);
#3098 = VERTEX_POINT('',#3099);
#3099 = CARTESIAN_POINT('',(5.5746977043,6.912410848351,
    -8.856938063446E-02));
#3100 = SURFACE_CURVE('',#3101,(#3105),.PCURVE_S1.);
#3101 = LINE('',#3102,#3103);
#3102 = CARTESIAN_POINT('',(5.5746977043,6.912410848351,0.));
#3103 = VECTOR('',#3104,1.);
#3104 = DIRECTION('',(0.,0.,-1.));
#3105 = PCURVE('',#3029,#3106);
#3106 = DEFINITIONAL_REPRESENTATION('',(#3107),#3111);
#3107 = LINE('',#3108,#3109);
#3108 = CARTESIAN_POINT('',(0.656220083813,0.));
#3109 = VECTOR('',#3110,1.);
#3110 = DIRECTION('',(0.,1.));
#3111 = ( GEOMETRIC_REPRESENTATION_CONTEXT(2) 
PARAMETRIC_REPRESENTATION_CONTEXT() REPRESENTATION_CONTEXT('2D SPACE',''
  ) );
#3112 = ORIENTED_EDGE('',*,*,#3113,.F.);
#3113 = EDGE_CURVE('',#3021,#3098,#3114,.T.);
#3114 = SURFACE_CURVE('',#3115,(#3139),.PCURVE_S1.);
#3115 = B_SPLINE_CURVE_WITH_KNOTS('',8,(#3116,#3117,#3118,#3119,#3120,
    #3121,#3122,#3123,#3124,#3125,#3126,#3127,#3128,#3129,#3130,#3131,
    #3132,#3133,#3134,#3135,#3136,#3137,#3138),.UNSPECIFIED.,.F.,.F.,(9,
    7,7,9),(0.,0.127199378368,0.537066462114,1.),.UNSPECIFIED.);
#3116 = CARTESIAN_POINT('',(4.42546022513,6.278571428571,-0.142274517463
    ));
#3117 = CARTESIAN_POINT('',(4.443745887513,6.288656527469,
    -0.141646579433));
#3118 = CARTESIAN_POINT('',(4.462031742286,6.298741732477,
    -0.141011116815));
#3119 = CARTESIAN_POINT('',(4.480317739391,6.308827015985,-0.14036763687
    ));
#3120 = CARTESIAN_POINT('',(4.498603741399,6.318912302197,
    -0.139714091394));
#3121 = CARTESIAN_POINT('',(4.516889616435,6.328997518379,
    -0.139048484952));
#3122 = CARTESIAN_POINT('',(4.535175284762,6.339082620556,
    -0.138369857164));
#3123 = CARTESIAN_POINT('',(4.553460719016,6.349167593634,
    -0.137678639022));
#3124 = CARTESIAN_POINT('',(4.630665156355,6.391748188728,
    -0.134713545724));
#3125 = CARTESIAN_POINT('',(4.689581720344,6.424242465508,
    -0.132331907126));
#3126 = CARTESIAN_POINT('',(4.748494499236,6.456734654693,
    -0.129852197564));
#3127 = CARTESIAN_POINT('',(4.807401615377,6.489223720697,
    -0.127297680404));
#3128 = CARTESIAN_POINT('',(4.866305177322,6.521710826454,
    -0.124634245408));
#3129 = CARTESIAN_POINT('',(4.925202030896,6.554194232341,
    -0.121907807542));
#3130 = CARTESIAN_POINT('',(4.984092688123,6.586674220754,
    -0.119107909425));
#3131 = CARTESIAN_POINT('',(5.109483172335,6.655830886108,
    -0.113012273537));
#3132 = CARTESIAN_POINT('',(5.175980960567,6.692506438614,
    -0.109698467777));
#3133 = CARTESIAN_POINT('',(5.242468349225,6.72917625544,-0.106313151637
    ));
#3134 = CARTESIAN_POINT('',(5.308944117091,6.765839663044,
    -0.102864535501));
#3135 = CARTESIAN_POINT('',(5.37540682528,6.80249586784,
    -9.935990047609E-02));
#3136 = CARTESIAN_POINT('',(5.4418547585,6.839143923791,
    -9.580562823624E-02));
#3137 = CARTESIAN_POINT('',(5.508285866296,6.875782700009,
    -9.220723085308E-02));
#3138 = CARTESIAN_POINT('',(5.5746977043,6.912410848351,
    -8.856938063446E-02));
#3139 = PCURVE('',#3029,#3140);
#3140 = DEFINITIONAL_REPRESENTATION('',(#3141),#3165);
#3141 = B_SPLINE_CURVE_WITH_KNOTS('',8,(#3142,#3143,#3144,#3145,#3146,
    #3147,#3148,#3149,#3150,#3151,#3152,#3153,#3154,#3155,#3156,#3157,
    #3158,#3159,#3160,#3161,#3162,#3163,#3164),.UNSPECIFIED.,.F.,.F.,(9,
    7,7,9),(0.,0.127199378368,0.537066462114,1.),.UNSPECIFIED.);
#3142 = CARTESIAN_POINT('',(-0.656220083813,0.142274517463));
#3143 = CARTESIAN_POINT('',(-0.635337682884,0.141646579433));
#3144 = CARTESIAN_POINT('',(-0.614455062243,0.141011116815));
#3145 = CARTESIAN_POINT('',(-0.593572279057,0.14036763687));
#3146 = CARTESIAN_POINT('',(-0.572689490273,0.139714091394));
#3147 = CARTESIAN_POINT('',(-0.551806846493,0.139048484952));
#3148 = CARTESIAN_POINT('',(-0.530924438775,0.138369857164));
#3149 = CARTESIAN_POINT('',(-0.510042298371,0.137678639022));
#3150 = CARTESIAN_POINT('',(-0.421874094219,0.134713545724));
#3151 = CARTESIAN_POINT('',(-0.354590815942,0.132331907126));
#3152 = CARTESIAN_POINT('',(-0.287311860281,0.129852197564));
#3153 = CARTESIAN_POINT('',(-0.220039371537,0.127297680404));
#3154 = CARTESIAN_POINT('',(-0.152770941718,0.124634245408));
#3155 = CARTESIAN_POINT('',(-8.551017292223E-02,0.121907807542));
#3156 = CARTESIAN_POINT('',(-1.825648041471E-02,0.119107909425));
#3157 = CARTESIAN_POINT('',(0.124940649074,0.113012273537));
#3158 = CARTESIAN_POINT('',(0.200881757779,0.109698467777));
#3159 = CARTESIAN_POINT('',(0.276810990072,0.106313151637));
#3160 = CARTESIAN_POINT('',(0.352726951308,0.102864535501));
#3161 = CARTESIAN_POINT('',(0.42862799827,9.935990047609E-02));
#3162 = CARTESIAN_POINT('',(0.504512172076,9.580562823624E-02));
#3163 = CARTESIAN_POINT('',(0.580377131087,9.220723085308E-02));
#3164 = CARTESIAN_POINT('',(0.656220083813,8.856938063446E-02));
#3165 = ( GEOMETRIC_REPRESENTATION_CONTEXT(2) 
PARAMETRIC_REPRESENTATION_CONTEXT() REPRESENTATION_CONTEXT('2D SPACE',''
  ) );
#3166 = ( GEOMETRIC_REPRESENTATION_CONTEXT(3) 
GLOBAL_UNCERTAINTY_ASSIGNED_CONTEXT((#3170)) 
GLOBAL_UNIT_ASSIGNED_CONTEXT((#3167,#3168,#3169)) REPRESENTATION_CONTEXT
('Context #1','3D Context with UNIT and UNCERTAINTY') );
#3167 = ( LENGTH_UNIT() NAMED_UNIT(*) SI_UNIT(.MILLI.,.METRE.) );
#3168 = ( NAMED_UNIT(*) PLANE_ANGLE_UNIT() SI_UNIT($,.RADIAN.) );
#3169 = ( NAMED_UNIT(*) SI_UNIT($,.STERADIAN.) SOLID_ANGLE_UNIT() );
#3170 = UNCERTAINTY_MEASURE_WITH_UNIT(LENGTH_MEASURE(5.E-06),#3167,
  'distance_accuracy_value','confusion accuracy');
#3171 = CONTEXT_DEPENDENT_SHAPE_REPRESENTATION(#3172,#3174);
#3172 = ( REPRESENTATION_RELATIONSHIP('','',#3011,#10) 
REPRESENTATION_RELATIONSHIP_WITH_TRANSFORMATION(#3173) 
SHAPE_REPRESENTATION_RELATIONSHIP() );
#3173 = ITEM_DEFINED_TRANSFORMATION('','',#11,#83);
#3174 = PRODUCT_DEFINITION_SHAPE('Placement','Placement of an item',
  #3175);
#3175 = NEXT_ASSEMBLY_USAGE_OCCURRENCE('18','','',#5,#3006,$);
#3176 = PRODUCT_RELATED_PRODUCT_CATEGORY('part',$,(#3008));
#3177 = SHAPE_DEFINITION_REPRESENTATION(#3178,#3184);
#3178 = PRODUCT_DEFINITION_SHAPE('','',#3179);
#3179 = PRODUCT_DEFINITION('design','',#3180,#3183);
#3180 = PRODUCT_DEFINITION_FORMATION('','',#3181);
#3181 = PRODUCT('Open CASCADE STEP translator 7.8 2.19',
  'Open CASCADE STEP translator 7.8 2.19','',(#3182));
#3182 = PRODUCT_CONTEXT('',#2,'mechanical');
#3183 = PRODUCT_DEFINITION_CONTEXT('part definition',#2,'design');
#3184 = MANIFOLD_SURFACE_SHAPE_REPRESENTATION('',(#11,#3185),#3345);
#3185 = SHELL_BASED_SURFACE_MODEL('',(#3186));
#3186 = OPEN_SHELL('',(#3187));
#3187 = ADVANCED_FACE('',(#3188),#3202,.T.);
#3188 = FACE_BOUND('',#3189,.T.);
#3189 = EDGE_LOOP('',(#3190,#3213,#3275,#3291));
#3190 = ORIENTED_EDGE('',*,*,#3191,.F.);
#3191 = EDGE_CURVE('',#3192,#3194,#3196,.T.);
#3192 = VERTEX_POINT('',#3193);
#3193 = CARTESIAN_POINT('',(4.42546022513,6.278571428571,0.29204699239)
  );
#3194 = VERTEX_POINT('',#3195);
#3195 = CARTESIAN_POINT('',(4.42546022513,6.278571428571,-0.142274517463
    ));
#3196 = SURFACE_CURVE('',#3197,(#3201),.PCURVE_S1.);
#3197 = LINE('',#3198,#3199);
#3198 = CARTESIAN_POINT('',(4.42546022513,6.278571428571,0.));
#3199 = VECTOR('',#3200,1.);
#3200 = DIRECTION('',(-0.,0.,-1.));
#3201 = PCURVE('',#3202,#3207);
#3202 = PLANE('',#3203);
#3203 = AXIS2_PLACEMENT_3D('',#3204,#3205,#3206);
#3204 = CARTESIAN_POINT('',(4.05501001018,6.502234702604,0.));
#3205 = DIRECTION('',(-0.516861003485,-0.856069333101,0.));
#3206 = DIRECTION('',(-0.856069333101,0.516861003485,0.));
#3207 = DEFINITIONAL_REPRESENTATION('',(#3208),#3212);
#3208 = LINE('',#3209,#3210);
#3209 = CARTESIAN_POINT('',(-0.432733892719,0.));
#3210 = VECTOR('',#3211,1.);
#3211 = DIRECTION('',(0.,1.));
#3212 = ( GEOMETRIC_REPRESENTATION_CONTEXT(2) 
PARAMETRIC_REPRESENTATION_CONTEXT() REPRESENTATION_CONTEXT('2D SPACE',''
  ) );
#3213 = ORIENTED_EDGE('',*,*,#3214,.F.);
#3214 = EDGE_CURVE('',#3215,#3192,#3217,.T.);
#3215 = VERTEX_POINT('',#3216);
#3216 = CARTESIAN_POINT('',(3.68455979523,6.725897976637,0.241485477653)
  );
#3217 = SURFACE_CURVE('',#3218,(#3245),.PCURVE_S1.);
#3218 = B_SPLINE_CURVE_WITH_KNOTS('',7,(#3219,#3220,#3221,#3222,#3223,
    #3224,#3225,#3226,#3227,#3228,#3229,#3230,#3231,#3232,#3233,#3234,
    #3235,#3236,#3237,#3238,#3239,#3240,#3241,#3242,#3243,#3244),
  .UNSPECIFIED.,.F.,.F.,(8,6,6,6,8),(0.,0.458511283427,0.72091697507,
    0.855504239825,1.),.UNSPECIFIED.);
#3219 = CARTESIAN_POINT('',(3.68455979523,6.725897976637,0.241485477653)
  );
#3220 = CARTESIAN_POINT('',(3.731996409282,6.697257614235,0.251421585476
    ));
#3221 = CARTESIAN_POINT('',(3.779795761726,6.668398244655,0.259975405141
    ));
#3222 = CARTESIAN_POINT('',(3.827862260685,6.639377582513,0.267316191859
    ));
#3223 = CARTESIAN_POINT('',(3.876129365985,6.61023580215,0.273556609191)
  );
#3224 = CARTESIAN_POINT('',(3.924549454028,6.581001656822,0.278784178811
    ));
#3225 = CARTESIAN_POINT('',(3.973089154913,6.551695293963,0.28307520048)
  );
#3226 = CARTESIAN_POINT('',(4.049567376564,6.505520750782,0.288446083339
    ));
#3227 = CARTESIAN_POINT('',(4.077435876171,6.488694846483,0.29011391937)
  );
#3228 = CARTESIAN_POINT('',(4.105330565387,6.471853129927,0.291507470986
    ));
#3229 = CARTESIAN_POINT('',(4.133247621781,6.454997908949,0.292635643676
    ));
#3230 = CARTESIAN_POINT('',(4.161183221666,6.43813149214,0.293508055488)
  );
#3231 = CARTESIAN_POINT('',(4.189133573335,6.421256168784,0.294134995122
    ));
#3232 = CARTESIAN_POINT('',(4.231438252942,6.395714266617,0.29472156865)
  );
#3233 = CARTESIAN_POINT('',(4.245783509166,6.387053164951,0.294857593357
    ));
#3234 = CARTESIAN_POINT('',(4.260131611159,6.378390345122,0.294931907357
    ));
#3235 = CARTESIAN_POINT('',(4.274482301135,6.36972596277,0.294945539387)
  );
#3236 = CARTESIAN_POINT('',(4.288835355656,6.361060152799,0.294899464132
    ));
#3237 = CARTESIAN_POINT('',(4.303190462604,6.352393103653,0.294794642276
    ));
#3238 = CARTESIAN_POINT('',(4.332960688539,6.334419011771,0.294457509346
    ));
#3239 = CARTESIAN_POINT('',(4.348376136709,6.325111770286,0.294216867301
    ));
#3240 = CARTESIAN_POINT('',(4.363792441301,6.315804011728,0.293907923439
    ));
#3241 = CARTESIAN_POINT('',(4.379210069767,6.306495453867,0.293541137768
    ));
#3242 = CARTESIAN_POINT('',(4.39462682515,6.297187423139,0.293101575991)
  );
#3243 = CARTESIAN_POINT('',(4.410043662525,6.287879342908,0.292602278259
    ));
#3244 = CARTESIAN_POINT('',(4.42546022513,6.278571428571,0.29204699239)
  );
#3245 = PCURVE('',#3202,#3246);
#3246 = DEFINITIONAL_REPRESENTATION('',(#3247),#3274);
#3247 = B_SPLINE_CURVE_WITH_KNOTS('',7,(#3248,#3249,#3250,#3251,#3252,
    #3253,#3254,#3255,#3256,#3257,#3258,#3259,#3260,#3261,#3262,#3263,
    #3264,#3265,#3266,#3267,#3268,#3269,#3270,#3271,#3272,#3273),
  .UNSPECIFIED.,.F.,.F.,(8,6,6,6,8),(0.,0.458511283427,0.72091697507,
    0.855504239825,1.),.UNSPECIFIED.);
#3248 = CARTESIAN_POINT('',(0.432733892719,-0.241485477653));
#3249 = CARTESIAN_POINT('',(0.377321775712,-0.251421585476));
#3250 = CARTESIAN_POINT('',(0.321485933221,-0.259975405141));
#3251 = CARTESIAN_POINT('',(0.265338028957,-0.267316191859));
#3252 = CARTESIAN_POINT('',(0.20895579047,-0.273556609191));
#3253 = CARTESIAN_POINT('',(0.1523948483,-0.278784178811));
#3254 = CARTESIAN_POINT('',(9.569418281831E-02,-0.28307520048));
#3255 = CARTESIAN_POINT('',(6.357701888726E-03,-0.288446083339));
#3256 = CARTESIAN_POINT('',(-2.619631976522E-02,-0.29011391937));
#3257 = CARTESIAN_POINT('',(-5.878093427807E-02,-0.291507470986));
#3258 = CARTESIAN_POINT('',(-9.139167655681E-02,-0.292635643676));
#3259 = CARTESIAN_POINT('',(-0.124024080037,-0.293508055488));
#3260 = CARTESIAN_POINT('',(-0.156673715515,-0.294134995122));
#3261 = CARTESIAN_POINT('',(-0.206091067557,-0.29472156865));
#3262 = CARTESIAN_POINT('',(-0.222848187184,-0.294857593357));
#3263 = CARTESIAN_POINT('',(-0.239608631039,-0.294931907357));
#3264 = CARTESIAN_POINT('',(-0.256372097993,-0.294945539387));
#3265 = CARTESIAN_POINT('',(-0.273138327042,-0.294899464132));
#3266 = CARTESIAN_POINT('',(-0.289906953593,-0.294794642276));
#3267 = CARTESIAN_POINT('',(-0.324682438222,-0.294457509346));
#3268 = CARTESIAN_POINT('',(-0.34268968083,-0.294216867301));
#3269 = CARTESIAN_POINT('',(-0.36069792385,-0.293907923439));
#3270 = CARTESIAN_POINT('',(-0.378707713325,-0.293541137768));
#3271 = CARTESIAN_POINT('',(-0.396716482928,-0.293101575991));
#3272 = CARTESIAN_POINT('',(-0.414725348307,-0.292602278259));
#3273 = CARTESIAN_POINT('',(-0.432733892719,-0.29204699239));
#3274 = ( GEOMETRIC_REPRESENTATION_CONTEXT(2) 
PARAMETRIC_REPRESENTATION_CONTEXT() REPRESENTATION_CONTEXT('2D SPACE',''
  ) );
#3275 = ORIENTED_EDGE('',*,*,#3276,.T.);
#3276 = EDGE_CURVE('',#3215,#3277,#3279,.T.);
#3277 = VERTEX_POINT('',#3278);
#3278 = CARTESIAN_POINT('',(3.68455979523,6.725897976637,-0.149923906432
    ));
#3279 = SURFACE_CURVE('',#3280,(#3284),.PCURVE_S1.);
#3280 = LINE('',#3281,#3282);
#3281 = CARTESIAN_POINT('',(3.68455979523,6.725897976637,0.));
#3282 = VECTOR('',#3283,1.);
#3283 = DIRECTION('',(-0.,0.,-1.));
#3284 = PCURVE('',#3202,#3285);
#3285 = DEFINITIONAL_REPRESENTATION('',(#3286),#3290);
#3286 = LINE('',#3287,#3288);
#3287 = CARTESIAN_POINT('',(0.432733892719,0.));
#3288 = VECTOR('',#3289,1.);
#3289 = DIRECTION('',(0.,1.));
#3290 = ( GEOMETRIC_REPRESENTATION_CONTEXT(2) 
PARAMETRIC_REPRESENTATION_CONTEXT() REPRESENTATION_CONTEXT('2D SPACE',''
  ) );
#3291 = ORIENTED_EDGE('',*,*,#3292,.T.);
#3292 = EDGE_CURVE('',#3277,#3194,#3293,.T.);
#3293 = SURFACE_CURVE('',#3294,(#3318),.PCURVE_S1.);
#3294 = B_SPLINE_CURVE_WITH_KNOTS('',8,(#3295,#3296,#3297,#3298,#3299,
    #3300,#3301,#3302,#3303,#3304,#3305,#3306,#3307,#3308,#3309,#3310,
    #3311,#3312,#3313,#3314,#3315,#3316,#3317),.UNSPECIFIED.,.F.,.F.,(9,
    7,7,9),(0.,0.517573840298,0.817917219313,1.),.UNSPECIFIED.);
#3295 = CARTESIAN_POINT('',(3.68455979523,6.725897976637,-0.149923906432
    ));
#3296 = CARTESIAN_POINT('',(3.731883369361,6.697325863295,
    -0.152723837616));
#3297 = CARTESIAN_POINT('',(3.779410767513,6.668630689023,
    -0.154603642673));
#3298 = CARTESIAN_POINT('',(3.827083253269,6.639847916561,
    -0.155760285475));
#3299 = CARTESIAN_POINT('',(3.874861888213,6.611001055393,
    -0.156324237874));
#3300 = CARTESIAN_POINT('',(3.922719202944,6.582106690463,
    -0.156395374752));
#3301 = CARTESIAN_POINT('',(3.970637002405,6.553175807231,
    -0.156055755615));
#3302 = CARTESIAN_POINT('',(4.018606305362,6.524213828214,
    -0.155372058691));
#3303 = CARTESIAN_POINT('',(4.094490470881,6.478397952767,
    -0.153836608284));
#3304 = CARTESIAN_POINT('',(4.122370054399,6.461565356438,
    -0.153175930591));
#3305 = CARTESIAN_POINT('',(4.150262714967,6.4447248647,-0.152429489515)
  );
#3306 = CARTESIAN_POINT('',(4.178166236242,6.427877815695,-0.15160658379
    ));
#3307 = CARTESIAN_POINT('',(4.206080438689,6.411024317818,
    -0.150716866458));
#3308 = CARTESIAN_POINT('',(4.234004914847,6.394164617078,
    -0.149768902396));
#3309 = CARTESIAN_POINT('',(4.261937173256,6.377300217721,
    -0.148768943897));
#3310 = CARTESIAN_POINT('',(4.306814943958,6.350204784323,
    -0.147090069592));
#3311 = CARTESIAN_POINT('',(4.323755883298,6.339976511251,
    -0.146440299818));
#3312 = CARTESIAN_POINT('',(4.340698763896,6.329747066124,
    -0.145771859338));
#3313 = CARTESIAN_POINT('',(4.357645839624,6.319515088142,
    -0.145099859755));
#3314 = CARTESIAN_POINT('',(4.3745938702,6.309282533661,-0.144400520142)
  );
#3315 = CARTESIAN_POINT('',(4.391546749678,6.299047051604,
    -0.143705923421));
#3316 = CARTESIAN_POINT('',(4.408502245733,6.28880998976,-0.142997931953
    ));
#3317 = CARTESIAN_POINT('',(4.42546022513,6.278571428571,-0.142274517463
    ));
#3318 = PCURVE('',#3202,#3319);
#3319 = DEFINITIONAL_REPRESENTATION('',(#3320),#3344);
#3320 = B_SPLINE_CURVE_WITH_KNOTS('',8,(#3321,#3322,#3323,#3324,#3325,
    #3326,#3327,#3328,#3329,#3330,#3331,#3332,#3333,#3334,#3335,#3336,
    #3337,#3338,#3339,#3340,#3341,#3342,#3343),.UNSPECIFIED.,.F.,.F.,(9,
    7,7,9),(0.,0.517573840298,0.817917219313,1.),.UNSPECIFIED.);
#3321 = CARTESIAN_POINT('',(0.432733892719,0.149923906432));
#3322 = CARTESIAN_POINT('',(0.377453820998,0.152723837616));
#3323 = CARTESIAN_POINT('',(0.32193565639,0.154603642673));
#3324 = CARTESIAN_POINT('',(0.266248010644,0.155760285475));
#3325 = CARTESIAN_POINT('',(0.21043636888,0.156324237874));
#3326 = CARTESIAN_POINT('',(0.154532818921,0.156395374752));
#3327 = CARTESIAN_POINT('',(9.855861495368E-02,0.156055755615));
#3328 = CARTESIAN_POINT('',(4.252424822482E-02,0.155372058691));
#3329 = CARTESIAN_POINT('',(-4.611829810349E-02,0.153836608284));
#3330 = CARTESIAN_POINT('',(-7.868526720253E-02,0.153175930591));
#3331 = CARTESIAN_POINT('',(-0.111267511993,0.152429489515));
#3332 = CARTESIAN_POINT('',(-0.143862443497,0.15160658379));
#3333 = CARTESIAN_POINT('',(-0.176469851994,0.150716866458));
#3334 = CARTESIAN_POINT('',(-0.209089261518,0.149768902396));
#3335 = CARTESIAN_POINT('',(-0.241717761722,0.148768943897));
#3336 = CARTESIAN_POINT('',(-0.294140817853,0.147090069592));
#3337 = CARTESIAN_POINT('',(-0.31393003198,0.146440299818));
#3338 = CARTESIAN_POINT('',(-0.333721513748,0.145771859338));
#3339 = CARTESIAN_POINT('',(-0.353517895972,0.145099859755));
#3340 = CARTESIAN_POINT('',(-0.373315393582,0.144400520142));
#3341 = CARTESIAN_POINT('',(-0.393118555338,0.143705923421));
#3342 = CARTESIAN_POINT('',(-0.412924773595,0.142997931953));
#3343 = CARTESIAN_POINT('',(-0.432733892719,0.142274517463));
#3344 = ( GEOMETRIC_REPRESENTATION_CONTEXT(2) 
PARAMETRIC_REPRESENTATION_CONTEXT() REPRESENTATION_CONTEXT('2D SPACE',''
  ) );
#3345 = ( GEOMETRIC_REPRESENTATION_CONTEXT(3) 
GLOBAL_UNCERTAINTY_ASSIGNED_CONTEXT((#3349)) 
GLOBAL_UNIT_ASSIGNED_CONTEXT((#3346,#3347,#3348)) REPRESENTATION_CONTEXT
('Context #1','3D Context with UNIT and UNCERTAINTY') );
#3346 = ( LENGTH_UNIT() NAMED_UNIT(*) SI_UNIT(.MILLI.,.METRE.) );
#3347 = ( NAMED_UNIT(*) PLANE_ANGLE_UNIT() SI_UNIT($,.RADIAN.) );
#3348 = ( NAMED_UNIT(*) SI_UNIT($,.STERADIAN.) SOLID_ANGLE_UNIT() );
#3349 = UNCERTAINTY_MEASURE_WITH_UNIT(LENGTH_MEASURE(5.E-06),#3346,
  'distance_accuracy_value','confusion accuracy');
#3350 = CONTEXT_DEPENDENT_SHAPE_REPRESENTATION(#3351,#3353);
#3351 = ( REPRESENTATION_RELATIONSHIP('','',#3184,#10) 
REPRESENTATION_RELATIONSHIP_WITH_TRANSFORMATION(#3352) 
SHAPE_REPRESENTATION_RELATIONSHIP() );
#3352 = ITEM_DEFINED_TRANSFORMATION('','',#11,#87);
#3353 = PRODUCT_DEFINITION_SHAPE('Placement','Placement of an item',
  #3354);
#3354 = NEXT_ASSEMBLY_USAGE_OCCURRENCE('19','','',#5,#3179,$);
#3355 = PRODUCT_RELATED_PRODUCT_CATEGORY('part',$,(#3181));
#3356 = SHAPE_DEFINITION_REPRESENTATION(#3357,#3363);
#3357 = PRODUCT_DEFINITION_SHAPE('','',#3358);
#3358 = PRODUCT_DEFINITION('design','',#3359,#3362);
#3359 = PRODUCT_DEFINITION_FORMATION('','',#3360);
#3360 = PRODUCT('Open CASCADE STEP translator 7.8 2.20',
  'Open CASCADE STEP translator 7.8 2.20','',(#3361));
#3361 = PRODUCT_CONTEXT('',#2,'mechanical');
#3362 = PRODUCT_DEFINITION_CONTEXT('part definition',#2,'design');
#3363 = MANIFOLD_SURFACE_SHAPE_REPRESENTATION('',(#11,#3364),#3538);
#3364 = SHELL_BASED_SURFACE_MODEL('',(#3365));
#3365 = OPEN_SHELL('',(#3366));
#3366 = ADVANCED_FACE('',(#3367),#3381,.T.);
#3367 = FACE_BOUND('',#3368,.T.);
#3368 = EDGE_LOOP('',(#3369,#3392,#3462,#3478));
#3369 = ORIENTED_EDGE('',*,*,#3370,.F.);
#3370 = EDGE_CURVE('',#3371,#3373,#3375,.T.);
#3371 = VERTEX_POINT('',#3372);
#3372 = CARTESIAN_POINT('',(4.42546022513,6.278571428571,0.29204699239)
  );
#3373 = VERTEX_POINT('',#3374);
#3374 = CARTESIAN_POINT('',(4.42546022513,6.278571428571,-0.142274517463
    ));
#3375 = SURFACE_CURVE('',#3376,(#3380),.PCURVE_S1.);
#3376 = LINE('',#3377,#3378);
#3377 = CARTESIAN_POINT('',(4.42546022513,6.278571428571,0.));
#3378 = VECTOR('',#3379,1.);
#3379 = DIRECTION('',(0.,0.,-1.));
#3380 = PCURVE('',#3381,#3386);
#3381 = PLANE('',#3382);
#3382 = AXIS2_PLACEMENT_3D('',#3383,#3384,#3385);
#3383 = CARTESIAN_POINT('',(4.864471384895,6.192266363601,0.));
#3384 = DIRECTION('',(0.192897514943,0.981218909688,0.));
#3385 = DIRECTION('',(0.981218909688,-0.192897514943,0.));
#3386 = DEFINITIONAL_REPRESENTATION('',(#3387),#3391);
#3387 = LINE('',#3388,#3389);
#3388 = CARTESIAN_POINT('',(-0.447414084085,0.));
#3389 = VECTOR('',#3390,1.);
#3390 = DIRECTION('',(0.,1.));
#3391 = ( GEOMETRIC_REPRESENTATION_CONTEXT(2) 
PARAMETRIC_REPRESENTATION_CONTEXT() REPRESENTATION_CONTEXT('2D SPACE',''
  ) );
#3392 = ORIENTED_EDGE('',*,*,#3393,.T.);
#3393 = EDGE_CURVE('',#3371,#3394,#3396,.T.);
#3394 = VERTEX_POINT('',#3395);
#3395 = CARTESIAN_POINT('',(5.30348254466,6.105961298631,0.218217279132)
  );
#3396 = SURFACE_CURVE('',#3397,(#3428),.PCURVE_S1.);
#3397 = B_SPLINE_CURVE_WITH_KNOTS('',8,(#3398,#3399,#3400,#3401,#3402,
    #3403,#3404,#3405,#3406,#3407,#3408,#3409,#3410,#3411,#3412,#3413,
    #3414,#3415,#3416,#3417,#3418,#3419,#3420,#3421,#3422,#3423,#3424,
    #3425,#3426,#3427),.UNSPECIFIED.,.F.,.F.,(9,7,7,7,9),(0.,
    9.839506642108E-02,0.455306944655,0.813067895128,1.),.UNSPECIFIED.);
#3398 = CARTESIAN_POINT('',(4.42546022513,6.278571428571,0.29204699239)
  );
#3399 = CARTESIAN_POINT('',(4.436287033066,6.276442989826,0.291650999617
    ));
#3400 = CARTESIAN_POINT('',(4.447113500871,6.274314617946,0.291234556235
    ));
#3401 = CARTESIAN_POINT('',(4.457939609332,6.27218631671,0.290798375829)
  );
#3402 = CARTESIAN_POINT('',(4.468765369629,6.270058083919,0.290343599145
    ));
#3403 = CARTESIAN_POINT('',(4.47959080705,6.267929914602,0.289871513938)
  );
#3404 = CARTESIAN_POINT('',(4.490415944698,6.265801804217,0.289383274827
    ));
#3405 = CARTESIAN_POINT('',(4.501240787206,6.263673751854,0.288879623135
    ));
#3406 = CARTESIAN_POINT('',(4.551329455802,6.253826836346,0.28647796039)
  );
#3407 = CARTESIAN_POINT('',(4.590589351083,6.246108745957,0.284390511951
    ));
#3408 = CARTESIAN_POINT('',(4.629842896004,6.238391903982,0.282109015936
    ));
#3409 = CARTESIAN_POINT('',(4.669090828857,6.230676165283,0.279604251849
    ));
#3410 = CARTESIAN_POINT('',(4.708329164476,6.222962313301,0.27692931097)
  );
#3411 = CARTESIAN_POINT('',(4.747557047284,6.215250516234,0.274063800192
    ));
#3412 = CARTESIAN_POINT('',(4.786773069806,6.207541050776,0.271023136504
    ));
#3413 = CARTESIAN_POINT('',(4.865271752448,6.192109019597,0.264588443205
    ));
#3414 = CARTESIAN_POINT('',(4.904554454417,6.184386445648,0.26119389965)
  );
#3415 = CARTESIAN_POINT('',(4.94382258207,6.17666673686,0.257631301661)
  );
#3416 = CARTESIAN_POINT('',(4.983074832412,6.168950149387,0.253905546594
    ));
#3417 = CARTESIAN_POINT('',(5.022309903947,6.16123693909,0.250021109084)
  );
#3418 = CARTESIAN_POINT('',(5.061526496684,6.153527361534,0.245982041045
    ));
#3419 = CARTESIAN_POINT('',(5.100723312136,6.145821671988,0.241791971669
    ));
#3420 = CARTESIAN_POINT('',(5.160368597989,6.134096024117,0.235187549007
    ));
#3421 = CARTESIAN_POINT('',(5.180832371479,6.130073057363,0.232880651974
    ));
#3422 = CARTESIAN_POINT('',(5.201290182776,6.126051262714,0.230533896986
    ));
#3423 = CARTESIAN_POINT('',(5.221741832637,6.12203067934,0.228147739033)
  );
#3424 = CARTESIAN_POINT('',(5.242187113585,6.118011348028,0.225722607444
    ));
#3425 = CARTESIAN_POINT('',(5.262625809908,6.113993311186,0.223258905878
    ));
#3426 = CARTESIAN_POINT('',(5.28305769766,6.109976612839,0.220757012332)
  );
#3427 = CARTESIAN_POINT('',(5.30348254466,6.105961298631,0.218217279132)
  );
#3428 = PCURVE('',#3381,#3429);
#3429 = DEFINITIONAL_REPRESENTATION('',(#3430),#3461);
#3430 = B_SPLINE_CURVE_WITH_KNOTS('',8,(#3431,#3432,#3433,#3434,#3435,
    #3436,#3437,#3438,#3439,#3440,#3441,#3442,#3443,#3444,#3445,#3446,
    #3447,#3448,#3449,#3450,#3451,#3452,#3453,#3454,#3455,#3456,#3457,
    #3458,#3459,#3460),.UNSPECIFIED.,.F.,.F.,(9,7,7,7,9),(0.,
    9.839506642108E-02,0.455306944655,0.813067895128,1.),.UNSPECIFIED.);
#3431 = CARTESIAN_POINT('',(-0.447414084085,-0.29204699239));
#3432 = CARTESIAN_POINT('',(-0.436380044862,-0.291650999617));
#3433 = CARTESIAN_POINT('',(-0.425346352281,-0.291234556235));
#3434 = CARTESIAN_POINT('',(-0.414313025921,-0.290798375829));
#3435 = CARTESIAN_POINT('',(-0.403280054389,-0.290343599145));
#3436 = CARTESIAN_POINT('',(-0.392247411913,-0.289871513938));
#3437 = CARTESIAN_POINT('',(-0.381215074949,-0.289383274827));
#3438 = CARTESIAN_POINT('',(-0.370183038773,-0.288879623135));
#3439 = CARTESIAN_POINT('',(-0.319135644454,-0.28647796039));
#3440 = CARTESIAN_POINT('',(-0.279124292356,-0.284390511951));
#3441 = CARTESIAN_POINT('',(-0.239119412166,-0.282109015936));
#3442 = CARTESIAN_POINT('',(-0.199120251464,-0.279604251849));
#3443 = CARTESIAN_POINT('',(-0.159130871692,-0.27692931097));
#3444 = CARTESIAN_POINT('',(-0.119152144804,-0.274063800192));
#3445 = CARTESIAN_POINT('',(-7.918550521388E-02,-0.271023136504));
#3446 = CARTESIAN_POINT('',(8.156870444849E-04,-0.264588443205));
#3447 = CARTESIAN_POINT('',(4.085028236383E-02,-0.26119389965));
#3448 = CARTESIAN_POINT('',(8.087002440689E-02,-0.257631301661));
#3449 = CARTESIAN_POINT('',(0.120873585237,-0.253905546594));
#3450 = CARTESIAN_POINT('',(0.160859638449,-0.250021109084));
#3451 = CARTESIAN_POINT('',(0.200826859168,-0.245982041045));
#3452 = CARTESIAN_POINT('',(0.240773924053,-0.241791971669));
#3453 = CARTESIAN_POINT('',(0.301560854741,-0.235187549007));
#3454 = CARTESIAN_POINT('',(0.322416316543,-0.232880651974));
#3455 = CARTESIAN_POINT('',(0.343265702032,-0.230533896986));
#3456 = CARTESIAN_POINT('',(0.364108808152,-0.228147739033));
#3457 = CARTESIAN_POINT('',(0.384945423453,-0.225722607444));
#3458 = CARTESIAN_POINT('',(0.405775328096,-0.223258905878));
#3459 = CARTESIAN_POINT('',(0.426598293848,-0.220757012332));
#3460 = CARTESIAN_POINT('',(0.447414084085,-0.218217279132));
#3461 = ( GEOMETRIC_REPRESENTATION_CONTEXT(2) 
PARAMETRIC_REPRESENTATION_CONTEXT() REPRESENTATION_CONTEXT('2D SPACE',''
  ) );
#3462 = ORIENTED_EDGE('',*,*,#3463,.T.);
#3463 = EDGE_CURVE('',#3394,#3464,#3466,.T.);
#3464 = VERTEX_POINT('',#3465);
#3465 = CARTESIAN_POINT('',(5.30348254466,6.105961298631,
    -9.251831978024E-02));
#3466 = SURFACE_CURVE('',#3467,(#3471),.PCURVE_S1.);
#3467 = LINE('',#3468,#3469);
#3468 = CARTESIAN_POINT('',(5.30348254466,6.105961298631,0.));
#3469 = VECTOR('',#3470,1.);
#3470 = DIRECTION('',(0.,0.,-1.));
#3471 = PCURVE('',#3381,#3472);
#3472 = DEFINITIONAL_REPRESENTATION('',(#3473),#3477);
#3473 = LINE('',#3474,#3475);
#3474 = CARTESIAN_POINT('',(0.447414084085,0.));
#3475 = VECTOR('',#3476,1.);
#3476 = DIRECTION('',(0.,1.));
#3477 = ( GEOMETRIC_REPRESENTATION_CONTEXT(2) 
PARAMETRIC_REPRESENTATION_CONTEXT() REPRESENTATION_CONTEXT('2D SPACE',''
  ) );
#3478 = ORIENTED_EDGE('',*,*,#3479,.F.);
#3479 = EDGE_CURVE('',#3373,#3464,#3480,.T.);
#3480 = SURFACE_CURVE('',#3481,(#3508),.PCURVE_S1.);
#3481 = B_SPLINE_CURVE_WITH_KNOTS('',7,(#3482,#3483,#3484,#3485,#3486,
    #3487,#3488,#3489,#3490,#3491,#3492,#3493,#3494,#3495,#3496,#3497,
    #3498,#3499,#3500,#3501,#3502,#3503,#3504,#3505,#3506,#3507),
  .UNSPECIFIED.,.F.,.F.,(8,6,6,6,8),(0.,0.134876676548,0.345437540692,
    0.71322557619,1.),.UNSPECIFIED.);
#3482 = CARTESIAN_POINT('',(4.42546022513,6.278571428571,-0.142274517463
    ));
#3483 = CARTESIAN_POINT('',(4.442379007464,6.275245370507,
    -0.141602378779));
#3484 = CARTESIAN_POINT('',(4.459299574702,6.271918961548,
    -0.140918443968));
#3485 = CARTESIAN_POINT('',(4.476221503411,6.268592284938,
    -0.140218404336));
#3486 = CARTESIAN_POINT('',(4.493144676215,6.265265363752,-0.13950516149
    ));
#3487 = CARTESIAN_POINT('',(4.51006813828,6.2619383857,-0.138762716661)
  );
#3488 = CARTESIAN_POINT('',(4.526992354632,6.258611259363,
    -0.138005021901));
#3489 = CARTESIAN_POINT('',(4.570338592276,6.250089836222,
    -0.136017323487));
#3490 = CARTESIAN_POINT('',(4.59676131223,6.244895402068,-0.134761951453
    ));
#3491 = CARTESIAN_POINT('',(4.623184480906,6.2397008797,-0.133469084287)
  );
#3492 = CARTESIAN_POINT('',(4.649607755064,6.234506336595,
    -0.132141589794));
#3493 = CARTESIAN_POINT('',(4.676030958963,6.229311807302,
    -0.130780540084));
#3494 = CARTESIAN_POINT('',(4.70245394914,6.224117320025,-0.129386826791
    ));
#3495 = CARTESIAN_POINT('',(4.775028884859,6.209849836379,
    -0.125475377981));
#3496 = CARTESIAN_POINT('',(4.82117981401,6.200777039821,-0.122895004822
    ));
#3497 = CARTESIAN_POINT('',(4.867327876403,6.19170480684,-0.120233412188
    ));
#3498 = CARTESIAN_POINT('',(4.913471800356,6.182633387432,
    -0.117499851296));
#3499 = CARTESIAN_POINT('',(4.95961034319,6.173563025897,-0.114701910478
    ));
#3500 = CARTESIAN_POINT('',(5.005742201667,6.164493978438,
    -0.111846356473));
#3501 = CARTESIAN_POINT('',(5.087829853206,6.148356392999,
    -0.106673790859));
#3502 = CARTESIAN_POINT('',(5.123788804989,6.141287234047,
    -0.104376644246));
#3503 = CARTESIAN_POINT('',(5.159742115515,6.134219184109,
    -0.102051435354));
#3504 = CARTESIAN_POINT('',(5.195689032371,6.1271523911,
    -9.970078804398E-02));
#3505 = CARTESIAN_POINT('',(5.231628713003,6.120087020657,
    -9.732705054877E-02));
#3506 = CARTESIAN_POINT('',(5.267560224713,6.113023256141,
    -9.493229547013E-02));
#3507 = CARTESIAN_POINT('',(5.30348254466,6.105961298631,
    -9.251831978023E-02));
#3508 = PCURVE('',#3381,#3509);
#3509 = DEFINITIONAL_REPRESENTATION('',(#3510),#3537);
#3510 = B_SPLINE_CURVE_WITH_KNOTS('',7,(#3511,#3512,#3513,#3514,#3515,
    #3516,#3517,#3518,#3519,#3520,#3521,#3522,#3523,#3524,#3525,#3526,
    #3527,#3528,#3529,#3530,#3531,#3532,#3533,#3534,#3535,#3536),
  .UNSPECIFIED.,.F.,.F.,(8,6,6,6,8),(0.,0.134876676548,0.345437540692,
    0.71322557619,1.),.UNSPECIFIED.);
#3511 = CARTESIAN_POINT('',(-0.447414084085,0.142274517463));
#3512 = CARTESIAN_POINT('',(-0.430171466596,0.141602378779));
#3513 = CARTESIAN_POINT('',(-0.412927030037,0.140918443968));
#3514 = CARTESIAN_POINT('',(-0.395681205948,0.140218404336));
#3515 = CARTESIAN_POINT('',(-0.378434113952,0.13950516149));
#3516 = CARTESIAN_POINT('',(-0.361186727158,0.138762716661));
#3517 = CARTESIAN_POINT('',(-0.343938571639,0.138005021901));
#3518 = CARTESIAN_POINT('',(-0.299762662251,0.136017323487));
#3519 = CARTESIAN_POINT('',(-0.272834196347,0.134761951453));
#3520 = CARTESIAN_POINT('',(-0.245905273132,0.133469084287));
#3521 = CARTESIAN_POINT('',(-0.218976242416,0.132141589794));
#3522 = CARTESIAN_POINT('',(-0.192047283304,0.130780540084));
#3523 = CARTESIAN_POINT('',(-0.165118542005,0.129386826791));
#3524 = CARTESIAN_POINT('',(-9.115448056828E-02,0.125475377981));
#3525 = CARTESIAN_POINT('',(-4.412019627591E-02,0.122895004822));
#3526 = CARTESIAN_POINT('',(2.911166386378E-03,0.120233412188));
#3527 = CARTESIAN_POINT('',(4.9938311397E-02,0.117499851296));
#3528 = CARTESIAN_POINT('',(9.695997229081E-02,0.114701910478));
#3529 = CARTESIAN_POINT('',(0.143974820886,0.111846356473));
#3530 = CARTESIAN_POINT('',(0.227633676956,0.106673790859));
#3531 = CARTESIAN_POINT('',(0.264280903613,0.104376644246));
#3532 = CARTESIAN_POINT('',(0.300922381035,0.102051435354));
#3533 = CARTESIAN_POINT('',(0.33755734241,9.970078804398E-02));
#3534 = CARTESIAN_POINT('',(0.374184929054,9.732705054877E-02));
#3535 = CARTESIAN_POINT('',(0.410804190419,9.493229547013E-02));
#3536 = CARTESIAN_POINT('',(0.447414084085,9.251831978023E-02));
#3537 = ( GEOMETRIC_REPRESENTATION_CONTEXT(2) 
PARAMETRIC_REPRESENTATION_CONTEXT() REPRESENTATION_CONTEXT('2D SPACE',''
  ) );
#3538 = ( GEOMETRIC_REPRESENTATION_CONTEXT(3) 
GLOBAL_UNCERTAINTY_ASSIGNED_CONTEXT((#3542)) 
GLOBAL_UNIT_ASSIGNED_CONTEXT((#3539,#3540,#3541)) REPRESENTATION_CONTEXT
('Context #1','3D Context with UNIT and UNCERTAINTY') );
#3539 = ( LENGTH_UNIT() NAMED_UNIT(*) SI_UNIT(.MILLI.,.METRE.) );
#3540 = ( NAMED_UNIT(*) PLANE_ANGLE_UNIT() SI_UNIT($,.RADIAN.) );
#3541 = ( NAMED_UNIT(*) SI_UNIT($,.STERADIAN.) SOLID_ANGLE_UNIT() );
#3542 = UNCERTAINTY_MEASURE_WITH_UNIT(LENGTH_MEASURE(5.E-06),#3539,
  'distance_accuracy_value','confusion accuracy');
#3543 = CONTEXT_DEPENDENT_SHAPE_REPRESENTATION(#3544,#3546);
#3544 = ( REPRESENTATION_RELATIONSHIP('','',#3363,#10) 
REPRESENTATION_RELATIONSHIP_WITH_TRANSFORMATION(#3545) 
SHAPE_REPRESENTATION_RELATIONSHIP() );
#3545 = ITEM_DEFINED_TRANSFORMATION('','',#11,#91);
#3546 = PRODUCT_DEFINITION_SHAPE('Placement','Placement of an item',
  #3547);
#3547 = NEXT_ASSEMBLY_USAGE_OCCURRENCE('20','','',#5,#3358,$);
#3548 = PRODUCT_RELATED_PRODUCT_CATEGORY('part',$,(#3360));
#3549 = SHAPE_DEFINITION_REPRESENTATION(#3550,#3556);
#3550 = PRODUCT_DEFINITION_SHAPE('','',#3551);
#3551 = PRODUCT_DEFINITION('design','',#3552,#3555);
#3552 = PRODUCT_DEFINITION_FORMATION('','',#3553);
#3553 = PRODUCT('Open CASCADE STEP translator 7.8 2.21',
  'Open CASCADE STEP translator 7.8 2.21','',(#3554));
#3554 = PRODUCT_CONTEXT('',#2,'mechanical');
#3555 = PRODUCT_DEFINITION_CONTEXT('part definition',#2,'design');
#3556 = MANIFOLD_SURFACE_SHAPE_REPRESENTATION('',(#11,#3557),#3643);
#3557 = SHELL_BASED_SURFACE_MODEL('',(#3558));
#3558 = OPEN_SHELL('',(#3559));
#3559 = ADVANCED_FACE('',(#3560),#3574,.T.);
#3560 = FACE_BOUND('',#3561,.T.);
#3561 = EDGE_LOOP('',(#3562,#3585,#3607,#3623));
#3562 = ORIENTED_EDGE('',*,*,#3563,.F.);
#3563 = EDGE_CURVE('',#3564,#3566,#3568,.T.);
#3564 = VERTEX_POINT('',#3565);
#3565 = CARTESIAN_POINT('',(4.42546022513,6.278571428571,0.29204699239)
  );
#3566 = VERTEX_POINT('',#3567);
#3567 = CARTESIAN_POINT('',(4.42546022513,6.278571428571,-0.142274517463
    ));
#3568 = SURFACE_CURVE('',#3569,(#3573),.PCURVE_S1.);
#3569 = LINE('',#3570,#3571);
#3570 = CARTESIAN_POINT('',(4.42546022513,6.278571428571,0.));
#3571 = VECTOR('',#3572,1.);
#3572 = DIRECTION('',(0.,0.,-1.));
#3573 = PCURVE('',#3574,#3579);
#3574 = PLANE('',#3575);
#3575 = AXIS2_PLACEMENT_3D('',#3576,#3577,#3578);
#3576 = CARTESIAN_POINT('',(4.810388213078,7.275,0.));
#3577 = DIRECTION('',(-0.932815687716,0.360353843812,0.));
#3578 = DIRECTION('',(0.360353843812,0.932815687716,0.));
#3579 = DEFINITIONAL_REPRESENTATION('',(#3580),#3584);
#3580 = LINE('',#3581,#3582);
#3581 = CARTESIAN_POINT('',(-1.068194483165,0.));
#3582 = VECTOR('',#3583,1.);
#3583 = DIRECTION('',(0.,1.));
#3584 = ( GEOMETRIC_REPRESENTATION_CONTEXT(2) 
PARAMETRIC_REPRESENTATION_CONTEXT() REPRESENTATION_CONTEXT('2D SPACE',''
  ) );
#3585 = ORIENTED_EDGE('',*,*,#3586,.T.);
#3586 = EDGE_CURVE('',#3564,#3587,#3589,.T.);
#3587 = VERTEX_POINT('',#3588);
#3588 = CARTESIAN_POINT('',(5.195316201025,8.271428571429,0.260959197321
    ));
#3589 = SURFACE_CURVE('',#3590,(#3597),.PCURVE_S1.);
#3590 = B_SPLINE_CURVE_WITH_KNOTS('',5,(#3591,#3592,#3593,#3594,#3595,
    #3596),.UNSPECIFIED.,.F.,.F.,(6,6),(0.,1.),
  .PIECEWISE_BEZIER_KNOTS.);
#3591 = CARTESIAN_POINT('',(4.42546022513,6.278571428571,0.29204699239)
  );
#3592 = CARTESIAN_POINT('',(4.501950602035,6.47657520947,0.288958210545)
  );
#3593 = CARTESIAN_POINT('',(4.714780828069,7.027509734171,0.280363846588
    ));
#3594 = CARTESIAN_POINT('',(4.909396919006,7.531294960347,0.272504993319
    ));
#3595 = CARTESIAN_POINT('',(5.054977122732,7.908145381644,0.266626273557
    ));
#3596 = CARTESIAN_POINT('',(5.195316201025,8.271428571429,0.260959197321
    ));
#3597 = PCURVE('',#3574,#3598);
#3598 = DEFINITIONAL_REPRESENTATION('',(#3599),#3606);
#3599 = B_SPLINE_CURVE_WITH_KNOTS('',5,(#3600,#3601,#3602,#3603,#3604,
    #3605),.UNSPECIFIED.,.F.,.F.,(6,6),(0.,1.),
  .PIECEWISE_BEZIER_KNOTS.);
#3600 = CARTESIAN_POINT('',(-1.068194483165,-0.29204699239));
#3601 = CARTESIAN_POINT('',(-0.855929848784,-0.288958210545));
#3602 = CARTESIAN_POINT('',(-0.265315291207,-0.280363846588));
#3603 = CARTESIAN_POINT('',(0.274754127446,-0.272504993319));
#3604 = CARTESIAN_POINT('',(0.678746498351,-0.266626273557));
#3605 = CARTESIAN_POINT('',(1.068194483165,-0.260959197321));
#3606 = ( GEOMETRIC_REPRESENTATION_CONTEXT(2) 
PARAMETRIC_REPRESENTATION_CONTEXT() REPRESENTATION_CONTEXT('2D SPACE',''
  ) );
#3607 = ORIENTED_EDGE('',*,*,#3608,.T.);
#3608 = EDGE_CURVE('',#3587,#3609,#3611,.T.);
#3609 = VERTEX_POINT('',#3610);
#3610 = CARTESIAN_POINT('',(5.195316201025,8.271428571429,
    -0.127129690918));
#3611 = SURFACE_CURVE('',#3612,(#3616),.PCURVE_S1.);
#3612 = LINE('',#3613,#3614);
#3613 = CARTESIAN_POINT('',(5.195316201025,8.271428571429,0.));
#3614 = VECTOR('',#3615,1.);
#3615 = DIRECTION('',(0.,0.,-1.));
#3616 = PCURVE('',#3574,#3617);
#3617 = DEFINITIONAL_REPRESENTATION('',(#3618),#3622);
#3618 = LINE('',#3619,#3620);
#3619 = CARTESIAN_POINT('',(1.068194483165,0.));
#3620 = VECTOR('',#3621,1.);
#3621 = DIRECTION('',(0.,1.));
#3622 = ( GEOMETRIC_REPRESENTATION_CONTEXT(2) 
PARAMETRIC_REPRESENTATION_CONTEXT() REPRESENTATION_CONTEXT('2D SPACE',''
  ) );
#3623 = ORIENTED_EDGE('',*,*,#3624,.F.);
#3624 = EDGE_CURVE('',#3566,#3609,#3625,.T.);
#3625 = SURFACE_CURVE('',#3626,(#3633),.PCURVE_S1.);
#3626 = B_SPLINE_CURVE_WITH_KNOTS('',5,(#3627,#3628,#3629,#3630,#3631,
    #3632),.UNSPECIFIED.,.F.,.F.,(6,6),(0.,1.),
  .PIECEWISE_BEZIER_KNOTS.);
#3627 = CARTESIAN_POINT('',(4.42546022513,6.278571428571,-0.142274517463
    ));
#3628 = CARTESIAN_POINT('',(4.501950602035,6.47657520947,-0.140769776931
    ));
#3629 = CARTESIAN_POINT('',(4.714780828069,7.027509734171,
    -0.136582919963));
#3630 = CARTESIAN_POINT('',(4.909396919006,7.531294960347,
    -0.132754376661));
#3631 = CARTESIAN_POINT('',(5.054977122732,7.908145381644,
    -0.129890481332));
#3632 = CARTESIAN_POINT('',(5.195316201025,8.271428571429,
    -0.127129690918));
#3633 = PCURVE('',#3574,#3634);
#3634 = DEFINITIONAL_REPRESENTATION('',(#3635),#3642);
#3635 = B_SPLINE_CURVE_WITH_KNOTS('',5,(#3636,#3637,#3638,#3639,#3640,
    #3641),.UNSPECIFIED.,.F.,.F.,(6,6),(0.,1.),
  .PIECEWISE_BEZIER_KNOTS.);
#3636 = CARTESIAN_POINT('',(-1.068194483165,0.142274517463));
#3637 = CARTESIAN_POINT('',(-0.855929848784,0.140769776931));
#3638 = CARTESIAN_POINT('',(-0.265315291207,0.136582919963));
#3639 = CARTESIAN_POINT('',(0.274754127446,0.132754376661));
#3640 = CARTESIAN_POINT('',(0.678746498351,0.129890481332));
#3641 = CARTESIAN_POINT('',(1.068194483165,0.127129690918));
#3642 = ( GEOMETRIC_REPRESENTATION_CONTEXT(2) 
PARAMETRIC_REPRESENTATION_CONTEXT() REPRESENTATION_CONTEXT('2D SPACE',''
  ) );
#3643 = ( GEOMETRIC_REPRESENTATION_CONTEXT(3) 
GLOBAL_UNCERTAINTY_ASSIGNED_CONTEXT((#3647)) 
GLOBAL_UNIT_ASSIGNED_CONTEXT((#3644,#3645,#3646)) REPRESENTATION_CONTEXT
('Context #1','3D Context with UNIT and UNCERTAINTY') );
#3644 = ( LENGTH_UNIT() NAMED_UNIT(*) SI_UNIT(.MILLI.,.METRE.) );
#3645 = ( NAMED_UNIT(*) PLANE_ANGLE_UNIT() SI_UNIT($,.RADIAN.) );
#3646 = ( NAMED_UNIT(*) SI_UNIT($,.STERADIAN.) SOLID_ANGLE_UNIT() );
#3647 = UNCERTAINTY_MEASURE_WITH_UNIT(LENGTH_MEASURE(5.E-06),#3644,
  'distance_accuracy_value','confusion accuracy');
#3648 = CONTEXT_DEPENDENT_SHAPE_REPRESENTATION(#3649,#3651);
#3649 = ( REPRESENTATION_RELATIONSHIP('','',#3556,#10) 
REPRESENTATION_RELATIONSHIP_WITH_TRANSFORMATION(#3650) 
SHAPE_REPRESENTATION_RELATIONSHIP() );
#3650 = ITEM_DEFINED_TRANSFORMATION('','',#11,#95);
#3651 = PRODUCT_DEFINITION_SHAPE('Placement','Placement of an item',
  #3652);
#3652 = NEXT_ASSEMBLY_USAGE_OCCURRENCE('21','','',#5,#3551,$);
#3653 = PRODUCT_RELATED_PRODUCT_CATEGORY('part',$,(#3553));
#3654 = SHAPE_DEFINITION_REPRESENTATION(#3655,#3661);
#3655 = PRODUCT_DEFINITION_SHAPE('','',#3656);
#3656 = PRODUCT_DEFINITION('design','',#3657,#3660);
#3657 = PRODUCT_DEFINITION_FORMATION('','',#3658);
#3658 = PRODUCT('Open CASCADE STEP translator 7.8 2.22',
  'Open CASCADE STEP translator 7.8 2.22','',(#3659));
#3659 = PRODUCT_CONTEXT('',#2,'mechanical');
#3660 = PRODUCT_DEFINITION_CONTEXT('part definition',#2,'design');
#3661 = MANIFOLD_SURFACE_SHAPE_REPRESENTATION('',(#11,#3662),#3810);
#3662 = SHELL_BASED_SURFACE_MODEL('',(#3663));
#3663 = OPEN_SHELL('',(#3664));
#3664 = ADVANCED_FACE('',(#3665),#3679,.T.);
#3665 = FACE_BOUND('',#3666,.T.);
#3666 = EDGE_LOOP('',(#3667,#3690,#3746,#3762));
#3667 = ORIENTED_EDGE('',*,*,#3668,.F.);
#3668 = EDGE_CURVE('',#3669,#3671,#3673,.T.);
#3669 = VERTEX_POINT('',#3670);
#3670 = CARTESIAN_POINT('',(5.195316201025,8.271428571429,0.260959197321
    ));
#3671 = VERTEX_POINT('',#3672);
#3672 = CARTESIAN_POINT('',(5.195316201025,8.271428571429,
    -0.127129690918));
#3673 = SURFACE_CURVE('',#3674,(#3678),.PCURVE_S1.);
#3674 = LINE('',#3675,#3676);
#3675 = CARTESIAN_POINT('',(5.195316201025,8.271428571429,0.));
#3676 = VECTOR('',#3677,1.);
#3677 = DIRECTION('',(-0.,0.,-1.));
#3678 = PCURVE('',#3679,#3684);
#3679 = PLANE('',#3680);
#3680 = AXIS2_PLACEMENT_3D('',#3681,#3682,#3683);
#3681 = CARTESIAN_POINT('',(5.011561747605,8.808802435638,0.));
#3682 = DIRECTION('',(-0.946209259935,-0.323555306577,0.));
#3683 = DIRECTION('',(-0.323555306577,0.946209259935,0.));
#3684 = DEFINITIONAL_REPRESENTATION('',(#3685),#3689);
#3685 = LINE('',#3686,#3687);
#3686 = CARTESIAN_POINT('',(-0.567922854873,0.));
#3687 = VECTOR('',#3688,1.);
#3688 = DIRECTION('',(0.,1.));
#3689 = ( GEOMETRIC_REPRESENTATION_CONTEXT(2) 
PARAMETRIC_REPRESENTATION_CONTEXT() REPRESENTATION_CONTEXT('2D SPACE',''
  ) );
#3690 = ORIENTED_EDGE('',*,*,#3691,.F.);
#3691 = EDGE_CURVE('',#3692,#3669,#3694,.T.);
#3692 = VERTEX_POINT('',#3693);
#3693 = CARTESIAN_POINT('',(4.827807294185,9.346176299847,0.206859449004
    ));
#3694 = SURFACE_CURVE('',#3695,(#3719),.PCURVE_S1.);
#3695 = B_SPLINE_CURVE_WITH_KNOTS('',8,(#3696,#3697,#3698,#3699,#3700,
    #3701,#3702,#3703,#3704,#3705,#3706,#3707,#3708,#3709,#3710,#3711,
    #3712,#3713,#3714,#3715,#3716,#3717,#3718),.UNSPECIFIED.,.F.,.F.,(9,
    7,7,9),(0.,0.364198422294,0.811344042925,1.),.UNSPECIFIED.);
#3696 = CARTESIAN_POINT('',(4.827807294185,9.346176299847,0.206859449004
    ));
#3697 = CARTESIAN_POINT('',(4.844299023722,9.29794767592,0.213482474372)
  );
#3698 = CARTESIAN_POINT('',(4.86084567734,9.249558431309,0.219473408897)
  );
#3699 = CARTESIAN_POINT('',(4.877436526554,9.201039940538,0.224897263377
    ));
#3700 = CARTESIAN_POINT('',(4.894063402673,9.152416092225,0.22980243305)
  );
#3701 = CARTESIAN_POINT('',(4.910720034281,9.103705226582,0.234227406316
    ));
#3702 = CARTESIAN_POINT('',(4.927401615718,9.054921397343,0.238204937344
    ));
#3703 = CARTESIAN_POINT('',(4.944104606573,9.006074958127,0.241763682555
    ));
#3704 = CARTESIAN_POINT('',(4.981357435021,8.897132312095,0.248811442303
    ));
#3705 = CARTESIAN_POINT('',(5.001915644015,8.837011623844,0.25210053437)
  );
#3706 = CARTESIAN_POINT('',(5.022496497093,8.77682471495,0.254839320464)
  );
#3707 = CARTESIAN_POINT('',(5.043094417094,8.716587895327,0.257064467261
    ));
#3708 = CARTESIAN_POINT('',(5.063708843766,8.656302803384,0.258806510492
    ));
#3709 = CARTESIAN_POINT('',(5.08433323531,8.595988570045,0.260096097728)
  );
#3710 = CARTESIAN_POINT('',(5.104967784022,8.53564463295,0.260953018474)
  );
#3711 = CARTESIAN_POINT('',(5.134320104006,8.449806334507,0.261590375523
    ));
#3712 = CARTESIAN_POINT('',(5.143031010966,8.424332047235,0.261706164485
    ));
#3713 = CARTESIAN_POINT('',(5.151743312877,8.39885368055,0.261753840103)
  );
#3714 = CARTESIAN_POINT('',(5.160456310177,8.373373280262,0.261723581549
    ));
#3715 = CARTESIAN_POINT('',(5.169170661964,8.347888918896,0.261638928017
    ));
#3716 = CARTESIAN_POINT('',(5.177885186603,8.322404052037,0.261473121537
    ));
#3717 = CARTESIAN_POINT('',(5.18660044087,8.296917051445,0.261245487776)
  );
#3718 = CARTESIAN_POINT('',(5.195316201025,8.271428571429,0.260959197321
    ));
#3719 = PCURVE('',#3679,#3720);
#3720 = DEFINITIONAL_REPRESENTATION('',(#3721),#3745);
#3721 = B_SPLINE_CURVE_WITH_KNOTS('',8,(#3722,#3723,#3724,#3725,#3726,
    #3727,#3728,#3729,#3730,#3731,#3732,#3733,#3734,#3735,#3736,#3737,
    #3738,#3739,#3740,#3741,#3742,#3743,#3744),.UNSPECIFIED.,.F.,.F.,(9,
    7,7,9),(0.,0.364198422294,0.811344042925,1.),.UNSPECIFIED.);
#3722 = CARTESIAN_POINT('',(0.567922854873,-0.206859449004));
#3723 = CARTESIAN_POINT('',(0.516952497713,-0.213482474372));
#3724 = CARTESIAN_POINT('',(0.465812388797,-0.219473408897));
#3725 = CARTESIAN_POINT('',(0.414535686247,-0.224897263377));
#3726 = CARTESIAN_POINT('',(0.36314763672,-0.22980243305));
#3727 = CARTESIAN_POINT('',(0.311667623042,-0.234227406316));
#3728 = CARTESIAN_POINT('',(0.260110497885,-0.238204937344));
#3729 = CARTESIAN_POINT('',(0.208487203457,-0.241763682555));
#3730 = CARTESIAN_POINT('',(9.335131265045E-02,-0.248811442303));
#3731 = CARTESIAN_POINT('',(2.981284310053E-02,-0.25210053437));
#3732 = CARTESIAN_POINT('',(-3.37956116492E-02,-0.254839320464));
#3733 = CARTESIAN_POINT('',(-9.745681448646E-02,-0.257064467261));
#3734 = CARTESIAN_POINT('',(-0.161169033861,-0.258806510492));
#3735 = CARTESIAN_POINT('',(-0.224912051281,-0.260096097728));
#3736 = CARTESIAN_POINT('',(-0.288686461075,-0.260953018474));
#3737 = CARTESIAN_POINT('',(-0.37940455281,-0.261590375523));
#3738 = CARTESIAN_POINT('',(-0.40632701949,-0.261706164485));
#3739 = CARTESIAN_POINT('',(-0.433253797491,-0.261753840103));
#3740 = CARTESIAN_POINT('',(-0.460182724702,-0.261723581549));
#3741 = CARTESIAN_POINT('',(-0.487115838175,-0.261638928017));
#3742 = CARTESIAN_POINT('',(-0.514049485876,-0.261473121537));
#3743 = CARTESIAN_POINT('',(-0.54098538861,-0.261245487776));
#3744 = CARTESIAN_POINT('',(-0.567922854873,-0.260959197321));
#3745 = ( GEOMETRIC_REPRESENTATION_CONTEXT(2) 
PARAMETRIC_REPRESENTATION_CONTEXT() REPRESENTATION_CONTEXT('2D SPACE',''
  ) );
#3746 = ORIENTED_EDGE('',*,*,#3747,.T.);
#3747 = EDGE_CURVE('',#3692,#3748,#3750,.T.);
#3748 = VERTEX_POINT('',#3749);
#3749 = CARTESIAN_POINT('',(4.827807294185,9.346176299847,
    -0.128426681887));
#3750 = SURFACE_CURVE('',#3751,(#3755),.PCURVE_S1.);
#3751 = LINE('',#3752,#3753);
#3752 = CARTESIAN_POINT('',(4.827807294185,9.346176299847,0.));
#3753 = VECTOR('',#3754,1.);
#3754 = DIRECTION('',(-0.,0.,-1.));
#3755 = PCURVE('',#3679,#3756);
#3756 = DEFINITIONAL_REPRESENTATION('',(#3757),#3761);
#3757 = LINE('',#3758,#3759);
#3758 = CARTESIAN_POINT('',(0.567922854873,0.));
#3759 = VECTOR('',#3760,1.);
#3760 = DIRECTION('',(0.,1.));
#3761 = ( GEOMETRIC_REPRESENTATION_CONTEXT(2) 
PARAMETRIC_REPRESENTATION_CONTEXT() REPRESENTATION_CONTEXT('2D SPACE',''
  ) );
#3762 = ORIENTED_EDGE('',*,*,#3763,.T.);
#3763 = EDGE_CURVE('',#3748,#3671,#3764,.T.);
#3764 = SURFACE_CURVE('',#3765,(#3786),.PCURVE_S1.);
#3765 = B_SPLINE_CURVE_WITH_KNOTS('',7,(#3766,#3767,#3768,#3769,#3770,
    #3771,#3772,#3773,#3774,#3775,#3776,#3777,#3778,#3779,#3780,#3781,
    #3782,#3783,#3784,#3785),.UNSPECIFIED.,.F.,.F.,(8,6,6,8),(0.,
    0.5119613177,0.841974728128,1.),.UNSPECIFIED.);
#3766 = CARTESIAN_POINT('',(4.827807294185,9.346176299847,
    -0.128426681887));
#3767 = CARTESIAN_POINT('',(4.85443524427,9.268305183434,-0.131665997082
    ));
#3768 = CARTESIAN_POINT('',(4.881158417042,9.190155596588,
    -0.133775593758));
#3769 = CARTESIAN_POINT('',(4.907943552271,9.111824805938,
    -0.135077653277));
#3770 = CARTESIAN_POINT('',(4.934772609566,9.033365569042,-0.13574174442
    ));
#3771 = CARTESIAN_POINT('',(4.961633043293,8.95481457451,-0.135904447215
    ));
#3772 = CARTESIAN_POINT('',(4.98851924513,8.876188223385,-0.135664437049
    ));
#3773 = CARTESIAN_POINT('',(5.032777254939,8.746759535749,
    -0.134738769588));
#3774 = CARTESIAN_POINT('',(5.050133291353,8.696003321782,
    -0.134241902981));
#3775 = CARTESIAN_POINT('',(5.067497172011,8.645224168011,
    -0.133632245536));
#3776 = CARTESIAN_POINT('',(5.084867448007,8.594426311628,
    -0.132926624317));
#3777 = CARTESIAN_POINT('',(5.102244790884,8.543607788771,
    -0.132143817414));
#3778 = CARTESIAN_POINT('',(5.119626757758,8.492775743434,-0.13129284225
    ));
#3779 = CARTESIAN_POINT('',(5.145339045389,8.41758240197,-0.129952604469
    ));
#3780 = CARTESIAN_POINT('',(5.153665687184,8.39323186464,-0.129505505284
    ));
#3781 = CARTESIAN_POINT('',(5.161993514392,8.368877860674,
    -0.129049941513));
#3782 = CARTESIAN_POINT('',(5.170322363783,8.344520867424,
    -0.128578487681));
#3783 = CARTESIAN_POINT('',(5.178652539077,8.320159996687,
    -0.128106147631));
#3784 = CARTESIAN_POINT('',(5.186983879441,8.295795718804,
    -0.127624374848));
#3785 = CARTESIAN_POINT('',(5.195316201025,8.271428571429,
    -0.127129690918));
#3786 = PCURVE('',#3679,#3787);
#3787 = DEFINITIONAL_REPRESENTATION('',(#3788),#3809);
#3788 = B_SPLINE_CURVE_WITH_KNOTS('',7,(#3789,#3790,#3791,#3792,#3793,
    #3794,#3795,#3796,#3797,#3798,#3799,#3800,#3801,#3802,#3803,#3804,
    #3805,#3806,#3807,#3808),.UNSPECIFIED.,.F.,.F.,(8,6,6,8),(0.,
    0.5119613177,0.841974728128,1.),.UNSPECIFIED.);
#3789 = CARTESIAN_POINT('',(0.567922854873,0.128426681887));
#3790 = CARTESIAN_POINT('',(0.485624868889,0.131665997082));
#3791 = CARTESIAN_POINT('',(0.403032581795,0.133775593758));
#3792 = CARTESIAN_POINT('',(0.320248789703,0.135077653277));
#3793 = CARTESIAN_POINT('',(0.237329249367,0.13574174442));
#3794 = CARTESIAN_POINT('',(0.154312735094,0.135904447215));
#3795 = CARTESIAN_POINT('',(7.121658030684E-02,0.135664437049));
#3796 = CARTESIAN_POINT('',(-6.556995636739E-02,0.134738769588));
#3797 = CARTESIAN_POINT('',(-0.119211593705,0.134241902981));
#3798 = CARTESIAN_POINT('',(-0.172877474945,0.133632245536));
#3799 = CARTESIAN_POINT('',(-0.226563122014,0.132926624317));
#3800 = CARTESIAN_POINT('',(-0.28027061042,0.132143817414));
#3801 = CARTESIAN_POINT('',(-0.33399239004,0.13129284225));
#3802 = CARTESIAN_POINT('',(-0.413460373125,0.129952604469));
#3803 = CARTESIAN_POINT('',(-0.439195206171,0.129505505284));
#3804 = CARTESIAN_POINT('',(-0.464933702925,0.129049941513));
#3805 = CARTESIAN_POINT('',(-0.490675358901,0.128578487681));
#3806 = CARTESIAN_POINT('',(-0.516421112793,0.128106147631));
#3807 = CARTESIAN_POINT('',(-0.542170467524,0.127624374848));
#3808 = CARTESIAN_POINT('',(-0.567922854873,0.127129690918));
#3809 = ( GEOMETRIC_REPRESENTATION_CONTEXT(2) 
PARAMETRIC_REPRESENTATION_CONTEXT() REPRESENTATION_CONTEXT('2D SPACE',''
  ) );
#3810 = ( GEOMETRIC_REPRESENTATION_CONTEXT(3) 
GLOBAL_UNCERTAINTY_ASSIGNED_CONTEXT((#3814)) 
GLOBAL_UNIT_ASSIGNED_CONTEXT((#3811,#3812,#3813)) REPRESENTATION_CONTEXT
('Context #1','3D Context with UNIT and UNCERTAINTY') );
#3811 = ( LENGTH_UNIT() NAMED_UNIT(*) SI_UNIT(.MILLI.,.METRE.) );
#3812 = ( NAMED_UNIT(*) PLANE_ANGLE_UNIT() SI_UNIT($,.RADIAN.) );
#3813 = ( NAMED_UNIT(*) SI_UNIT($,.STERADIAN.) SOLID_ANGLE_UNIT() );
#3814 = UNCERTAINTY_MEASURE_WITH_UNIT(LENGTH_MEASURE(5.E-06),#3811,
  'distance_accuracy_value','confusion accuracy');
#3815 = CONTEXT_DEPENDENT_SHAPE_REPRESENTATION(#3816,#3818);
#3816 = ( REPRESENTATION_RELATIONSHIP('','',#3661,#10) 
REPRESENTATION_RELATIONSHIP_WITH_TRANSFORMATION(#3817) 
SHAPE_REPRESENTATION_RELATIONSHIP() );
#3817 = ITEM_DEFINED_TRANSFORMATION('','',#11,#99);
#3818 = PRODUCT_DEFINITION_SHAPE('Placement','Placement of an item',
  #3819);
#3819 = NEXT_ASSEMBLY_USAGE_OCCURRENCE('22','','',#5,#3656,$);
#3820 = PRODUCT_RELATED_PRODUCT_CATEGORY('part',$,(#3658));
#3821 = SHAPE_DEFINITION_REPRESENTATION(#3822,#3828);
#3822 = PRODUCT_DEFINITION_SHAPE('','',#3823);
#3823 = PRODUCT_DEFINITION('design','',#3824,#3827);
#3824 = PRODUCT_DEFINITION_FORMATION('','',#3825);
#3825 = PRODUCT('Open CASCADE STEP translator 7.8 2.23',
  'Open CASCADE STEP translator 7.8 2.23','',(#3826));
#3826 = PRODUCT_CONTEXT('',#2,'mechanical');
#3827 = PRODUCT_DEFINITION_CONTEXT('part definition',#2,'design');
#3828 = MANIFOLD_SURFACE_SHAPE_REPRESENTATION('',(#11,#3829),#3983);
#3829 = SHELL_BASED_SURFACE_MODEL('',(#3830));
#3830 = OPEN_SHELL('',(#3831));
#3831 = ADVANCED_FACE('',(#3832),#3846,.T.);
#3832 = FACE_BOUND('',#3833,.T.);
#3833 = EDGE_LOOP('',(#3834,#3857,#3913,#3929));
#3834 = ORIENTED_EDGE('',*,*,#3835,.F.);
#3835 = EDGE_CURVE('',#3836,#3838,#3840,.T.);
#3836 = VERTEX_POINT('',#3837);
#3837 = CARTESIAN_POINT('',(5.195316201025,8.271428571429,0.260959197321
    ));
#3838 = VERTEX_POINT('',#3839);
#3839 = CARTESIAN_POINT('',(5.195316201025,8.271428571429,
    -0.127129690918));
#3840 = SURFACE_CURVE('',#3841,(#3845),.PCURVE_S1.);
#3841 = LINE('',#3842,#3843);
#3842 = CARTESIAN_POINT('',(5.195316201025,8.271428571429,0.));
#3843 = VECTOR('',#3844,1.);
#3844 = DIRECTION('',(0.,0.,-1.));
#3845 = PCURVE('',#3846,#3851);
#3846 = PLANE('',#3847);
#3847 = AXIS2_PLACEMENT_3D('',#3848,#3849,#3850);
#3848 = CARTESIAN_POINT('',(5.708768035993,8.554612873246,0.));
#3849 = DIRECTION('',(-0.482947288124,0.875649425794,0.));
#3850 = DIRECTION('',(0.875649425794,0.482947288124,0.));
#3851 = DEFINITIONAL_REPRESENTATION('',(#3852),#3856);
#3852 = LINE('',#3853,#3854);
#3853 = CARTESIAN_POINT('',(-0.586366895065,0.));
#3854 = VECTOR('',#3855,1.);
#3855 = DIRECTION('',(0.,1.));
#3856 = ( GEOMETRIC_REPRESENTATION_CONTEXT(2) 
PARAMETRIC_REPRESENTATION_CONTEXT() REPRESENTATION_CONTEXT('2D SPACE',''
  ) );
#3857 = ORIENTED_EDGE('',*,*,#3858,.T.);
#3858 = EDGE_CURVE('',#3836,#3859,#3861,.T.);
#3859 = VERTEX_POINT('',#3860);
#3860 = CARTESIAN_POINT('',(6.222219870961,8.837797175063,0.186665839748
    ));
#3861 = SURFACE_CURVE('',#3862,(#3886),.PCURVE_S1.);
#3862 = B_SPLINE_CURVE_WITH_KNOTS('',8,(#3863,#3864,#3865,#3866,#3867,
    #3868,#3869,#3870,#3871,#3872,#3873,#3874,#3875,#3876,#3877,#3878,
    #3879,#3880,#3881,#3882,#3883,#3884,#3885),.UNSPECIFIED.,.F.,.F.,(9,
    7,7,9),(0.,0.160014132311,0.67904571916,1.),.UNSPECIFIED.);
#3863 = CARTESIAN_POINT('',(5.195316201025,8.271428571429,0.260959197321
    ));
#3864 = CARTESIAN_POINT('',(5.215899737991,8.282781018041,0.260185306591
    ));
#3865 = CARTESIAN_POINT('',(5.236481893538,8.29413270276,0.259367476142)
  );
#3866 = CARTESIAN_POINT('',(5.257062613548,8.305483595735,0.258506653818
    ));
#3867 = CARTESIAN_POINT('',(5.277642086823,8.316833801099,0.257609333945
    ));
#3868 = CARTESIAN_POINT('',(5.29822041697,8.328183375992,0.25667994031)
  );
#3869 = CARTESIAN_POINT('',(5.3187975118,8.339532269571,0.255718131407)
  );
#3870 = CARTESIAN_POINT('',(5.33937319024,8.350880381968,0.254721027954)
  );
#3871 = CARTESIAN_POINT('',(5.426683613162,8.399034735449,0.250347234038
    ));
#3872 = CARTESIAN_POINT('',(5.493404608281,8.435833393341,0.246649523247
    ));
#3873 = CARTESIAN_POINT('',(5.560109754916,8.472623310313,0.24257694001)
  );
#3874 = CARTESIAN_POINT('',(5.626792813252,8.509401044916,0.238209245861
    ));
#3875 = CARTESIAN_POINT('',(5.693453712214,8.54616655795,0.233493133064)
  );
#3876 = CARTESIAN_POINT('',(5.760088506544,8.582917673486,0.228476069949
    ));
#3877 = CARTESIAN_POINT('',(5.826694466426,8.619652885948,0.223153215326
    ));
#3878 = CARTESIAN_POINT('',(5.934436115236,8.67907568185,0.214061186282)
  );
#3879 = CARTESIAN_POINT('',(5.975591391169,8.70177406812,0.210474146236)
  );
#3880 = CARTESIAN_POINT('',(6.016733698161,8.724465301625,0.206775856862
    ));
#3881 = CARTESIAN_POINT('',(6.057862238379,8.747148942334,0.202967921456
    ));
#3882 = CARTESIAN_POINT('',(6.098976131019,8.76982450446,0.199051773437)
  );
#3883 = CARTESIAN_POINT('',(6.140074412314,8.792491456454,0.195028676347
    ));
#3884 = CARTESIAN_POINT('',(6.181156035528,8.81514922101,0.190899723853)
  );
#3885 = CARTESIAN_POINT('',(6.222219870961,8.837797175063,0.186665839748
    ));
#3886 = PCURVE('',#3846,#3887);
#3887 = DEFINITIONAL_REPRESENTATION('',(#3888),#3912);
#3888 = B_SPLINE_CURVE_WITH_KNOTS('',8,(#3889,#3890,#3891,#3892,#3893,
    #3894,#3895,#3896,#3897,#3898,#3899,#3900,#3901,#3902,#3903,#3904,
    #3905,#3906,#3907,#3908,#3909,#3910,#3911),.UNSPECIFIED.,.F.,.F.,(9,
    7,7,9),(0.,0.160014132311,0.67904571916,1.),.UNSPECIFIED.);
#3889 = CARTESIAN_POINT('',(-0.586366895065,-0.260959197321));
#3890 = CARTESIAN_POINT('',(-0.562860299434,-0.260185306591));
#3891 = CARTESIAN_POINT('',(-0.539355281397,-0.259367476142));
#3892 = CARTESIAN_POINT('',(-0.515851902758,-0.258506653818));
#3893 = CARTESIAN_POINT('',(-0.492349947902,-0.257609333945));
#3894 = CARTESIAN_POINT('',(-0.468849298508,-0.25667994031));
#3895 = CARTESIAN_POINT('',(-0.44535005986,-0.255718131407));
#3896 = CARTESIAN_POINT('',(-0.421852438741,-0.254721027954));
#3897 = CARTESIAN_POINT('',(-0.322143102618,-0.250347234038));
#3898 = CARTESIAN_POINT('',(-0.245947089518,-0.246649523247));
#3899 = CARTESIAN_POINT('',(-0.169769175538,-0.24257694001));
#3900 = CARTESIAN_POINT('',(-9.361648660579E-02,-0.238209245861));
#3901 = CARTESIAN_POINT('',(-1.748910389044E-02,-0.233493133064));
#3902 = CARTESIAN_POINT('',(5.860846708631E-02,-0.228476069949));
#3903 = CARTESIAN_POINT('',(0.134673108849,-0.223153215326));
#3904 = CARTESIAN_POINT('',(0.257715099897,-0.214061186282));
#3905 = CARTESIAN_POINT('',(0.304714817729,-0.210474146236));
#3906 = CARTESIAN_POINT('',(0.351699724909,-0.206775856862));
#3907 = CARTESIAN_POINT('',(0.3986689103,-0.202967921456));
#3908 = CARTESIAN_POINT('',(0.445621368017,-0.199051773437));
#3909 = CARTESIAN_POINT('',(0.49255599743,-0.195028676347));
#3910 = CARTESIAN_POINT('',(0.539471603155,-0.190899723853));
#3911 = CARTESIAN_POINT('',(0.586366895065,-0.186665839748));
#3912 = ( GEOMETRIC_REPRESENTATION_CONTEXT(2) 
PARAMETRIC_REPRESENTATION_CONTEXT() REPRESENTATION_CONTEXT('2D SPACE',''
  ) );
#3913 = ORIENTED_EDGE('',*,*,#3914,.T.);
#3914 = EDGE_CURVE('',#3859,#3915,#3917,.T.);
#3915 = VERTEX_POINT('',#3916);
#3916 = CARTESIAN_POINT('',(6.222219870961,8.837797175063,
    -7.914134707154E-02));
#3917 = SURFACE_CURVE('',#3918,(#3922),.PCURVE_S1.);
#3918 = LINE('',#3919,#3920);
#3919 = CARTESIAN_POINT('',(6.222219870961,8.837797175063,0.));
#3920 = VECTOR('',#3921,1.);
#3921 = DIRECTION('',(0.,0.,-1.));
#3922 = PCURVE('',#3846,#3923);
#3923 = DEFINITIONAL_REPRESENTATION('',(#3924),#3928);
#3924 = LINE('',#3925,#3926);
#3925 = CARTESIAN_POINT('',(0.586366895065,0.));
#3926 = VECTOR('',#3927,1.);
#3927 = DIRECTION('',(0.,1.));
#3928 = ( GEOMETRIC_REPRESENTATION_CONTEXT(2) 
PARAMETRIC_REPRESENTATION_CONTEXT() REPRESENTATION_CONTEXT('2D SPACE',''
  ) );
#3929 = ORIENTED_EDGE('',*,*,#3930,.F.);
#3930 = EDGE_CURVE('',#3838,#3915,#3931,.T.);
#3931 = SURFACE_CURVE('',#3932,(#3956),.PCURVE_S1.);
#3932 = B_SPLINE_CURVE_WITH_KNOTS('',8,(#3933,#3934,#3935,#3936,#3937,
    #3938,#3939,#3940,#3941,#3942,#3943,#3944,#3945,#3946,#3947,#3948,
    #3949,#3950,#3951,#3952,#3953,#3954,#3955),.UNSPECIFIED.,.F.,.F.,(9,
    7,7,9),(0.,0.114528221937,0.493374317948,1.),.UNSPECIFIED.);
#3933 = CARTESIAN_POINT('',(5.195316201025,8.271428571429,
    -0.127129690918));
#3934 = CARTESIAN_POINT('',(5.210028860224,8.279543050411,
    -0.126624451458));
#3935 = CARTESIAN_POINT('',(5.224741732501,8.287657646912,
    -0.126113774156));
#3936 = CARTESIAN_POINT('',(5.239454764656,8.29577233159,-0.125597242764
    ));
#3937 = CARTESIAN_POINT('',(5.254167875058,8.303887059424,
    -0.125073770861));
#3938 = CARTESIAN_POINT('',(5.268880972971,8.312001780371,
    -0.124542085233));
#3939 = CARTESIAN_POINT('',(5.283593977881,8.320116450023,
    -0.124001209271));
#3940 = CARTESIAN_POINT('',(5.298306838818,8.328231040269,
    -0.123450946357));
#3941 = CARTESIAN_POINT('',(5.361687510751,8.363187408341,-0.12104463502
    ));
#3942 = CARTESIAN_POINT('',(5.410353720927,8.390028303265,
    -0.119104572227));
#3943 = CARTESIAN_POINT('',(5.459017552515,8.416867886325,
    -0.117080540481));
#3944 = CARTESIAN_POINT('',(5.507676166496,8.443704591716,
    -0.115006425521));
#3945 = CARTESIAN_POINT('',(5.556332313853,8.470539936689,
    -0.112844006589));
#3946 = CARTESIAN_POINT('',(5.60498308927,8.497372318874,-0.110629804803
    ));
#3947 = CARTESIAN_POINT('',(5.653628762513,8.524201887054,
    -0.108356393659));
#3948 = CARTESIAN_POINT('',(5.767313586929,8.586902525044,
    -0.102924189777));
#3949 = CARTESIAN_POINT('',(5.832347917405,8.622770936092,
    -9.972427546851E-02));
#3950 = CARTESIAN_POINT('',(5.897369888815,8.658632530739,
    -9.64436739488E-02));
#3951 = CARTESIAN_POINT('',(5.9623777457,8.694486340797,
    -9.309241339894E-02));
#3952 = CARTESIAN_POINT('',(6.027369415632,8.730331223258,
    -8.967937837184E-02));
#3953 = CARTESIAN_POINT('',(6.092342416172,8.766165808981,
    -8.621231119881E-02));
#3954 = CARTESIAN_POINT('',(6.157293761819,8.801988451372,
    -8.269781339613E-02));
#3955 = CARTESIAN_POINT('',(6.222219870961,8.837797175063,
    -7.914134707154E-02));
#3956 = PCURVE('',#3846,#3957);
#3957 = DEFINITIONAL_REPRESENTATION('',(#3958),#3982);
#3958 = B_SPLINE_CURVE_WITH_KNOTS('',8,(#3959,#3960,#3961,#3962,#3963,
    #3964,#3965,#3966,#3967,#3968,#3969,#3970,#3971,#3972,#3973,#3974,
    #3975,#3976,#3977,#3978,#3979,#3980,#3981),.UNSPECIFIED.,.F.,.F.,(9,
    7,7,9),(0.,0.114528221937,0.493374317948,1.),.UNSPECIFIED.);
#3959 = CARTESIAN_POINT('',(-0.586366895065,0.127129690918));
#3960 = CARTESIAN_POINT('',(-0.569564897866,0.126624451458));
#3961 = CARTESIAN_POINT('',(-0.55276265733,0.126113774156));
#3962 = CARTESIAN_POINT('',(-0.535960234213,0.125597242764));
#3963 = CARTESIAN_POINT('',(-0.519157721737,0.125073770861));
#3964 = CARTESIAN_POINT('',(-0.502355223522,0.124542085233));
#3965 = CARTESIAN_POINT('',(-0.485552831519,0.124001209271));
#3966 = CARTESIAN_POINT('',(-0.468750603934,0.123450946357));
#3967 = CARTESIAN_POINT('',(-0.396369271786,0.12104463502));
#3968 = CARTESIAN_POINT('',(-0.340791995375,0.119104572227));
#3969 = CARTESIAN_POINT('',(-0.285217435335,0.117080540481));
#3970 = CARTESIAN_POINT('',(-0.229648833852,0.115006425521));
#3971 = CARTESIAN_POINT('',(-0.174083049277,0.112844006589));
#3972 = CARTESIAN_POINT('',(-0.118523399509,0.110629804803));
#3973 = CARTESIAN_POINT('',(-6.296957647225E-02,0.108356393659));
#3974 = CARTESIAN_POINT('',(6.685957782989E-02,0.102924189777));
#3975 = CARTESIAN_POINT('',(0.141129403813,9.972427546851E-02));
#3976 = CARTESIAN_POINT('',(0.215385115625,9.64436739488E-02));
#3977 = CARTESIAN_POINT('',(0.289624708514,9.309241339894E-02));
#3978 = CARTESIAN_POINT('',(0.36384581575,8.967937837184E-02));
#3979 = CARTESIAN_POINT('',(0.438045602361,8.621231119881E-02));
#3980 = CARTESIAN_POINT('',(0.512220658878,8.269781339613E-02));
#3981 = CARTESIAN_POINT('',(0.586366895065,7.914134707154E-02));
#3982 = ( GEOMETRIC_REPRESENTATION_CONTEXT(2) 
PARAMETRIC_REPRESENTATION_CONTEXT() REPRESENTATION_CONTEXT('2D SPACE',''
  ) );
#3983 = ( GEOMETRIC_REPRESENTATION_CONTEXT(3) 
GLOBAL_UNCERTAINTY_ASSIGNED_CONTEXT((#3987)) 
GLOBAL_UNIT_ASSIGNED_CONTEXT((#3984,#3985,#3986)) REPRESENTATION_CONTEXT
('Context #1','3D Context with UNIT and UNCERTAINTY') );
#3984 = ( LENGTH_UNIT() NAMED_UNIT(*) SI_UNIT(.MILLI.,.METRE.) );
#3985 = ( NAMED_UNIT(*) PLANE_ANGLE_UNIT() SI_UNIT($,.RADIAN.) );
#3986 = ( NAMED_UNIT(*) SI_UNIT($,.STERADIAN.) SOLID_ANGLE_UNIT() );
#3987 = UNCERTAINTY_MEASURE_WITH_UNIT(LENGTH_MEASURE(5.E-06),#3984,
  'distance_accuracy_value','confusion accuracy');
#3988 = CONTEXT_DEPENDENT_SHAPE_REPRESENTATION(#3989,#3991);
#3989 = ( REPRESENTATION_RELATIONSHIP('','',#3828,#10) 
REPRESENTATION_RELATIONSHIP_WITH_TRANSFORMATION(#3990) 
SHAPE_REPRESENTATION_RELATIONSHIP() );
#3990 = ITEM_DEFINED_TRANSFORMATION('','',#11,#103);
#3991 = PRODUCT_DEFINITION_SHAPE('Placement','Placement of an item',
  #3992);
#3992 = NEXT_ASSEMBLY_USAGE_OCCURRENCE('23','','',#5,#3823,$);
#3993 = PRODUCT_RELATED_PRODUCT_CATEGORY('part',$,(#3825));
#3994 = SHAPE_DEFINITION_REPRESENTATION(#3995,#4001);
#3995 = PRODUCT_DEFINITION_SHAPE('','',#3996);
#3996 = PRODUCT_DEFINITION('design','',#3997,#4000);
#3997 = PRODUCT_DEFINITION_FORMATION('','',#3998);
#3998 = PRODUCT('Open CASCADE STEP translator 7.8 2.24',
  'Open CASCADE STEP translator 7.8 2.24','',(#3999));
#3999 = PRODUCT_CONTEXT('',#2,'mechanical');
#4000 = PRODUCT_DEFINITION_CONTEXT('part definition',#2,'design');
#4001 = MANIFOLD_SURFACE_SHAPE_REPRESENTATION('',(#11,#4002),#4168);
#4002 = SHELL_BASED_SURFACE_MODEL('',(#4003));
#4003 = OPEN_SHELL('',(#4004));
#4004 = ADVANCED_FACE('',(#4005),#4019,.T.);
#4005 = FACE_BOUND('',#4006,.T.);
#4006 = EDGE_LOOP('',(#4007,#4030,#4092,#4108));
#4007 = ORIENTED_EDGE('',*,*,#4008,.F.);
#4008 = EDGE_CURVE('',#4009,#4011,#4013,.T.);
#4009 = VERTEX_POINT('',#4010);
#4010 = CARTESIAN_POINT('',(5.195316201025,8.271428571429,0.260959197321
    ));
#4011 = VERTEX_POINT('',#4012);
#4012 = CARTESIAN_POINT('',(5.195316201025,8.271428571429,
    -0.127129690918));
#4013 = SURFACE_CURVE('',#4014,(#4018),.PCURVE_S1.);
#4014 = LINE('',#4015,#4016);
#4015 = CARTESIAN_POINT('',(5.195316201025,8.271428571429,0.));
#4016 = VECTOR('',#4017,1.);
#4017 = DIRECTION('',(-0.,0.,-1.));
#4018 = PCURVE('',#4019,#4024);
#4019 = PLANE('',#4020);
#4020 = AXIS2_PLACEMENT_3D('',#4021,#4022,#4023);
#4021 = CARTESIAN_POINT('',(4.864299599121,8.471283380396,0.));
#4022 = DIRECTION('',(-0.516861003485,-0.856069333101,0.));
#4023 = DIRECTION('',(-0.856069333101,0.516861003485,0.));
#4024 = DEFINITIONAL_REPRESENTATION('',(#4025),#4029);
#4025 = LINE('',#4026,#4027);
#4026 = CARTESIAN_POINT('',(-0.386670318752,0.));
#4027 = VECTOR('',#4028,1.);
#4028 = DIRECTION('',(0.,1.));
#4029 = ( GEOMETRIC_REPRESENTATION_CONTEXT(2) 
PARAMETRIC_REPRESENTATION_CONTEXT() REPRESENTATION_CONTEXT('2D SPACE',''
  ) );
#4030 = ORIENTED_EDGE('',*,*,#4031,.F.);
#4031 = EDGE_CURVE('',#4032,#4009,#4034,.T.);
#4032 = VERTEX_POINT('',#4033);
#4033 = CARTESIAN_POINT('',(4.533282997218,8.671138189364,0.215779833082
    ));
#4034 = SURFACE_CURVE('',#4035,(#4062),.PCURVE_S1.);
#4035 = B_SPLINE_CURVE_WITH_KNOTS('',7,(#4036,#4037,#4038,#4039,#4040,
    #4041,#4042,#4043,#4044,#4045,#4046,#4047,#4048,#4049,#4050,#4051,
    #4052,#4053,#4054,#4055,#4056,#4057,#4058,#4059,#4060,#4061),
  .UNSPECIFIED.,.F.,.F.,(8,6,6,6,8),(0.,0.458943532151,0.721217403774,
    0.855679306508,1.),.UNSPECIFIED.);
#4036 = CARTESIAN_POINT('',(4.533282997218,8.671138189364,0.215779833082
    ));
#4037 = CARTESIAN_POINT('',(4.575605588519,8.645585472821,0.224644756176
    ));
#4038 = CARTESIAN_POINT('',(4.618282483344,8.619818841741,0.232284798619
    ));
#4039 = CARTESIAN_POINT('',(4.661221520522,8.593893939416,0.238845672194
    ));
#4040 = CARTESIAN_POINT('',(4.704358615148,8.56784945779,0.244425520844)
  );
#4041 = CARTESIAN_POINT('',(4.747647854558,8.541713117126,0.249101130942
    ));
#4042 = CARTESIAN_POINT('',(4.791056884229,8.515504451814,0.252939551236
    ));
#4043 = CARTESIAN_POINT('',(4.859432776762,8.474221776378,0.257741299127
    ));
#4044 = CARTESIAN_POINT('',(4.884329438168,8.459190151134,0.259231363347
    ));
#4045 = CARTESIAN_POINT('',(4.909252639879,8.444142501898,0.260476603589
    ));
#4046 = CARTESIAN_POINT('',(4.93419873493,8.429081030563,0.261484851503)
  );
#4047 = CARTESIAN_POINT('',(4.959164016867,8.414007974941,0.262264601512
    ));
#4048 = CARTESIAN_POINT('',(4.984144762248,8.3989255831,0.262824966639)
  );
#4049 = CARTESIAN_POINT('',(5.021952462165,8.376098780453,0.263349115326
    ));
#4050 = CARTESIAN_POINT('',(5.034769747356,8.368360207618,0.263470636344
    ));
#4051 = CARTESIAN_POINT('',(5.047590106014,8.360619779145,0.263537027791
    ));
#4052 = CARTESIAN_POINT('',(5.060413304111,8.35287763633,0.263549200137)
  );
#4053 = CARTESIAN_POINT('',(5.073239142537,8.345133899388,0.263508016261
    ));
#4054 = CARTESIAN_POINT('',(5.086067320378,8.33738875,0.263414327546));
#4055 = CARTESIAN_POINT('',(5.112667974166,8.321328321155,0.263113037695
    ));
#4056 = CARTESIAN_POINT('',(5.126440813854,8.313012822087,0.262898023002
    ));
#4057 = CARTESIAN_POINT('',(5.140214799264,8.304696631277,0.262621984701
    ));
#4058 = CARTESIAN_POINT('',(5.1539904302,8.296379446962,0.262294258989)
  );
#4059 = CARTESIAN_POINT('',(5.16776543482,8.288062640793,0.261901505927)
  );
#4060 = CARTESIAN_POINT('',(5.181540806492,8.279745613012,0.261455370315
    ));
#4061 = CARTESIAN_POINT('',(5.195316201025,8.271428571429,0.260959197321
    ));
#4062 = PCURVE('',#4019,#4063);
#4063 = DEFINITIONAL_REPRESENTATION('',(#4064),#4091);
#4064 = B_SPLINE_CURVE_WITH_KNOTS('',7,(#4065,#4066,#4067,#4068,#4069,
    #4070,#4071,#4072,#4073,#4074,#4075,#4076,#4077,#4078,#4079,#4080,
    #4081,#4082,#4083,#4084,#4085,#4086,#4087,#4088,#4089,#4090),
  .UNSPECIFIED.,.F.,.F.,(8,6,6,6,8),(0.,0.458943532151,0.721217403774,
    0.855679306508,1.),.UNSPECIFIED.);
#4065 = CARTESIAN_POINT('',(0.386670318752,-0.215779833082));
#4066 = CARTESIAN_POINT('',(0.337232043527,-0.224644756176));
#4067 = CARTESIAN_POINT('',(0.287379895839,-0.232284798619));
#4068 = CARTESIAN_POINT('',(0.237221531887,-0.238845672194));
#4069 = CARTESIAN_POINT('',(0.18683181115,-0.244425520844));
#4070 = CARTESIAN_POINT('',(0.136264365574,-0.249101130942));
#4071 = CARTESIAN_POINT('',(8.555698944068E-02,-0.252939551236));
#4072 = CARTESIAN_POINT('',(5.685079666997E-03,-0.257741299127));
#4073 = CARTESIAN_POINT('',(-2.339744956678E-02,-0.259231363347));
#4074 = CARTESIAN_POINT('',(-5.25109813186E-02,-0.260476603589));
#4075 = CARTESIAN_POINT('',(-8.165125546063E-02,-0.261484851503));
#4076 = CARTESIAN_POINT('',(-0.110813942373,-0.262264601512));
#4077 = CARTESIAN_POINT('',(-0.139994692594,-0.262824966639));
#4078 = CARTESIAN_POINT('',(-0.18415898917,-0.263349115326));
#4079 = CARTESIAN_POINT('',(-0.199131240478,-0.263470636344));
#4080 = CARTESIAN_POINT('',(-0.214107081991,-0.263537027791));
#4081 = CARTESIAN_POINT('',(-0.229086240339,-0.263549200137));
#4082 = CARTESIAN_POINT('',(-0.244068482934,-0.263508016261));
#4083 = CARTESIAN_POINT('',(-0.259053458267,-0.263414327546));
#4084 = CARTESIAN_POINT('',(-0.290126471585,-0.263113037695));
#4085 = CARTESIAN_POINT('',(-0.306214934465,-0.262898023002));
#4086 = CARTESIAN_POINT('',(-0.322304735696,-0.262621984701));
#4087 = CARTESIAN_POINT('',(-0.338396459115,-0.262294258989));
#4088 = CARTESIAN_POINT('',(-0.354487450916,-0.261901505927));
#4089 = CARTESIAN_POINT('',(-0.370578871482,-0.261455370315));
#4090 = CARTESIAN_POINT('',(-0.386670318752,-0.260959197321));
#4091 = ( GEOMETRIC_REPRESENTATION_CONTEXT(2) 
PARAMETRIC_REPRESENTATION_CONTEXT() REPRESENTATION_CONTEXT('2D SPACE',''
  ) );
#4092 = ORIENTED_EDGE('',*,*,#4093,.T.);
#4093 = EDGE_CURVE('',#4032,#4094,#4096,.T.);
#4094 = VERTEX_POINT('',#4095);
#4095 = CARTESIAN_POINT('',(4.533282997218,8.671138189364,
    -0.133964813363));
#4096 = SURFACE_CURVE('',#4097,(#4101),.PCURVE_S1.);
#4097 = LINE('',#4098,#4099);
#4098 = CARTESIAN_POINT('',(4.533282997218,8.671138189364,0.));
#4099 = VECTOR('',#4100,1.);
#4100 = DIRECTION('',(-0.,0.,-1.));
#4101 = PCURVE('',#4019,#4102);
#4102 = DEFINITIONAL_REPRESENTATION('',(#4103),#4107);
#4103 = LINE('',#4104,#4105);
#4104 = CARTESIAN_POINT('',(0.386670318752,0.));
#4105 = VECTOR('',#4106,1.);
#4106 = DIRECTION('',(0.,1.));
#4107 = ( GEOMETRIC_REPRESENTATION_CONTEXT(2) 
PARAMETRIC_REPRESENTATION_CONTEXT() REPRESENTATION_CONTEXT('2D SPACE',''
  ) );
#4108 = ORIENTED_EDGE('',*,*,#4109,.T.);
#4109 = EDGE_CURVE('',#4094,#4011,#4110,.T.);
#4110 = SURFACE_CURVE('',#4111,(#4138),.PCURVE_S1.);
#4111 = B_SPLINE_CURVE_WITH_KNOTS('',7,(#4112,#4113,#4114,#4115,#4116,
    #4117,#4118,#4119,#4120,#4121,#4122,#4123,#4124,#4125,#4126,#4127,
    #4128,#4129,#4130,#4131,#4132,#4133,#4134,#4135,#4136,#4137),
  .UNSPECIFIED.,.F.,.F.,(8,6,6,6,8),(0.,0.523591764036,0.700071453902,
    0.884305226643,1.),.UNSPECIFIED.);
#4112 = CARTESIAN_POINT('',(4.533282997218,8.671138189364,
    -0.133964813363));
#4113 = CARTESIAN_POINT('',(4.582035543886,8.64170331859,-0.136849292343
    ));
#4114 = CARTESIAN_POINT('',(4.631082199018,8.612090876689,-0.13862089948
    ));
#4115 = CARTESIAN_POINT('',(4.680323602384,8.582360853463,
    -0.139564157472));
#4116 = CARTESIAN_POINT('',(4.729702518386,8.552547805513,
    -0.139844783573));
#4117 = CARTESIAN_POINT('',(4.779179327181,8.522675653745,
    -0.139594957148));
#4118 = CARTESIAN_POINT('',(4.828735059114,8.492755851288,
    -0.138915773138));
#4119 = CARTESIAN_POINT('',(4.895093383962,8.452691303892,
    -0.137543466416));
#4120 = CARTESIAN_POINT('',(4.91182900915,8.442586991433,-0.137158140764
    ));
#4121 = CARTESIAN_POINT('',(4.92857150738,8.432478529301,-0.136736527106
    ));
#4122 = CARTESIAN_POINT('',(4.945320353959,8.422366234285,
    -0.136281544968));
#4123 = CARTESIAN_POINT('',(4.962075106941,8.412250373216,
    -0.135795937959));
#4124 = CARTESIAN_POINT('',(4.978835407124,8.402131162965,
    -0.135282273777));
#4125 = CARTESIAN_POINT('',(5.013103186861,8.381441624936,-0.13417991782
    ));
#4126 = CARTESIAN_POINT('',(5.030611180706,8.37087098665,-0.133588970565
    ));
#4127 = CARTESIAN_POINT('',(5.048124063469,8.360297396628,
    -0.132972483088));
#4128 = CARTESIAN_POINT('',(5.065642351809,8.349720542932,
    -0.132333581208));
#4129 = CARTESIAN_POINT('',(5.083163906546,8.339141717112,
    -0.131673352101));
#4130 = CARTESIAN_POINT('',(5.100689408016,8.328560508411,
    -0.130994544721));
#4131 = CARTESIAN_POINT('',(5.129227765081,8.311330170516,
    -0.129863464694));
#4132 = CARTESIAN_POINT('',(5.140237944348,8.304682657185,
    -0.129421156558));
#4133 = CARTESIAN_POINT('',(5.151249783017,8.298034141971,
    -0.128972061841));
#4134 = CARTESIAN_POINT('',(5.162263599763,8.291384432473,
    -0.128518847338));
#4135 = CARTESIAN_POINT('',(5.173279463858,8.284733486866,
    -0.128062186375));
#4136 = CARTESIAN_POINT('',(5.184297076132,8.278081485777,
    -0.127599758398));
#4137 = CARTESIAN_POINT('',(5.195316201025,8.271428571429,
    -0.127129690918));
#4138 = PCURVE('',#4019,#4139);
#4139 = DEFINITIONAL_REPRESENTATION('',(#4140),#4167);
#4140 = B_SPLINE_CURVE_WITH_KNOTS('',7,(#4141,#4142,#4143,#4144,#4145,
    #4146,#4147,#4148,#4149,#4150,#4151,#4152,#4153,#4154,#4155,#4156,
    #4157,#4158,#4159,#4160,#4161,#4162,#4163,#4164,#4165,#4166),
  .UNSPECIFIED.,.F.,.F.,(8,6,6,6,8),(0.,0.523591764036,0.700071453902,
    0.884305226643,1.),.UNSPECIFIED.);
#4141 = CARTESIAN_POINT('',(0.386670318752,0.133964813363));
#4142 = CARTESIAN_POINT('',(0.329721021792,0.136849292343));
#4143 = CARTESIAN_POINT('',(0.272428168006,0.13862089948));
#4144 = CARTESIAN_POINT('',(0.214907823027,0.139564157472));
#4145 = CARTESIAN_POINT('',(0.157226845456,0.139844783573));
#4146 = CARTESIAN_POINT('',(9.943151640773E-02,0.139594957148));
#4147 = CARTESIAN_POINT('',(4.154399489885E-02,0.138915773138));
#4148 = CARTESIAN_POINT('',(-3.597113417081E-02,0.137543466416));
#4149 = CARTESIAN_POINT('',(-5.552051474216E-02,0.137158140764));
#4150 = CARTESIAN_POINT('',(-7.507792391704E-02,0.136736527106));
#4151 = CARTESIAN_POINT('',(-9.46427487879E-02,0.136281544968));
#4152 = CARTESIAN_POINT('',(-0.114214473103,0.135795937959));
#4153 = CARTESIAN_POINT('',(-0.133792677268,0.135282273777));
#4154 = CARTESIAN_POINT('',(-0.173821888002,0.13417991782));
#4155 = CARTESIAN_POINT('',(-0.194273495328,0.133588970565));
#4156 = CARTESIAN_POINT('',(-0.214730813545,0.132972483088));
#4157 = CARTESIAN_POINT('',(-0.235194446176,0.132333581208));
#4158 = CARTESIAN_POINT('',(-0.255661894383,0.131673352101));
#4159 = CARTESIAN_POINT('',(-0.276133952887,0.130994544721));
#4160 = CARTESIAN_POINT('',(-0.309470454923,0.129863464694));
#4161 = CARTESIAN_POINT('',(-0.322331772156,0.129421156558));
#4162 = CARTESIAN_POINT('',(-0.335195027786,0.128972061841));
#4163 = CARTESIAN_POINT('',(-0.348060594067,0.128518847338));
#4164 = CARTESIAN_POINT('',(-0.360928551917,0.128062186375));
#4165 = CARTESIAN_POINT('',(-0.373798551867,0.127599758398));
#4166 = CARTESIAN_POINT('',(-0.386670318752,0.127129690918));
#4167 = ( GEOMETRIC_REPRESENTATION_CONTEXT(2) 
PARAMETRIC_REPRESENTATION_CONTEXT() REPRESENTATION_CONTEXT('2D SPACE',''
  ) );
#4168 = ( GEOMETRIC_REPRESENTATION_CONTEXT(3) 
GLOBAL_UNCERTAINTY_ASSIGNED_CONTEXT((#4172)) 
GLOBAL_UNIT_ASSIGNED_CONTEXT((#4169,#4170,#4171)) REPRESENTATION_CONTEXT
('Context #1','3D Context with UNIT and UNCERTAINTY') );
#4169 = ( LENGTH_UNIT() NAMED_UNIT(*) SI_UNIT(.MILLI.,.METRE.) );
#4170 = ( NAMED_UNIT(*) PLANE_ANGLE_UNIT() SI_UNIT($,.RADIAN.) );
#4171 = ( NAMED_UNIT(*) SI_UNIT($,.STERADIAN.) SOLID_ANGLE_UNIT() );
#4172 = UNCERTAINTY_MEASURE_WITH_UNIT(LENGTH_MEASURE(5.E-06),#4169,
  'distance_accuracy_value','confusion accuracy');
#4173 = CONTEXT_DEPENDENT_SHAPE_REPRESENTATION(#4174,#4176);
#4174 = ( REPRESENTATION_RELATIONSHIP('','',#4001,#10) 
REPRESENTATION_RELATIONSHIP_WITH_TRANSFORMATION(#4175) 
SHAPE_REPRESENTATION_RELATIONSHIP() );
#4175 = ITEM_DEFINED_TRANSFORMATION('','',#11,#107);
#4176 = PRODUCT_DEFINITION_SHAPE('Placement','Placement of an item',
  #4177);
#4177 = NEXT_ASSEMBLY_USAGE_OCCURRENCE('24','','',#5,#3996,$);
#4178 = PRODUCT_RELATED_PRODUCT_CATEGORY('part',$,(#3998));
#4179 = SHAPE_DEFINITION_REPRESENTATION(#4180,#4186);
#4180 = PRODUCT_DEFINITION_SHAPE('','',#4181);
#4181 = PRODUCT_DEFINITION('design','',#4182,#4185);
#4182 = PRODUCT_DEFINITION_FORMATION('','',#4183);
#4183 = PRODUCT('Open CASCADE STEP translator 7.8 2.25',
  'Open CASCADE STEP translator 7.8 2.25','',(#4184));
#4184 = PRODUCT_CONTEXT('',#2,'mechanical');
#4185 = PRODUCT_DEFINITION_CONTEXT('part definition',#2,'design');
#4186 = MANIFOLD_SURFACE_SHAPE_REPRESENTATION('',(#11,#4187),#4353);
#4187 = SHELL_BASED_SURFACE_MODEL('',(#4188));
#4188 = OPEN_SHELL('',(#4189));
#4189 = ADVANCED_FACE('',(#4190),#4204,.T.);
#4190 = FACE_BOUND('',#4191,.T.);
#4191 = EDGE_LOOP('',(#4192,#4215,#4285,#4301));
#4192 = ORIENTED_EDGE('',*,*,#4193,.F.);
#4193 = EDGE_CURVE('',#4194,#4196,#4198,.T.);
#4194 = VERTEX_POINT('',#4195);
#4195 = CARTESIAN_POINT('',(5.195316201025,8.271428571429,0.260959197321
    ));
#4196 = VERTEX_POINT('',#4197);
#4197 = CARTESIAN_POINT('',(5.195316201025,8.271428571429,
    -0.127129690918));
#4198 = SURFACE_CURVE('',#4199,(#4203),.PCURVE_S1.);
#4199 = LINE('',#4200,#4201);
#4200 = CARTESIAN_POINT('',(5.195316201025,8.271428571429,0.));
#4201 = VECTOR('',#4202,1.);
#4202 = DIRECTION('',(0.,0.,-1.));
#4203 = PCURVE('',#4204,#4209);
#4204 = PLANE('',#4205);
#4205 = AXIS2_PLACEMENT_3D('',#4206,#4207,#4208);
#4206 = CARTESIAN_POINT('',(5.587595585652,8.194310491344,0.));
#4207 = DIRECTION('',(0.192897514943,0.981218909688,0.));
#4208 = DIRECTION('',(0.981218909688,-0.192897514943,0.));
#4209 = DEFINITIONAL_REPRESENTATION('',(#4210),#4214);
#4210 = LINE('',#4211,#4212);
#4211 = CARTESIAN_POINT('',(-0.399787836082,0.));
#4212 = VECTOR('',#4213,1.);
#4213 = DIRECTION('',(0.,1.));
#4214 = ( GEOMETRIC_REPRESENTATION_CONTEXT(2) 
PARAMETRIC_REPRESENTATION_CONTEXT() REPRESENTATION_CONTEXT('2D SPACE',''
  ) );
#4215 = ORIENTED_EDGE('',*,*,#4216,.T.);
#4216 = EDGE_CURVE('',#4194,#4217,#4219,.T.);
#4217 = VERTEX_POINT('',#4218);
#4218 = CARTESIAN_POINT('',(5.979874970278,8.11719241126,0.194988491097)
  );
#4219 = SURFACE_CURVE('',#4220,(#4251),.PCURVE_S1.);
#4220 = B_SPLINE_CURVE_WITH_KNOTS('',8,(#4221,#4222,#4223,#4224,#4225,
    #4226,#4227,#4228,#4229,#4230,#4231,#4232,#4233,#4234,#4235,#4236,
    #4237,#4238,#4239,#4240,#4241,#4242,#4243,#4244,#4245,#4246,#4247,
    #4248,#4249,#4250),.UNSPECIFIED.,.F.,.F.,(9,7,7,7,9),(0.,
    9.840532398502E-02,0.455306961153,0.813050987139,1.),.UNSPECIFIED.);
#4221 = CARTESIAN_POINT('',(5.195316201025,8.271428571429,0.260959197321
    ));
#4222 = CARTESIAN_POINT('',(5.204990382431,8.269526727167,0.260605362104
    ));
#4223 = CARTESIAN_POINT('',(5.214664342041,8.267624926509,0.260233250735
    ));
#4224 = CARTESIAN_POINT('',(5.224338063582,8.265723172653,0.259843500166
    ));
#4225 = CARTESIAN_POINT('',(5.234011557951,8.263821463456,0.259437129169
    ));
#4226 = CARTESIAN_POINT('',(5.243684848489,8.26191979433,0.259015287966)
  );
#4227 = CARTESIAN_POINT('',(5.253357956263,8.260018161134,0.258579007864
    ));
#4228 = CARTESIAN_POINT('',(5.263030885345,8.258116563067,0.258128950891
    ));
#4229 = CARTESIAN_POINT('',(5.307785150886,8.249318336167,0.255983056009
    ));
#4230 = CARTESIAN_POINT('',(5.34286402454,8.242422191496,0.254117927715)
  );
#4231 = CARTESIAN_POINT('',(5.37793805973,8.235526998017,0.252079381734)
  );
#4232 = CARTESIAN_POINT('',(5.41300867288,8.228632477277,0.24984124599)
  );
#4233 = CARTESIAN_POINT('',(5.448070946118,8.221739596077,0.247451007193
    ));
#4234 = CARTESIAN_POINT('',(5.483124471975,8.214848434521,0.244890439413
    ));
#4235 = CARTESIAN_POINT('',(5.518167649802,8.207959307282,0.242173324662
    ));
#4236 = CARTESIAN_POINT('',(5.588313090477,8.194169437298,0.236423352995
    ));
#4237 = CARTESIAN_POINT('',(5.623415386547,8.187268688021,0.233390042169
    ));
#4238 = CARTESIAN_POINT('',(5.658504559085,8.180370518696,0.230206564059
    ));
#4239 = CARTESIAN_POINT('',(5.693579246447,8.173475197007,0.226877314615
    ));
#4240 = CARTESIAN_POINT('',(5.72863808263,8.166582991497,0.223406316925)
  );
#4241 = CARTESIAN_POINT('',(5.763679697274,8.159694171563,0.219797221206
    ));
#4242 = CARTESIAN_POINT('',(5.79870271566,8.152809007462,0.216053304814)
  );
#4243 = CARTESIAN_POINT('',(5.851997564776,8.14233178994,0.210152048967)
  );
#4244 = CARTESIAN_POINT('',(5.870283898044,8.138736885469,0.20809061126)
  );
#4245 = CARTESIAN_POINT('',(5.888564555504,8.135143096804,0.205993594431
    ));
#4246 = CARTESIAN_POINT('',(5.906839325147,8.131550465623,0.20386141139)
  );
#4247 = CARTESIAN_POINT('',(5.92510798596,8.127959035375,0.20169445264)
  );
#4248 = CARTESIAN_POINT('',(5.943370307931,8.124368851278,0.19949308628)
  );
#4249 = CARTESIAN_POINT('',(5.961626052043,8.12077996032,0.197257658003)
  );
#4250 = CARTESIAN_POINT('',(5.979874970278,8.11719241126,0.194988491097)
  );
#4251 = PCURVE('',#4204,#4252);
#4252 = DEFINITIONAL_REPRESENTATION('',(#4253),#4284);
#4253 = B_SPLINE_CURVE_WITH_KNOTS('',8,(#4254,#4255,#4256,#4257,#4258,
    #4259,#4260,#4261,#4262,#4263,#4264,#4265,#4266,#4267,#4268,#4269,
    #4270,#4271,#4272,#4273,#4274,#4275,#4276,#4277,#4278,#4279,#4280,
    #4281,#4282,#4283),.UNSPECIFIED.,.F.,.F.,(9,7,7,7,9),(0.,
    9.840532398502E-02,0.455306961153,0.813050987139,1.),.UNSPECIFIED.);
#4254 = CARTESIAN_POINT('',(-0.399787836082,-0.260959197321));
#4255 = CARTESIAN_POINT('',(-0.389928485319,-0.260605362104));
#4256 = CARTESIAN_POINT('',(-0.380069360597,-0.260233250735));
#4257 = CARTESIAN_POINT('',(-0.3702104785,-0.259843500166));
#4258 = CARTESIAN_POINT('',(-0.360351827925,-0.259437129169));
#4259 = CARTESIAN_POINT('',(-0.350493385082,-0.259015287966));
#4260 = CARTESIAN_POINT('',(-0.340635128501,-0.258579007864));
#4261 = CARTESIAN_POINT('',(-0.330777054032,-0.258128950891));
#4262 = CARTESIAN_POINT('',(-0.285166166289,-0.255983056009));
#4263 = CARTESIAN_POINT('',(-0.249415862959,-0.254117927715));
#4264 = CARTESIAN_POINT('',(-0.213670490704,-0.252079381734));
#4265 = CARTESIAN_POINT('',(-0.177928605989,-0.24984124599));
#4266 = CARTESIAN_POINT('',(-0.142195220818,-0.247451007193));
#4267 = CARTESIAN_POINT('',(-0.106470750457,-0.244890439413));
#4268 = CARTESIAN_POINT('',(-7.075682619273E-02,-0.242173324662));
#4269 = CARTESIAN_POINT('',(7.312382772983E-04,-0.236423352995));
#4270 = CARTESIAN_POINT('',(3.65054123419E-02,-0.233390042169));
#4271 = CARTESIAN_POINT('',(7.226621168184E-02,-0.230206564059));
#4272 = CARTESIAN_POINT('',(0.108012248591,-0.226877314615));
#4273 = CARTESIAN_POINT('',(0.143742130921,-0.223406316925));
#4274 = CARTESIAN_POINT('',(0.179454462082,-0.219797221206));
#4275 = CARTESIAN_POINT('',(0.215147841041,-0.216053304814));
#4276 = CARTESIAN_POINT('',(0.269462784007,-0.210152048967));
#4277 = CARTESIAN_POINT('',(0.288099128136,-0.20809061126));
#4278 = CARTESIAN_POINT('',(0.306729687821,-0.205993594431));
#4279 = CARTESIAN_POINT('',(0.325354246991,-0.20386141139));
#4280 = CARTESIAN_POINT('',(0.343972580406,-0.20169445264));
#4281 = CARTESIAN_POINT('',(0.362584453649,-0.19949308628));
#4282 = CARTESIAN_POINT('',(0.38118962313,-0.197257658003));
#4283 = CARTESIAN_POINT('',(0.399787836082,-0.194988491097));
#4284 = ( GEOMETRIC_REPRESENTATION_CONTEXT(2) 
PARAMETRIC_REPRESENTATION_CONTEXT() REPRESENTATION_CONTEXT('2D SPACE',''
  ) );
#4285 = ORIENTED_EDGE('',*,*,#4286,.T.);
#4286 = EDGE_CURVE('',#4217,#4287,#4289,.T.);
#4287 = VERTEX_POINT('',#4288);
#4288 = CARTESIAN_POINT('',(5.979874970278,8.11719241126,
    -8.266993030423E-02));
#4289 = SURFACE_CURVE('',#4290,(#4294),.PCURVE_S1.);
#4290 = LINE('',#4291,#4292);
#4291 = CARTESIAN_POINT('',(5.979874970278,8.11719241126,0.));
#4292 = VECTOR('',#4293,1.);
#4293 = DIRECTION('',(0.,0.,-1.));
#4294 = PCURVE('',#4204,#4295);
#4295 = DEFINITIONAL_REPRESENTATION('',(#4296),#4300);
#4296 = LINE('',#4297,#4298);
#4297 = CARTESIAN_POINT('',(0.399787836082,0.));
#4298 = VECTOR('',#4299,1.);
#4299 = DIRECTION('',(0.,1.));
#4300 = ( GEOMETRIC_REPRESENTATION_CONTEXT(2) 
PARAMETRIC_REPRESENTATION_CONTEXT() REPRESENTATION_CONTEXT('2D SPACE',''
  ) );
#4301 = ORIENTED_EDGE('',*,*,#4302,.F.);
#4302 = EDGE_CURVE('',#4196,#4287,#4303,.T.);
#4303 = SURFACE_CURVE('',#4304,(#4327),.PCURVE_S1.);
#4304 = B_SPLINE_CURVE_WITH_KNOTS('',6,(#4305,#4306,#4307,#4308,#4309,
    #4310,#4311,#4312,#4313,#4314,#4315,#4316,#4317,#4318,#4319,#4320,
    #4321,#4322,#4323,#4324,#4325,#4326),.UNSPECIFIED.,.F.,.F.,(7,5,5,5,
    7),(0.,0.122604622052,0.320554560748,0.700795833047,1.),
  .UNSPECIFIED.);
#4305 = CARTESIAN_POINT('',(5.195316201025,8.271428571429,
    -0.127129690918));
#4306 = CARTESIAN_POINT('',(5.211345936303,8.268277290843,
    -0.126492871903));
#4307 = CARTESIAN_POINT('',(5.227377980381,8.265125556371,
    -0.125843266801));
#4308 = CARTESIAN_POINT('',(5.243412174352,8.261973399252,
    -0.125179679331));
#4309 = CARTESIAN_POINT('',(5.259447453946,8.258821028711,
    -0.124494300144));
#4310 = CARTESIAN_POINT('',(5.275483796117,8.255668449279,
    -0.123786635784));
#4311 = CARTESIAN_POINT('',(5.317413612893,8.247425479868,
    -0.121888296263));
#4312 = CARTESIAN_POINT('',(5.343308419967,8.24233482794,-0.120666559369
    ));
#4313 = CARTESIAN_POINT('',(5.369204607953,8.237243904539,
    -0.119401172794));
#4314 = CARTESIAN_POINT('',(5.395101000691,8.232152940885,
    -0.118100277501));
#4315 = CARTESIAN_POINT('',(5.420997943323,8.227061869128,
    -0.116760574771));
#4316 = CARTESIAN_POINT('',(5.49664002652,8.21219141593,-0.112746790013)
  );
#4317 = CARTESIAN_POINT('',(5.546385163997,8.202412035096,
    -0.109977787402));
#4318 = CARTESIAN_POINT('',(5.596127031918,8.192633297022,
    -0.107100126462));
#4319 = CARTESIAN_POINT('',(5.64586281779,8.182855754617,-0.104129217726
    ));
#4320 = CARTESIAN_POINT('',(5.695589712452,8.173079960132,
    -0.101077376831));
#4321 = CARTESIAN_POINT('',(5.784424108531,8.155616034319,
    -9.549992444413E-02));
#4322 = CARTESIAN_POINT('',(5.82353615075,8.147927010316,
    -9.300085269721E-02));
#4323 = CARTESIAN_POINT('',(5.862639152701,8.140239763537,
    -9.046407518184E-02));
#4324 = CARTESIAN_POINT('',(5.901731351062,8.132554640632,
    -8.789416995414E-02));
#4325 = CARTESIAN_POINT('',(5.940810719821,8.124872039895,
    -8.529504341384E-02));
#4326 = CARTESIAN_POINT('',(5.979874970278,8.11719241126,
    -8.266993030423E-02));
#4327 = PCURVE('',#4204,#4328);
#4328 = DEFINITIONAL_REPRESENTATION('',(#4329),#4352);
#4329 = B_SPLINE_CURVE_WITH_KNOTS('',6,(#4330,#4331,#4332,#4333,#4334,
    #4335,#4336,#4337,#4338,#4339,#4340,#4341,#4342,#4343,#4344,#4345,
    #4346,#4347,#4348,#4349,#4350,#4351),.UNSPECIFIED.,.F.,.F.,(7,5,5,5,
    7),(0.,0.122604622052,0.320554560748,0.700795833047,1.),
  .UNSPECIFIED.);
#4330 = CARTESIAN_POINT('',(-0.399787836082,0.127129690918));
#4331 = CARTESIAN_POINT('',(-0.383451282516,0.126492871903));
#4332 = CARTESIAN_POINT('',(-0.367112375958,0.125843266801));
#4333 = CARTESIAN_POINT('',(-0.350771278357,0.125179679331));
#4334 = CARTESIAN_POINT('',(-0.334429074354,0.124494300144));
#4335 = CARTESIAN_POINT('',(-0.318085787436,0.123786635784));
#4336 = CARTESIAN_POINT('',(-0.27535341002,0.121888296263));
#4337 = CARTESIAN_POINT('',(-0.248962961549,0.120666559369));
#4338 = CARTESIAN_POINT('',(-0.222571105737,0.119401172794));
#4339 = CARTESIAN_POINT('',(-0.196179041251,0.118100277501));
#4340 = CARTESIAN_POINT('',(-0.169786416347,0.116760574771));
#4341 = CARTESIAN_POINT('',(-9.269650047901E-02,0.112746790013));
#4342 = CARTESIAN_POINT('',(-4.199921266022E-02,0.109977787402));
#4343 = CARTESIAN_POINT('',(8.694743019789E-03,0.107100126462));
#4344 = CARTESIAN_POINT('',(5.938250023805E-02,0.104129217726));
#4345 = CARTESIAN_POINT('',(0.110061196063,0.101077376831));
#4346 = CARTESIAN_POINT('',(0.200595933217,9.549992444413E-02));
#4347 = CARTESIAN_POINT('',(0.240456602262,9.300085269721E-02));
#4348 = CARTESIAN_POINT('',(0.280308058002,9.046407518184E-02));
#4349 = CARTESIAN_POINT('',(0.320148503365,8.789416995414E-02));
#4350 = CARTESIAN_POINT('',(0.359975873561,8.529504341384E-02));
#4351 = CARTESIAN_POINT('',(0.399787836082,8.266993030423E-02));
#4352 = ( GEOMETRIC_REPRESENTATION_CONTEXT(2) 
PARAMETRIC_REPRESENTATION_CONTEXT() REPRESENTATION_CONTEXT('2D SPACE',''
  ) );
#4353 = ( GEOMETRIC_REPRESENTATION_CONTEXT(3) 
GLOBAL_UNCERTAINTY_ASSIGNED_CONTEXT((#4357)) 
GLOBAL_UNIT_ASSIGNED_CONTEXT((#4354,#4355,#4356)) REPRESENTATION_CONTEXT
('Context #1','3D Context with UNIT and UNCERTAINTY') );
#4354 = ( LENGTH_UNIT() NAMED_UNIT(*) SI_UNIT(.MILLI.,.METRE.) );
#4355 = ( NAMED_UNIT(*) PLANE_ANGLE_UNIT() SI_UNIT($,.RADIAN.) );
#4356 = ( NAMED_UNIT(*) SI_UNIT($,.STERADIAN.) SOLID_ANGLE_UNIT() );
#4357 = UNCERTAINTY_MEASURE_WITH_UNIT(LENGTH_MEASURE(5.E-06),#4354,
  'distance_accuracy_value','confusion accuracy');
#4358 = CONTEXT_DEPENDENT_SHAPE_REPRESENTATION(#4359,#4361);
#4359 = ( REPRESENTATION_RELATIONSHIP('','',#4186,#10) 
REPRESENTATION_RELATIONSHIP_WITH_TRANSFORMATION(#4360) 
SHAPE_REPRESENTATION_RELATIONSHIP() );
#4360 = ITEM_DEFINED_TRANSFORMATION('','',#11,#111);
#4361 = PRODUCT_DEFINITION_SHAPE('Placement','Placement of an item',
  #4362);
#4362 = NEXT_ASSEMBLY_USAGE_OCCURRENCE('25','','',#5,#4181,$);
#4363 = PRODUCT_RELATED_PRODUCT_CATEGORY('part',$,(#4183));
#4364 = SHAPE_DEFINITION_REPRESENTATION(#4365,#4371);
#4365 = PRODUCT_DEFINITION_SHAPE('','',#4366);
#4366 = PRODUCT_DEFINITION('design','',#4367,#4370);
#4367 = PRODUCT_DEFINITION_FORMATION('','',#4368);
#4368 = PRODUCT('Open CASCADE STEP translator 7.8 2.26',
  'Open CASCADE STEP translator 7.8 2.26','',(#4369));
#4369 = PRODUCT_CONTEXT('',#2,'mechanical');
#4370 = PRODUCT_DEFINITION_CONTEXT('part definition',#2,'design');
#4371 = MANIFOLD_SURFACE_SHAPE_REPRESENTATION('',(#11,#4372),#4460);
#4372 = SHELL_BASED_SURFACE_MODEL('',(#4373));
#4373 = OPEN_SHELL('',(#4374));
#4374 = ADVANCED_FACE('',(#4375),#4389,.T.);
#4375 = FACE_BOUND('',#4376,.T.);
#4376 = EDGE_LOOP('',(#4377,#4400,#4422,#4438));
#4377 = ORIENTED_EDGE('',*,*,#4378,.F.);
#4378 = EDGE_CURVE('',#4379,#4381,#4383,.T.);
#4379 = VERTEX_POINT('',#4380);
#4380 = CARTESIAN_POINT('',(5.195316201025,8.271428571429,0.260959197321
    ));
#4381 = VERTEX_POINT('',#4382);
#4382 = CARTESIAN_POINT('',(5.195316201025,8.271428571429,
    -0.127129690918));
#4383 = SURFACE_CURVE('',#4384,(#4388),.PCURVE_S1.);
#4384 = LINE('',#4385,#4386);
#4385 = CARTESIAN_POINT('',(5.195316201025,8.271428571429,0.));
#4386 = VECTOR('',#4387,1.);
#4387 = DIRECTION('',(0.,0.,-1.));
#4388 = PCURVE('',#4389,#4394);
#4389 = PLANE('',#4390);
#4390 = AXIS2_PLACEMENT_3D('',#4391,#4392,#4393);
#4391 = CARTESIAN_POINT('',(5.580244188972,9.267857142857,0.));
#4392 = DIRECTION('',(-0.932815687716,0.360353843812,0.));
#4393 = DIRECTION('',(0.360353843812,0.932815687716,0.));
#4394 = DEFINITIONAL_REPRESENTATION('',(#4395),#4399);
#4395 = LINE('',#4396,#4397);
#4396 = CARTESIAN_POINT('',(-1.068194483165,0.));
#4397 = VECTOR('',#4398,1.);
#4398 = DIRECTION('',(0.,1.));
#4399 = ( GEOMETRIC_REPRESENTATION_CONTEXT(2) 
PARAMETRIC_REPRESENTATION_CONTEXT() REPRESENTATION_CONTEXT('2D SPACE',''
  ) );
#4400 = ORIENTED_EDGE('',*,*,#4401,.T.);
#4401 = EDGE_CURVE('',#4379,#4402,#4404,.T.);
#4402 = VERTEX_POINT('',#4403);
#4403 = CARTESIAN_POINT('',(5.96517217692,10.264285714286,0.229871402252
    ));
#4404 = SURFACE_CURVE('',#4405,(#4412),.PCURVE_S1.);
#4405 = B_SPLINE_CURVE_WITH_KNOTS('',5,(#4406,#4407,#4408,#4409,#4410,
    #4411),.UNSPECIFIED.,.F.,.F.,(6,6),(0.,1.),
  .PIECEWISE_BEZIER_KNOTS.);
#4406 = CARTESIAN_POINT('',(5.195316201025,8.271428571429,0.260959197321
    ));
#4407 = CARTESIAN_POINT('',(5.299720881665,8.541691607732,0.256743199241
    ));
#4408 = CARTESIAN_POINT('',(5.483364456584,9.01707326544,0.249327430576)
  );
#4409 = CARTESIAN_POINT('',(5.68445347311,9.537614373754,0.241207192074)
  );
#4410 = CARTESIAN_POINT('',(5.861245488064,9.99526001246,0.234068098395)
  );
#4411 = CARTESIAN_POINT('',(5.96517217692,10.264285714286,0.229871402252
    ));
#4412 = PCURVE('',#4389,#4413);
#4413 = DEFINITIONAL_REPRESENTATION('',(#4414),#4421);
#4414 = B_SPLINE_CURVE_WITH_KNOTS('',5,(#4415,#4416,#4417,#4418,#4419,
    #4420),.UNSPECIFIED.,.F.,.F.,(6,6),(0.,1.),
  .PIECEWISE_BEZIER_KNOTS.);
#4415 = CARTESIAN_POINT('',(-1.068194483165,-0.260959197321));
#4416 = CARTESIAN_POINT('',(-0.778466255111,-0.256743199241));
#4417 = CARTESIAN_POINT('',(-0.268846119035,-0.249327430576));
#4418 = CARTESIAN_POINT('',(0.289185992955,-0.241207192074));
#4419 = CARTESIAN_POINT('',(0.779792706299,-0.234068098395));
#4420 = CARTESIAN_POINT('',(1.068194483165,-0.229871402252));
#4421 = ( GEOMETRIC_REPRESENTATION_CONTEXT(2) 
PARAMETRIC_REPRESENTATION_CONTEXT() REPRESENTATION_CONTEXT('2D SPACE',''
  ) );
#4422 = ORIENTED_EDGE('',*,*,#4423,.T.);
#4423 = EDGE_CURVE('',#4402,#4424,#4426,.T.);
#4424 = VERTEX_POINT('',#4425);
#4425 = CARTESIAN_POINT('',(5.96517217692,10.264285714286,
    -0.111984864374));
#4426 = SURFACE_CURVE('',#4427,(#4431),.PCURVE_S1.);
#4427 = LINE('',#4428,#4429);
#4428 = CARTESIAN_POINT('',(5.96517217692,10.264285714286,0.));
#4429 = VECTOR('',#4430,1.);
#4430 = DIRECTION('',(0.,0.,-1.));
#4431 = PCURVE('',#4389,#4432);
#4432 = DEFINITIONAL_REPRESENTATION('',(#4433),#4437);
#4433 = LINE('',#4434,#4435);
#4434 = CARTESIAN_POINT('',(1.068194483165,0.));
#4435 = VECTOR('',#4436,1.);
#4436 = DIRECTION('',(0.,1.));
#4437 = ( GEOMETRIC_REPRESENTATION_CONTEXT(2) 
PARAMETRIC_REPRESENTATION_CONTEXT() REPRESENTATION_CONTEXT('2D SPACE',''
  ) );
#4438 = ORIENTED_EDGE('',*,*,#4439,.F.);
#4439 = EDGE_CURVE('',#4381,#4424,#4440,.T.);
#4440 = SURFACE_CURVE('',#4441,(#4449),.PCURVE_S1.);
#4441 = B_SPLINE_CURVE_WITH_KNOTS('',6,(#4442,#4443,#4444,#4445,#4446,
    #4447,#4448),.UNSPECIFIED.,.F.,.F.,(7,7),(0.,1.),
  .PIECEWISE_BEZIER_KNOTS.);
#4442 = CARTESIAN_POINT('',(5.195316201025,8.271428571429,
    -0.127129690918));
#4443 = CARTESIAN_POINT('',(5.289472941658,8.515163684222,
    -0.125277412636));
#4444 = CARTESIAN_POINT('',(5.414464639056,8.838718485063,
    -0.122818540281));
#4445 = CARTESIAN_POINT('',(5.571152901679,9.244323342527,
    -0.119736124046));
#4446 = CARTESIAN_POINT('',(5.746322853036,9.697770090629,
    -0.116290130753));
#4447 = CARTESIAN_POINT('',(5.902073269077,10.100947228728,
    -0.113226164104));
#4448 = CARTESIAN_POINT('',(5.96517217692,10.264285714286,
    -0.111984864374));
#4449 = PCURVE('',#4389,#4450);
#4450 = DEFINITIONAL_REPRESENTATION('',(#4451),#4459);
#4451 = B_SPLINE_CURVE_WITH_KNOTS('',6,(#4452,#4453,#4454,#4455,#4456,
    #4457,#4458),.UNSPECIFIED.,.F.,.F.,(7,7),(0.,1.),
  .PIECEWISE_BEZIER_KNOTS.);
#4452 = CARTESIAN_POINT('',(-1.068194483165,0.127129690918));
#4453 = CARTESIAN_POINT('',(-0.806904802896,0.125277412636));
#4454 = CARTESIAN_POINT('',(-0.460046570234,0.122818540281));
#4455 = CARTESIAN_POINT('',(-2.522877846071E-02,0.119736124046));
#4456 = CARTESIAN_POINT('',(0.460876627004,0.116290130753));
#4457 = CARTESIAN_POINT('',(0.893091847448,0.113226164104));
#4458 = CARTESIAN_POINT('',(1.068194483165,0.111984864374));
#4459 = ( GEOMETRIC_REPRESENTATION_CONTEXT(2) 
PARAMETRIC_REPRESENTATION_CONTEXT() REPRESENTATION_CONTEXT('2D SPACE',''
  ) );
#4460 = ( GEOMETRIC_REPRESENTATION_CONTEXT(3) 
GLOBAL_UNCERTAINTY_ASSIGNED_CONTEXT((#4464)) 
GLOBAL_UNIT_ASSIGNED_CONTEXT((#4461,#4462,#4463)) REPRESENTATION_CONTEXT
('Context #1','3D Context with UNIT and UNCERTAINTY') );
#4461 = ( LENGTH_UNIT() NAMED_UNIT(*) SI_UNIT(.MILLI.,.METRE.) );
#4462 = ( NAMED_UNIT(*) PLANE_ANGLE_UNIT() SI_UNIT($,.RADIAN.) );
#4463 = ( NAMED_UNIT(*) SI_UNIT($,.STERADIAN.) SOLID_ANGLE_UNIT() );
#4464 = UNCERTAINTY_MEASURE_WITH_UNIT(LENGTH_MEASURE(5.E-06),#4461,
  'distance_accuracy_value','confusion accuracy');
#4465 = CONTEXT_DEPENDENT_SHAPE_REPRESENTATION(#4466,#4468);
#4466 = ( REPRESENTATION_RELATIONSHIP('','',#4371,#10) 
REPRESENTATION_RELATIONSHIP_WITH_TRANSFORMATION(#4467) 
SHAPE_REPRESENTATION_RELATIONSHIP() );
#4467 = ITEM_DEFINED_TRANSFORMATION('','',#11,#115);
#4468 = PRODUCT_DEFINITION_SHAPE('Placement','Placement of an item',
  #4469);
#4469 = NEXT_ASSEMBLY_USAGE_OCCURRENCE('26','','',#5,#4366,$);
#4470 = PRODUCT_RELATED_PRODUCT_CATEGORY('part',$,(#4368));
#4471 = SHAPE_DEFINITION_REPRESENTATION(#4472,#4478);
#4472 = PRODUCT_DEFINITION_SHAPE('','',#4473);
#4473 = PRODUCT_DEFINITION('design','',#4474,#4477);
#4474 = PRODUCT_DEFINITION_FORMATION('','',#4475);
#4475 = PRODUCT('Open CASCADE STEP translator 7.8 2.27',
  'Open CASCADE STEP translator 7.8 2.27','',(#4476));
#4476 = PRODUCT_CONTEXT('',#2,'mechanical');
#4477 = PRODUCT_DEFINITION_CONTEXT('part definition',#2,'design');
#4478 = MANIFOLD_SURFACE_SHAPE_REPRESENTATION('',(#11,#4479),#4627);
#4479 = SHELL_BASED_SURFACE_MODEL('',(#4480));
#4480 = OPEN_SHELL('',(#4481));
#4481 = ADVANCED_FACE('',(#4482),#4496,.T.);
#4482 = FACE_BOUND('',#4483,.T.);
#4483 = EDGE_LOOP('',(#4484,#4507,#4563,#4579));
#4484 = ORIENTED_EDGE('',*,*,#4485,.F.);
#4485 = EDGE_CURVE('',#4486,#4488,#4490,.T.);
#4486 = VERTEX_POINT('',#4487);
#4487 = CARTESIAN_POINT('',(5.96517217692,10.264285714286,0.229871402252
    ));
#4488 = VERTEX_POINT('',#4489);
#4489 = CARTESIAN_POINT('',(5.96517217692,10.264285714286,
    -0.111984864374));
#4490 = SURFACE_CURVE('',#4491,(#4495),.PCURVE_S1.);
#4491 = LINE('',#4492,#4493);
#4492 = CARTESIAN_POINT('',(5.96517217692,10.264285714286,0.));
#4493 = VECTOR('',#4494,1.);
#4494 = DIRECTION('',(-0.,0.,-1.));
#4495 = PCURVE('',#4496,#4501);
#4496 = PLANE('',#4497);
#4497 = AXIS2_PLACEMENT_3D('',#4498,#4499,#4500);
#4498 = CARTESIAN_POINT('',(5.803308172365,10.737642870996,0.));
#4499 = DIRECTION('',(-0.946209259935,-0.323555306577,0.));
#4500 = DIRECTION('',(-0.323555306577,0.946209259935,0.));
#4501 = DEFINITIONAL_REPRESENTATION('',(#4502),#4506);
#4502 = LINE('',#4503,#4504);
#4503 = CARTESIAN_POINT('',(-0.500266882553,0.));
#4504 = VECTOR('',#4505,1.);
#4505 = DIRECTION('',(0.,1.));
#4506 = ( GEOMETRIC_REPRESENTATION_CONTEXT(2) 
PARAMETRIC_REPRESENTATION_CONTEXT() REPRESENTATION_CONTEXT('2D SPACE',''
  ) );
#4507 = ORIENTED_EDGE('',*,*,#4508,.F.);
#4508 = EDGE_CURVE('',#4509,#4486,#4511,.T.);
#4509 = VERTEX_POINT('',#4510);
#4510 = CARTESIAN_POINT('',(5.64144416781,11.211000027707,0.182216479117
    ));
#4511 = SURFACE_CURVE('',#4512,(#4536),.PCURVE_S1.);
#4512 = B_SPLINE_CURVE_WITH_KNOTS('',8,(#4513,#4514,#4515,#4516,#4517,
    #4518,#4519,#4520,#4521,#4522,#4523,#4524,#4525,#4526,#4527,#4528,
    #4529,#4530,#4531,#4532,#4533,#4534,#4535),.UNSPECIFIED.,.F.,.F.,(9,
    7,7,9),(0.,0.364609145526,0.81159049698,1.),.UNSPECIFIED.);
#4513 = CARTESIAN_POINT('',(5.64144416781,11.211000027707,0.182216479117
    ));
#4514 = CARTESIAN_POINT('',(5.655955638747,11.168562497256,
    0.188044240833));
#4515 = CARTESIAN_POINT('',(5.670522217163,11.125963809789,
    0.193319146763));
#4516 = CARTESIAN_POINT('',(5.68513325614,11.083235101292,0.19809686094)
  );
#4517 = CARTESIAN_POINT('',(5.699780658839,11.040400050265,
    0.202419061325));
#4518 = CARTESIAN_POINT('',(5.714458209853,10.997476833119,
    0.206319058599));
#4519 = CARTESIAN_POINT('',(5.729161138776,10.954479400493,
    0.209825286952));
#4520 = CARTESIAN_POINT('',(5.743885915984,10.911418074466,
    0.212962666875));
#4521 = CARTESIAN_POINT('',(5.776705680315,10.815439537604,
    0.219171140756));
#4522 = CARTESIAN_POINT('',(5.7948092213,10.762497311748,0.22206759411)
  );
#4523 = CARTESIAN_POINT('',(5.812936075776,10.709486907623,
    0.224480031421));
#4524 = CARTESIAN_POINT('',(5.831080585895,10.656424871108,
    0.226440383022));
#4525 = CARTESIAN_POINT('',(5.849242543131,10.603311812025,
    0.227975315706));
#4526 = CARTESIAN_POINT('',(5.867415022021,10.550167983283,
    0.229111594994));
#4527 = CARTESIAN_POINT('',(5.885598482229,10.496992040633,
    0.229866567026));
#4528 = CARTESIAN_POINT('',(5.911459506364,10.421363732239,
    0.230427608443));
#4529 = CARTESIAN_POINT('',(5.919129587022,10.398933250664,
    0.230530230044));
#4530 = CARTESIAN_POINT('',(5.926801008098,10.376498849152,
    0.230568827023));
#4531 = CARTESIAN_POINT('',(5.934473671392,10.35406081488,0.230548158971
    ));
#4532 = CARTESIAN_POINT('',(5.942147290562,10.331619985235,
    0.230467517261));
#4533 = CARTESIAN_POINT('',(5.949821590804,10.309177163855,
    0.230324790923));
#4534 = CARTESIAN_POINT('',(5.957496554306,10.286732402826,
    0.230123526911));
#4535 = CARTESIAN_POINT('',(5.96517217692,10.264285714286,0.229871402252
    ));
#4536 = PCURVE('',#4496,#4537);
#4537 = DEFINITIONAL_REPRESENTATION('',(#4538),#4562);
#4538 = B_SPLINE_CURVE_WITH_KNOTS('',8,(#4539,#4540,#4541,#4542,#4543,
    #4544,#4545,#4546,#4547,#4548,#4549,#4550,#4551,#4552,#4553,#4554,
    #4555,#4556,#4557,#4558,#4559,#4560,#4561),.UNSPECIFIED.,.F.,.F.,(9,
    7,7,9),(0.,0.364609145526,0.81159049698,1.),.UNSPECIFIED.);
#4539 = CARTESIAN_POINT('',(0.500266882553,-0.182216479117));
#4540 = CARTESIAN_POINT('',(0.455416834844,-0.188044240833));
#4541 = CARTESIAN_POINT('',(0.410396468556,-0.193319146763));
#4542 = CARTESIAN_POINT('',(0.365238689716,-0.19809686094));
#4543 = CARTESIAN_POINT('',(0.319968522913,-0.202419061325));
#4544 = CARTESIAN_POINT('',(0.274605177866,-0.206319058599));
#4545 = CARTESIAN_POINT('',(0.229163398286,-0.209825286952));
#4546 = CARTESIAN_POINT('',(0.183654093051,-0.212962666875));
#4547 = CARTESIAN_POINT('',(8.221930380728E-02,-0.219171140756));
#4548 = CARTESIAN_POINT('',(2.626738270741E-02,-0.22206759411));
#4549 = CARTESIAN_POINT('',(-2.975659250605E-02,-0.224480031421));
#4550 = CARTESIAN_POINT('',(-8.583513534166E-02,-0.226440383022));
#4551 = CARTESIAN_POINT('',(-0.141967601312,-0.227975315706));
#4552 = CARTESIAN_POINT('',(-0.198132586154,-0.229111594994));
#4553 = CARTESIAN_POINT('',(-0.254331510537,-0.229866567026));
#4554 = CARTESIAN_POINT('',(-0.334259187845,-0.230427608443));
#4555 = CARTESIAN_POINT('',(-0.357964812515,-0.230530230044));
#4556 = CARTESIAN_POINT('',(-0.381674579964,-0.230568827023));
#4557 = CARTESIAN_POINT('',(-0.405388186692,-0.230548158971));
#4558 = CARTESIAN_POINT('',(-0.429104747706,-0.230467517261));
#4559 = CARTESIAN_POINT('',(-0.452823413682,-0.230324790923));
#4560 = CARTESIAN_POINT('',(-0.476544129574,-0.230123526911));
#4561 = CARTESIAN_POINT('',(-0.500266882553,-0.229871402252));
#4562 = ( GEOMETRIC_REPRESENTATION_CONTEXT(2) 
PARAMETRIC_REPRESENTATION_CONTEXT() REPRESENTATION_CONTEXT('2D SPACE',''
  ) );
#4563 = ORIENTED_EDGE('',*,*,#4564,.T.);
#4564 = EDGE_CURVE('',#4509,#4565,#4567,.T.);
#4565 = VERTEX_POINT('',#4566);
#4566 = CARTESIAN_POINT('',(5.64144416781,11.211000027707,
    -0.113127339807));
#4567 = SURFACE_CURVE('',#4568,(#4572),.PCURVE_S1.);
#4568 = LINE('',#4569,#4570);
#4569 = CARTESIAN_POINT('',(5.64144416781,11.211000027707,0.));
#4570 = VECTOR('',#4571,1.);
#4571 = DIRECTION('',(-0.,0.,-1.));
#4572 = PCURVE('',#4496,#4573);
#4573 = DEFINITIONAL_REPRESENTATION('',(#4574),#4578);
#4574 = LINE('',#4575,#4576);
#4575 = CARTESIAN_POINT('',(0.500266882553,0.));
#4576 = VECTOR('',#4577,1.);
#4577 = DIRECTION('',(0.,1.));
#4578 = ( GEOMETRIC_REPRESENTATION_CONTEXT(2) 
PARAMETRIC_REPRESENTATION_CONTEXT() REPRESENTATION_CONTEXT('2D SPACE',''
  ) );
#4579 = ORIENTED_EDGE('',*,*,#4580,.T.);
#4580 = EDGE_CURVE('',#4565,#4488,#4581,.T.);
#4581 = SURFACE_CURVE('',#4582,(#4603),.PCURVE_S1.);
#4582 = B_SPLINE_CURVE_WITH_KNOTS('',7,(#4583,#4584,#4585,#4586,#4587,
    #4588,#4589,#4590,#4591,#4592,#4593,#4594,#4595,#4596,#4597,#4598,
    #4599,#4600,#4601,#4602),.UNSPECIFIED.,.F.,.F.,(8,6,6,8),(0.,
    0.523554437587,0.829838981602,1.),.UNSPECIFIED.);
#4583 = CARTESIAN_POINT('',(5.64144416781,11.211000027707,
    -0.113127339807));
#4584 = CARTESIAN_POINT('',(5.665373354308,11.141021209907,
    -0.116038349832));
#4585 = CARTESIAN_POINT('',(5.689410314552,11.070727217192,
    -0.117916125012));
#4586 = CARTESIAN_POINT('',(5.713517688346,11.000227306195,
    -0.119058125973));
#4587 = CARTESIAN_POINT('',(5.737675500029,10.929579893992,
    -0.119620063586));
#4588 = CARTESIAN_POINT('',(5.761869589325,10.858826391074,
    -0.119728294349));
#4589 = CARTESIAN_POINT('',(5.786093639635,10.787985269787,
    -0.119473171042));
#4590 = CARTESIAN_POINT('',(5.824534166313,10.675569303922,
    -0.118609576497));
#4591 = CARTESIAN_POINT('',(5.8387307949,10.634052502448,-0.118191753999
    ));
#4592 = CARTESIAN_POINT('',(5.852934984173,10.592513590408,
    -0.117689211363));
#4593 = CARTESIAN_POINT('',(5.867145663688,10.550955698222,
    -0.117114436528));
#4594 = CARTESIAN_POINT('',(5.881363041173,10.509378218406,
    -0.116479535586));
#4595 = CARTESIAN_POINT('',(5.895585370812,10.46778625645,
    -0.115792230902));
#4596 = CARTESIAN_POINT('',(5.917716439465,10.403065877378,
    -0.11465467672));
#4597 = CARTESIAN_POINT('',(5.925621918206,10.379946994651,
    -0.114234378802));
#4598 = CARTESIAN_POINT('',(5.933528945402,10.356823583602,
    -0.113804655833));
#4599 = CARTESIAN_POINT('',(5.941437366355,10.333696096629,
    -0.113359226143));
#4600 = CARTESIAN_POINT('',(5.949347464595,10.310563704581,
    -0.112910950649));
#4601 = CARTESIAN_POINT('',(5.957259169786,10.287426613142,
    -0.112454653884));
#4602 = CARTESIAN_POINT('',(5.96517217692,10.264285714286,
    -0.111984864374));
#4603 = PCURVE('',#4496,#4604);
#4604 = DEFINITIONAL_REPRESENTATION('',(#4605),#4626);
#4605 = B_SPLINE_CURVE_WITH_KNOTS('',7,(#4606,#4607,#4608,#4609,#4610,
    #4611,#4612,#4613,#4614,#4615,#4616,#4617,#4618,#4619,#4620,#4621,
    #4622,#4623,#4624,#4625),.UNSPECIFIED.,.F.,.F.,(8,6,6,8),(0.,
    0.523554437587,0.829838981602,1.),.UNSPECIFIED.);
#4606 = CARTESIAN_POINT('',(0.500266882553,0.113127339807));
#4607 = CARTESIAN_POINT('',(0.426309861878,0.116038349832));
#4608 = CARTESIAN_POINT('',(0.352019749012,0.117916125012));
#4609 = CARTESIAN_POINT('',(0.277512011684,0.119058125973));
#4610 = CARTESIAN_POINT('',(0.202848387902,0.119620063586));
#4611 = CARTESIAN_POINT('',(0.128072642289,0.119728294349));
#4612 = CARTESIAN_POINT('',(5.320429731755E-02,0.119473171042));
#4613 = CARTESIAN_POINT('',(-6.560236694209E-02,0.118609576497));
#4614 = CARTESIAN_POINT('',(-0.109479343454,0.118191753999));
#4615 = CARTESIAN_POINT('',(-0.15337968749,0.117689211363));
#4616 = CARTESIAN_POINT('',(-0.197300090666,0.117114436528));
#4617 = CARTESIAN_POINT('',(-0.241241195004,0.116479535586));
#4618 = CARTESIAN_POINT('',(-0.285197604772,0.115792230902));
#4619 = CARTESIAN_POINT('',(-0.35359725146,0.11465467672));
#4620 = CARTESIAN_POINT('',(-0.378030411972,0.114234378802));
#4621 = CARTESIAN_POINT('',(-0.402468358237,0.113804655833));
#4622 = CARTESIAN_POINT('',(-0.426910612136,0.113359226143));
#4623 = CARTESIAN_POINT('',(-0.451358049957,0.112910950649));
#4624 = CARTESIAN_POINT('',(-0.475810454323,0.112454653884));
#4625 = CARTESIAN_POINT('',(-0.500266882553,0.111984864374));
#4626 = ( GEOMETRIC_REPRESENTATION_CONTEXT(2) 
PARAMETRIC_REPRESENTATION_CONTEXT() REPRESENTATION_CONTEXT('2D SPACE',''
  ) );
#4627 = ( GEOMETRIC_REPRESENTATION_CONTEXT(3) 
GLOBAL_UNCERTAINTY_ASSIGNED_CONTEXT((#4631)) 
GLOBAL_UNIT_ASSIGNED_CONTEXT((#4628,#4629,#4630)) REPRESENTATION_CONTEXT
('Context #1','3D Context with UNIT and UNCERTAINTY') );
#4628 = ( LENGTH_UNIT() NAMED_UNIT(*) SI_UNIT(.MILLI.,.METRE.) );
#4629 = ( NAMED_UNIT(*) PLANE_ANGLE_UNIT() SI_UNIT($,.RADIAN.) );
#4630 = ( NAMED_UNIT(*) SI_UNIT($,.STERADIAN.) SOLID_ANGLE_UNIT() );
#4631 = UNCERTAINTY_MEASURE_WITH_UNIT(LENGTH_MEASURE(5.E-06),#4628,
  'distance_accuracy_value','confusion accuracy');
#4632 = CONTEXT_DEPENDENT_SHAPE_REPRESENTATION(#4633,#4635);
#4633 = ( REPRESENTATION_RELATIONSHIP('','',#4478,#10) 
REPRESENTATION_RELATIONSHIP_WITH_TRANSFORMATION(#4634) 
SHAPE_REPRESENTATION_RELATIONSHIP() );
#4634 = ITEM_DEFINED_TRANSFORMATION('','',#11,#119);
#4635 = PRODUCT_DEFINITION_SHAPE('Placement','Placement of an item',
  #4636);
#4636 = NEXT_ASSEMBLY_USAGE_OCCURRENCE('27','','',#5,#4473,$);
#4637 = PRODUCT_RELATED_PRODUCT_CATEGORY('part',$,(#4475));
#4638 = SHAPE_DEFINITION_REPRESENTATION(#4639,#4645);
#4639 = PRODUCT_DEFINITION_SHAPE('','',#4640);
#4640 = PRODUCT_DEFINITION('design','',#4641,#4644);
#4641 = PRODUCT_DEFINITION_FORMATION('','',#4642);
#4642 = PRODUCT('Open CASCADE STEP translator 7.8 2.28',
  'Open CASCADE STEP translator 7.8 2.28','',(#4643));
#4643 = PRODUCT_CONTEXT('',#2,'mechanical');
#4644 = PRODUCT_DEFINITION_CONTEXT('part definition',#2,'design');
#4645 = MANIFOLD_SURFACE_SHAPE_REPRESENTATION('',(#11,#4646),#4794);
#4646 = SHELL_BASED_SURFACE_MODEL('',(#4647));
#4647 = OPEN_SHELL('',(#4648));
#4648 = ADVANCED_FACE('',(#4649),#4663,.T.);
#4649 = FACE_BOUND('',#4650,.T.);
#4650 = EDGE_LOOP('',(#4651,#4674,#4724,#4740));
#4651 = ORIENTED_EDGE('',*,*,#4652,.F.);
#4652 = EDGE_CURVE('',#4653,#4655,#4657,.T.);
#4653 = VERTEX_POINT('',#4654);
#4654 = CARTESIAN_POINT('',(5.96517217692,10.264285714286,0.229871402252
    ));
#4655 = VERTEX_POINT('',#4656);
#4656 = CARTESIAN_POINT('',(5.96517217692,10.264285714286,
    -0.111984864374));
#4657 = SURFACE_CURVE('',#4658,(#4662),.PCURVE_S1.);
#4658 = LINE('',#4659,#4660);
#4659 = CARTESIAN_POINT('',(5.96517217692,10.264285714286,0.));
#4660 = VECTOR('',#4661,1.);
#4661 = DIRECTION('',(0.,0.,-1.));
#4662 = PCURVE('',#4663,#4668);
#4663 = PLANE('',#4664);
#4664 = AXIS2_PLACEMENT_3D('',#4665,#4666,#4667);
#4665 = CARTESIAN_POINT('',(6.417457107177,10.513734607979,0.));
#4666 = DIRECTION('',(-0.482947288124,0.875649425794,0.));
#4667 = DIRECTION('',(0.875649425794,0.482947288124,0.));
#4668 = DEFINITIONAL_REPRESENTATION('',(#4669),#4673);
#4669 = LINE('',#4670,#4671);
#4670 = CARTESIAN_POINT('',(-0.51651370621,0.));
#4671 = VECTOR('',#4672,1.);
#4672 = DIRECTION('',(0.,1.));
#4673 = ( GEOMETRIC_REPRESENTATION_CONTEXT(2) 
PARAMETRIC_REPRESENTATION_CONTEXT() REPRESENTATION_CONTEXT('2D SPACE',''
  ) );
#4674 = ORIENTED_EDGE('',*,*,#4675,.T.);
#4675 = EDGE_CURVE('',#4653,#4676,#4678,.T.);
#4676 = VERTEX_POINT('',#4677);
#4677 = CARTESIAN_POINT('',(6.869742037434,10.763183501672,
    0.164428519262));
#4678 = SURFACE_CURVE('',#4679,(#4700),.PCURVE_S1.);
#4679 = B_SPLINE_CURVE_WITH_KNOTS('',7,(#4680,#4681,#4682,#4683,#4684,
    #4685,#4686,#4687,#4688,#4689,#4690,#4691,#4692,#4693,#4694,#4695,
    #4696,#4697,#4698,#4699),.UNSPECIFIED.,.F.,.F.,(8,6,6,8),(0.,
    0.153600768011,0.635613795148,1.),.UNSPECIFIED.);
#4680 = CARTESIAN_POINT('',(5.96517217692,10.264285714286,0.229871402252
    ));
#4681 = CARTESIAN_POINT('',(5.985066282502,10.275257918524,0.22912343246
    ));
#4682 = CARTESIAN_POINT('',(6.004958870931,10.286229286005,
    0.228327929873));
#4683 = CARTESIAN_POINT('',(6.024849851328,10.297199766608,
    0.227485925121));
#4684 = CARTESIAN_POINT('',(6.044739556304,10.308169543778,
    0.226607142564));
#4685 = CARTESIAN_POINT('',(6.064628014942,10.319138633555,
    0.225694707168));
#4686 = CARTESIAN_POINT('',(6.084514927938,10.330106870862,
    0.224744226516));
#4687 = CARTESIAN_POINT('',(6.166802572096,10.375491009105,
    0.220660020478));
#4688 = CARTESIAN_POINT('',(6.229189276478,10.409899173844,
    0.217202992019));
#4689 = CARTESIAN_POINT('',(6.291559965352,10.444298505544,
    0.213368610354));
#4690 = CARTESIAN_POINT('',(6.353905343308,10.478683877502,
    0.209233214726));
#4691 = CARTESIAN_POINT('',(6.416226493455,10.513055887086,
    0.204752169265));
#4692 = CARTESIAN_POINT('',(6.478517090932,10.547411045945,0.19996687897
    ));
#4693 = CARTESIAN_POINT('',(6.587837824362,10.607704755037,
    0.191029683151));
#4694 = CARTESIAN_POINT('',(6.634882348228,10.633651240643,
    0.187008981866));
#4695 = CARTESIAN_POINT('',(6.681905572214,10.659585978717,
    0.182819010917));
#4696 = CARTESIAN_POINT('',(6.728905532421,10.68550788611,0.178463225061
    ));
#4697 = CARTESIAN_POINT('',(6.775880015723,10.711415742214,
    0.173944632736));
#4698 = CARTESIAN_POINT('',(6.822826490508,10.737308150771,
    0.169265744135));
#4699 = CARTESIAN_POINT('',(6.869742037434,10.763183501672,
    0.164428519262));
#4700 = PCURVE('',#4663,#4701);
#4701 = DEFINITIONAL_REPRESENTATION('',(#4702),#4723);
#4702 = B_SPLINE_CURVE_WITH_KNOTS('',7,(#4703,#4704,#4705,#4706,#4707,
    #4708,#4709,#4710,#4711,#4712,#4713,#4714,#4715,#4716,#4717,#4718,
    #4719,#4720,#4721,#4722),.UNSPECIFIED.,.F.,.F.,(8,6,6,8),(0.,
    0.153600768011,0.635613795148,1.),.UNSPECIFIED.);
#4703 = CARTESIAN_POINT('',(-0.51651370621,-0.229871402252));
#4704 = CARTESIAN_POINT('',(-0.493794447798,-0.22912343246));
#4705 = CARTESIAN_POINT('',(-0.471076921991,-0.228327929873));
#4706 = CARTESIAN_POINT('',(-0.448361232571,-0.227485925121));
#4707 = CARTESIAN_POINT('',(-0.425646999694,-0.226607142564));
#4708 = CARTESIAN_POINT('',(-0.402934190146,-0.225694707168));
#4709 = CARTESIAN_POINT('',(-0.380223145738,-0.224744226516));
#4710 = CARTESIAN_POINT('',(-0.286249870893,-0.220660020478));
#4711 = CARTESIAN_POINT('',(-0.215003659173,-0.217202992019));
#4712 = CARTESIAN_POINT('',(-0.143775737317,-0.213368610354));
#4713 = CARTESIAN_POINT('',(-7.257672077032E-02,-0.209233214726));
#4714 = CARTESIAN_POINT('',(-1.405372613796E-03,-0.204752169265));
#4715 = CARTESIAN_POINT('',(6.973108410401E-02,-0.19996687897));
#4716 = CARTESIAN_POINT('',(0.194576404856,-0.191029683151));
#4717 = CARTESIAN_POINT('',(0.248301700026,-0.187008981866));
#4718 = CARTESIAN_POINT('',(0.302002670529,-0.182819010917));
#4719 = CARTESIAN_POINT('',(0.355677073575,-0.178463225061));
#4720 = CARTESIAN_POINT('',(0.409322381752,-0.173944632736));
#4721 = CARTESIAN_POINT('',(0.462935703936,-0.169265744135));
#4722 = CARTESIAN_POINT('',(0.51651370621,-0.164428519262));
#4723 = ( GEOMETRIC_REPRESENTATION_CONTEXT(2) 
PARAMETRIC_REPRESENTATION_CONTEXT() REPRESENTATION_CONTEXT('2D SPACE',''
  ) );
#4724 = ORIENTED_EDGE('',*,*,#4725,.T.);
#4725 = EDGE_CURVE('',#4676,#4726,#4728,.T.);
#4726 = VERTEX_POINT('',#4727);
#4727 = CARTESIAN_POINT('',(6.869742037434,10.763183501672,
    -6.971331351891E-02));
#4728 = SURFACE_CURVE('',#4729,(#4733),.PCURVE_S1.);
#4729 = LINE('',#4730,#4731);
#4730 = CARTESIAN_POINT('',(6.869742037434,10.763183501672,0.));
#4731 = VECTOR('',#4732,1.);
#4732 = DIRECTION('',(0.,0.,-1.));
#4733 = PCURVE('',#4663,#4734);
#4734 = DEFINITIONAL_REPRESENTATION('',(#4735),#4739);
#4735 = LINE('',#4736,#4737);
#4736 = CARTESIAN_POINT('',(0.51651370621,0.));
#4737 = VECTOR('',#4738,1.);
#4738 = DIRECTION('',(0.,1.));
#4739 = ( GEOMETRIC_REPRESENTATION_CONTEXT(2) 
PARAMETRIC_REPRESENTATION_CONTEXT() REPRESENTATION_CONTEXT('2D SPACE',''
  ) );
#4740 = ORIENTED_EDGE('',*,*,#4741,.F.);
#4741 = EDGE_CURVE('',#4655,#4726,#4742,.T.);
#4742 = SURFACE_CURVE('',#4743,(#4767),.PCURVE_S1.);
#4743 = B_SPLINE_CURVE_WITH_KNOTS('',8,(#4744,#4745,#4746,#4747,#4748,
    #4749,#4750,#4751,#4752,#4753,#4754,#4755,#4756,#4757,#4758,#4759,
    #4760,#4761,#4762,#4763,#4764,#4765,#4766),.UNSPECIFIED.,.F.,.F.,(9,
    7,7,9),(0.,0.108194629559,0.468308335167,1.),.UNSPECIFIED.);
#4744 = CARTESIAN_POINT('',(5.96517217692,10.264285714286,
    -0.111984864374));
#4745 = CARTESIAN_POINT('',(5.977416752031,10.271038969836,
    -0.111564380054));
#4746 = CARTESIAN_POINT('',(5.989661571826,10.277792360335,
    -0.111139611544));
#4747 = CARTESIAN_POINT('',(6.001906590901,10.284545860744,
    -0.11071026567));
#4748 = CARTESIAN_POINT('',(6.014151739537,10.29129943261,
    -0.110275557926));
#4749 = CARTESIAN_POINT('',(6.026396939007,10.298053032513,-0.1098345461
    ));
#4750 = CARTESIAN_POINT('',(6.03864211689,10.304806620509,
    -0.109386463901));
#4751 = CARTESIAN_POINT('',(6.050887222379,10.311560168578,
    -0.10893105458));
#4752 = CARTESIAN_POINT('',(6.103888416503,10.340791938983,
    -0.10693068998));
#4753 = CARTESIAN_POINT('',(6.144643508421,10.363269611598,
    -0.105318283267));
#4754 = CARTESIAN_POINT('',(6.185397011708,10.385746408036,
    -0.103635893282));
#4755 = CARTESIAN_POINT('',(6.226145776388,10.408220590987,
    -0.101913494899));
#4756 = CARTESIAN_POINT('',(6.266892358976,10.430693570448,
    -0.100122258392));
#4757 = CARTESIAN_POINT('',(6.307634451127,10.453164073297,
    -9.828633181042E-02));
#4758 = CARTESIAN_POINT('',(6.348371925568,10.475632029339,
    -9.640234151386E-02));
#4759 = CARTESIAN_POINT('',(6.449243062086,10.531265528769,
    -9.163270060464E-02));
#4760 = CARTESIAN_POINT('',(6.509370191373,10.564427469126,
    -8.869686834606E-02));
#4761 = CARTESIAN_POINT('',(6.569483353908,10.597581706395,
    -8.568042124546E-02));
#4762 = CARTESIAN_POINT('',(6.629580242302,10.63072696798,
    -8.25938109464E-02));
#4763 = CARTESIAN_POINT('',(6.68965814372,10.66386175767,
    -7.944632867898E-02));
#4764 = CARTESIAN_POINT('',(6.749713812327,10.696984285288,
    -7.62460651338E-02));
#4765 = CARTESIAN_POINT('',(6.809743341733,10.730092396343,
    -7.299987033594E-02));
#4766 = CARTESIAN_POINT('',(6.869742037434,10.763183501672,
    -6.971331351891E-02));
#4767 = PCURVE('',#4663,#4768);
#4768 = DEFINITIONAL_REPRESENTATION('',(#4769),#4793);
#4769 = B_SPLINE_CURVE_WITH_KNOTS('',8,(#4770,#4771,#4772,#4773,#4774,
    #4775,#4776,#4777,#4778,#4779,#4780,#4781,#4782,#4783,#4784,#4785,
    #4786,#4787,#4788,#4789,#4790,#4791,#4792),.UNSPECIFIED.,.F.,.F.,(9,
    7,7,9),(0.,0.108194629559,0.468308335167,1.),.UNSPECIFIED.);
#4770 = CARTESIAN_POINT('',(-0.51651370621,0.111984864374));
#4771 = CARTESIAN_POINT('',(-0.50253028459,0.111564380054));
#4772 = CARTESIAN_POINT('',(-0.488546583541,0.111139611544));
#4773 = CARTESIAN_POINT('',(-0.474562654911,0.11071026567));
#4774 = CARTESIAN_POINT('',(-0.460578578321,0.110275557926));
#4775 = CARTESIAN_POINT('',(-0.446594443678,0.1098345461));
#4776 = CARTESIAN_POINT('',(-0.432610333689,0.109386463901));
#4777 = CARTESIAN_POINT('',(-0.418626306373,0.10893105458));
#4778 = CARTESIAN_POINT('',(-0.358098436928,0.10693068998));
#4779 = CARTESIAN_POINT('',(-0.311555733059,0.105318283267));
#4780 = CARTESIAN_POINT('',(-0.265014843421,0.103635893282));
#4781 = CARTESIAN_POINT('',(-0.218479365318,0.101913494899));
#4782 = CARTESIAN_POINT('',(-0.171946379186,0.100122258392));
#4783 = CARTESIAN_POINT('',(-0.125418521174,9.828633181042E-02));
#4784 = CARTESIAN_POINT('',(-7.889593663092E-02,9.640234151386E-02));
#4785 = CARTESIAN_POINT('',(3.629986381835E-02,9.163270060464E-02));
#4786 = CARTESIAN_POINT('',(0.104965619217,8.869686834606E-02));
#4787 = CARTESIAN_POINT('',(0.173615424453,8.568042124546E-02));
#4788 = CARTESIAN_POINT('',(0.242246644464,8.25938109464E-02));
#4789 = CARTESIAN_POINT('',(0.310856181166,7.944632867898E-02));
#4790 = CARTESIAN_POINT('',(0.379440327787,7.62460651338E-02));
#4791 = CARTESIAN_POINT('',(0.447994623191,7.299987033594E-02));
#4792 = CARTESIAN_POINT('',(0.51651370621,6.971331351891E-02));
#4793 = ( GEOMETRIC_REPRESENTATION_CONTEXT(2) 
PARAMETRIC_REPRESENTATION_CONTEXT() REPRESENTATION_CONTEXT('2D SPACE',''
  ) );
#4794 = ( GEOMETRIC_REPRESENTATION_CONTEXT(3) 
GLOBAL_UNCERTAINTY_ASSIGNED_CONTEXT((#4798)) 
GLOBAL_UNIT_ASSIGNED_CONTEXT((#4795,#4796,#4797)) REPRESENTATION_CONTEXT
('Context #1','3D Context with UNIT and UNCERTAINTY') );
#4795 = ( LENGTH_UNIT() NAMED_UNIT(*) SI_UNIT(.MILLI.,.METRE.) );
#4796 = ( NAMED_UNIT(*) PLANE_ANGLE_UNIT() SI_UNIT($,.RADIAN.) );
#4797 = ( NAMED_UNIT(*) SI_UNIT($,.STERADIAN.) SOLID_ANGLE_UNIT() );
#4798 = UNCERTAINTY_MEASURE_WITH_UNIT(LENGTH_MEASURE(5.E-06),#4795,
  'distance_accuracy_value','confusion accuracy');
#4799 = CONTEXT_DEPENDENT_SHAPE_REPRESENTATION(#4800,#4802);
#4800 = ( REPRESENTATION_RELATIONSHIP('','',#4645,#10) 
REPRESENTATION_RELATIONSHIP_WITH_TRANSFORMATION(#4801) 
SHAPE_REPRESENTATION_RELATIONSHIP() );
#4801 = ITEM_DEFINED_TRANSFORMATION('','',#11,#123);
#4802 = PRODUCT_DEFINITION_SHAPE('Placement','Placement of an item',
  #4803);
#4803 = NEXT_ASSEMBLY_USAGE_OCCURRENCE('28','','',#5,#4640,$);
#4804 = PRODUCT_RELATED_PRODUCT_CATEGORY('part',$,(#4642));
#4805 = SHAPE_DEFINITION_REPRESENTATION(#4806,#4812);
#4806 = PRODUCT_DEFINITION_SHAPE('','',#4807);
#4807 = PRODUCT_DEFINITION('design','',#4808,#4811);
#4808 = PRODUCT_DEFINITION_FORMATION('','',#4809);
#4809 = PRODUCT('Open CASCADE STEP translator 7.8 2.29',
  'Open CASCADE STEP translator 7.8 2.29','',(#4810));
#4810 = PRODUCT_CONTEXT('',#2,'mechanical');
#4811 = PRODUCT_DEFINITION_CONTEXT('part definition',#2,'design');
#4812 = MANIFOLD_SURFACE_SHAPE_REPRESENTATION('',(#11,#4813),#4967);
#4813 = SHELL_BASED_SURFACE_MODEL('',(#4814));
#4814 = OPEN_SHELL('',(#4815));
#4815 = ADVANCED_FACE('',(#4816),#4830,.T.);
#4816 = FACE_BOUND('',#4817,.T.);
#4817 = EDGE_LOOP('',(#4818,#4841,#4903,#4919));
#4818 = ORIENTED_EDGE('',*,*,#4819,.F.);
#4819 = EDGE_CURVE('',#4820,#4822,#4824,.T.);
#4820 = VERTEX_POINT('',#4821);
#4821 = CARTESIAN_POINT('',(5.96517217692,10.264285714286,0.229871402252
    ));
#4822 = VERTEX_POINT('',#4823);
#4823 = CARTESIAN_POINT('',(5.96517217692,10.264285714286,
    -0.111984864374));
#4824 = SURFACE_CURVE('',#4825,(#4829),.PCURVE_S1.);
#4825 = LINE('',#4826,#4827);
#4826 = CARTESIAN_POINT('',(5.96517217692,10.264285714286,0.));
#4827 = VECTOR('',#4828,1.);
#4828 = DIRECTION('',(-0.,0.,-1.));
#4829 = PCURVE('',#4830,#4835);
#4830 = PLANE('',#4831);
#4831 = AXIS2_PLACEMENT_3D('',#4832,#4833,#4834);
#4832 = CARTESIAN_POINT('',(5.673589187972,10.440332058243,0.));
#4833 = DIRECTION('',(-0.516861003485,-0.856069333101,0.));
#4834 = DIRECTION('',(-0.856069333101,0.516861003485,0.));
#4835 = DEFINITIONAL_REPRESENTATION('',(#4836),#4840);
#4836 = LINE('',#4837,#4838);
#4837 = CARTESIAN_POINT('',(-0.34060674489,0.));
#4838 = VECTOR('',#4839,1.);
#4839 = DIRECTION('',(0.,1.));
#4840 = ( GEOMETRIC_REPRESENTATION_CONTEXT(2) 
PARAMETRIC_REPRESENTATION_CONTEXT() REPRESENTATION_CONTEXT('2D SPACE',''
  ) );
#4841 = ORIENTED_EDGE('',*,*,#4842,.F.);
#4842 = EDGE_CURVE('',#4843,#4820,#4845,.T.);
#4843 = VERTEX_POINT('',#4844);
#4844 = CARTESIAN_POINT('',(5.382006199024,10.616378402201,
    0.190074188473));
#4845 = SURFACE_CURVE('',#4846,(#4873),.PCURVE_S1.);
#4846 = B_SPLINE_CURVE_WITH_KNOTS('',7,(#4847,#4848,#4849,#4850,#4851,
    #4852,#4853,#4854,#4855,#4856,#4857,#4858,#4859,#4860,#4861,#4862,
    #4863,#4864,#4865,#4866,#4867,#4868,#4869,#4870,#4871,#4872),
  .UNSPECIFIED.,.F.,.F.,(8,6,6,6,8),(0.,0.459543084062,0.721632182911,
    0.855918554117,1.),.UNSPECIFIED.);
#4847 = CARTESIAN_POINT('',(5.382006199024,10.616378402201,
    0.190074188473));
#4848 = CARTESIAN_POINT('',(5.419208000993,10.593917416912,
    0.197866509501));
#4849 = CARTESIAN_POINT('',(5.456758343821,10.571245996357,
    0.204592323673));
#4850 = CARTESIAN_POINT('',(5.494568194801,10.548417894983,
    0.210373369018));
#4851 = CARTESIAN_POINT('',(5.532575596268,10.525470520392,0.21529301075
    ));
#4852 = CARTESIAN_POINT('',(5.570736056641,10.502430734852,
    0.219417132057));
#4853 = CARTESIAN_POINT('',(5.609017998827,10.47931760337,0.22280341057)
  );
#4854 = CARTESIAN_POINT('',(5.669295359323,10.442924503152,
    0.227036332552));
#4855 = CARTESIAN_POINT('',(5.691219491999,10.429687573879,
    0.228348613584));
#4856 = CARTESIAN_POINT('',(5.713170868933,10.416434195593,
    0.229445562154));
#4857 = CARTESIAN_POINT('',(5.735145998213,10.403166476575,
    0.230333921913));
#4858 = CARTESIAN_POINT('',(5.757141261442,10.389886601471,0.23102105216
    ));
#4859 = CARTESIAN_POINT('',(5.77915296742,10.376596798881,0.231514880943
    ));
#4860 = CARTESIAN_POINT('',(5.812464292164,10.356484730771,
    0.231976637148));
#4861 = CARTESIAN_POINT('',(5.823753457916,10.349668776369,
    0.232083662288));
#4862 = CARTESIAN_POINT('',(5.83504598652,10.34285079161,0.232142140577)
  );
#4863 = CARTESIAN_POINT('',(5.846341667638,10.336030903486,
    0.232152863201));
#4864 = CARTESIAN_POINT('',(5.857640326889,10.329209217283,0.23211658028
    ));
#4865 = CARTESIAN_POINT('',(5.868941672232,10.322385909323,
    0.232034033062));
#4866 = CARTESIAN_POINT('',(5.892373102526,10.308238933013,
    0.231768599203));
#4867 = CARTESIAN_POINT('',(5.904503593443,10.300915019557,
    0.231579215812));
#4868 = CARTESIAN_POINT('',(5.916635564149,10.293590212663,
    0.231336083773));
#4869 = CARTESIAN_POINT('',(5.928769556826,10.286264184981,
    0.231047414805));
#4870 = CARTESIAN_POINT('',(5.940903188123,10.278938375487,
    0.230701463569));
#4871 = CARTESIAN_POINT('',(5.953037506349,10.271612151253,
    0.230308478365));
#4872 = CARTESIAN_POINT('',(5.96517217692,10.264285714286,0.229871402252
    ));
#4873 = PCURVE('',#4830,#4874);
#4874 = DEFINITIONAL_REPRESENTATION('',(#4875),#4902);
#4875 = B_SPLINE_CURVE_WITH_KNOTS('',7,(#4876,#4877,#4878,#4879,#4880,
    #4881,#4882,#4883,#4884,#4885,#4886,#4887,#4888,#4889,#4890,#4891,
    #4892,#4893,#4894,#4895,#4896,#4897,#4898,#4899,#4900,#4901),
  .UNSPECIFIED.,.F.,.F.,(8,6,6,6,8),(0.,0.459543084062,0.721632182911,
    0.855918554117,1.),.UNSPECIFIED.);
#4876 = CARTESIAN_POINT('',(0.34060674489,-0.190074188473));
#4877 = CARTESIAN_POINT('',(0.297150215692,-0.197866509501));
#4878 = CARTESIAN_POINT('',(0.253286545572,-0.204592323673));
#4879 = CARTESIAN_POINT('',(0.209119736275,-0.210373369018));
#4880 = CARTESIAN_POINT('',(0.164722162389,-0.21529301075));
#4881 = CARTESIAN_POINT('',(0.120145795853,-0.219417132057));
#4882 = CARTESIAN_POINT('',(7.542752280433E-02,-0.22280341057));
#4883 = CARTESIAN_POINT('',(5.015748705043E-03,-0.227036332552));
#4884 = CARTESIAN_POINT('',(-2.059448148122E-02,-0.228348613584));
#4885 = CARTESIAN_POINT('',(-4.623653649444E-02,-0.229445562154));
#4886 = CARTESIAN_POINT('',(-7.190633732715E-02,-0.230333921913));
#4887 = CARTESIAN_POINT('',(-9.759965722359E-02,-0.23102105216));
#4888 = CARTESIAN_POINT('',(-0.123312184383,-0.231514880943));
#4889 = CARTESIAN_POINT('',(-0.162224131647,-0.231976637148));
#4890 = CARTESIAN_POINT('',(-0.175411341276,-0.232083662288));
#4891 = CARTESIAN_POINT('',(-0.188602479151,-0.232142140577));
#4892 = CARTESIAN_POINT('',(-0.201797299572,-0.232152863201));
#4893 = CARTESIAN_POINT('',(-0.214995598839,-0.23211658028));
#4894 = CARTESIAN_POINT('',(-0.228197035808,-0.232034033062));
#4895 = CARTESIAN_POINT('',(-0.255567985086,-0.231768599203));
#4896 = CARTESIAN_POINT('',(-0.269737971613,-0.231579215812));
#4897 = CARTESIAN_POINT('',(-0.283909686727,-0.231336083773));
#4898 = CARTESIAN_POINT('',(-0.298083763765,-0.231047414805));
#4899 = CARTESIAN_POINT('',(-0.312257418664,-0.230701463569));
#4900 = CARTESIAN_POINT('',(-0.326431875984,-0.230308478365));
#4901 = CARTESIAN_POINT('',(-0.34060674489,-0.229871402252));
#4902 = ( GEOMETRIC_REPRESENTATION_CONTEXT(2) 
PARAMETRIC_REPRESENTATION_CONTEXT() REPRESENTATION_CONTEXT('2D SPACE',''
  ) );
#4903 = ORIENTED_EDGE('',*,*,#4904,.T.);
#4904 = EDGE_CURVE('',#4843,#4905,#4907,.T.);
#4905 = VERTEX_POINT('',#4906);
#4906 = CARTESIAN_POINT('',(5.382006199024,10.616378402201,
    -0.118005720284));
#4907 = SURFACE_CURVE('',#4908,(#4912),.PCURVE_S1.);
#4908 = LINE('',#4909,#4910);
#4909 = CARTESIAN_POINT('',(5.382006199024,10.616378402201,0.));
#4910 = VECTOR('',#4911,1.);
#4911 = DIRECTION('',(-0.,0.,-1.));
#4912 = PCURVE('',#4830,#4913);
#4913 = DEFINITIONAL_REPRESENTATION('',(#4914),#4918);
#4914 = LINE('',#4915,#4916);
#4915 = CARTESIAN_POINT('',(0.34060674489,0.));
#4916 = VECTOR('',#4917,1.);
#4917 = DIRECTION('',(0.,1.));
#4918 = ( GEOMETRIC_REPRESENTATION_CONTEXT(2) 
PARAMETRIC_REPRESENTATION_CONTEXT() REPRESENTATION_CONTEXT('2D SPACE',''
  ) );
#4919 = ORIENTED_EDGE('',*,*,#4920,.T.);
#4920 = EDGE_CURVE('',#4905,#4822,#4921,.T.);
#4921 = SURFACE_CURVE('',#4922,(#4943),.PCURVE_S1.);
#4922 = B_SPLINE_CURVE_WITH_KNOTS('',7,(#4923,#4924,#4925,#4926,#4927,
    #4928,#4929,#4930,#4931,#4932,#4933,#4934,#4935,#4936,#4937,#4938,
    #4939,#4940,#4941,#4942),.UNSPECIFIED.,.F.,.F.,(8,6,6,8),(0.,
    0.535359517503,0.836415796621,1.),.UNSPECIFIED.);
#4923 = CARTESIAN_POINT('',(5.382006199024,10.616378402201,
    -0.118005720284));
#4924 = CARTESIAN_POINT('',(5.425746465249,10.58996974928,
    -0.120593646047));
#4925 = CARTESIAN_POINT('',(5.469814507396,10.563363198146,
    -0.122168086476));
#4926 = CARTESIAN_POINT('',(5.514101675004,10.536624347674,
    -0.122988051281));
#4927 = CARTESIAN_POINT('',(5.558545851055,10.509790701678,
    -0.123205299245));
#4928 = CARTESIAN_POINT('',(5.603103101419,10.482888785857,
    -0.122941616444));
#4929 = CARTESIAN_POINT('',(5.647752235778,10.455931394093,
    -0.122289689129));
#4930 = CARTESIAN_POINT('',(5.717642741967,10.413734254485,
    -0.120783058105));
#4931 = CARTESIAN_POINT('',(5.742823049383,10.398531374933,
    -0.120142099586));
#4932 = CARTESIAN_POINT('',(5.76802444319,10.383315764248,
    -0.119415711757));
#4933 = CARTESIAN_POINT('',(5.793243519641,10.368089477478,
    -0.118615694611));
#4934 = CARTESIAN_POINT('',(5.818481865021,10.352851556885,
    -0.117753835717));
#4935 = CARTESIAN_POINT('',(5.843733179799,10.33760580588,
    -0.116837795627));
#4936 = CARTESIAN_POINT('',(5.882724240188,10.314064536709,
    -0.115353460612));
#4937 = CARTESIAN_POINT('',(5.896455263157,10.305774284931,
    -0.114816931998));
#4938 = CARTESIAN_POINT('',(5.910190410301,10.297481543138,
    -0.114270945306));
#4939 = CARTESIAN_POINT('',(5.923929095307,10.289186665324,
    -0.113709211311));
#4940 = CARTESIAN_POINT('',(5.937672593102,10.280888881737,
    -0.113144377476));
#4941 = CARTESIAN_POINT('',(5.95142067764,10.272588328855,
    -0.112571492676));
#4942 = CARTESIAN_POINT('',(5.96517217692,10.264285714286,
    -0.111984864374));
#4943 = PCURVE('',#4830,#4944);
#4944 = DEFINITIONAL_REPRESENTATION('',(#4945),#4966);
#4945 = B_SPLINE_CURVE_WITH_KNOTS('',7,(#4946,#4947,#4948,#4949,#4950,
    #4951,#4952,#4953,#4954,#4955,#4956,#4957,#4958,#4959,#4960,#4961,
    #4962,#4963,#4964,#4965),.UNSPECIFIED.,.F.,.F.,(8,6,6,8),(0.,
    0.535359517503,0.836415796621,1.),.UNSPECIFIED.);
#4946 = CARTESIAN_POINT('',(0.34060674489,0.118005720284));
#4947 = CARTESIAN_POINT('',(0.289512441504,0.120593646047));
#4948 = CARTESIAN_POINT('',(0.238035253334,0.122168086476));
#4949 = CARTESIAN_POINT('',(0.186302098207,0.122988051281));
#4950 = CARTESIAN_POINT('',(0.134385536858,0.123205299245));
#4951 = CARTESIAN_POINT('',(8.233689004763E-02,0.122941616444));
#4952 = CARTESIAN_POINT('',(3.018091081447E-02,0.122289689129));
#4953 = CARTESIAN_POINT('',(-5.146026413069E-02,0.120783058105));
#4954 = CARTESIAN_POINT('',(-8.087412868863E-02,0.120142099586));
#4955 = CARTESIAN_POINT('',(-0.110312624885,0.119415711757));
#4956 = CARTESIAN_POINT('',(-0.139771776703,0.118615694611));
#4957 = CARTESIAN_POINT('',(-0.16925343713,0.117753835717));
#4958 = CARTESIAN_POINT('',(-0.198750247495,0.116837795627));
#4959 = CARTESIAN_POINT('',(-0.244296862566,0.115353460612));
#4960 = CARTESIAN_POINT('',(-0.260336478095,0.114816931998));
#4961 = CARTESIAN_POINT('',(-0.276380911196,0.114270945306));
#4962 = CARTESIAN_POINT('',(-0.292429476977,0.113709211311));
#4963 = CARTESIAN_POINT('',(-0.30848366472,0.113144377476));
#4964 = CARTESIAN_POINT('',(-0.324543210375,0.112571492676));
#4965 = CARTESIAN_POINT('',(-0.34060674489,0.111984864374));
#4966 = ( GEOMETRIC_REPRESENTATION_CONTEXT(2) 
PARAMETRIC_REPRESENTATION_CONTEXT() REPRESENTATION_CONTEXT('2D SPACE',''
  ) );
#4967 = ( GEOMETRIC_REPRESENTATION_CONTEXT(3) 
GLOBAL_UNCERTAINTY_ASSIGNED_CONTEXT((#4971)) 
GLOBAL_UNIT_ASSIGNED_CONTEXT((#4968,#4969,#4970)) REPRESENTATION_CONTEXT
('Context #1','3D Context with UNIT and UNCERTAINTY') );
#4968 = ( LENGTH_UNIT() NAMED_UNIT(*) SI_UNIT(.MILLI.,.METRE.) );
#4969 = ( NAMED_UNIT(*) PLANE_ANGLE_UNIT() SI_UNIT($,.RADIAN.) );
#4970 = ( NAMED_UNIT(*) SI_UNIT($,.STERADIAN.) SOLID_ANGLE_UNIT() );
#4971 = UNCERTAINTY_MEASURE_WITH_UNIT(LENGTH_MEASURE(5.E-06),#4968,
  'distance_accuracy_value','confusion accuracy');
#4972 = CONTEXT_DEPENDENT_SHAPE_REPRESENTATION(#4973,#4975);
#4973 = ( REPRESENTATION_RELATIONSHIP('','',#4812,#10) 
REPRESENTATION_RELATIONSHIP_WITH_TRANSFORMATION(#4974) 
SHAPE_REPRESENTATION_RELATIONSHIP() );
#4974 = ITEM_DEFINED_TRANSFORMATION('','',#11,#127);
#4975 = PRODUCT_DEFINITION_SHAPE('Placement','Placement of an item',
  #4976);
#4976 = NEXT_ASSEMBLY_USAGE_OCCURRENCE('29','','',#5,#4807,$);
#4977 = PRODUCT_RELATED_PRODUCT_CATEGORY('part',$,(#4809));
#4978 = SHAPE_DEFINITION_REPRESENTATION(#4979,#4985);
#4979 = PRODUCT_DEFINITION_SHAPE('','',#4980);
#4980 = PRODUCT_DEFINITION('design','',#4981,#4984);
#4981 = PRODUCT_DEFINITION_FORMATION('','',#4982);
#4982 = PRODUCT('Open CASCADE STEP translator 7.8 2.30',
  'Open CASCADE STEP translator 7.8 2.30','',(#4983));
#4983 = PRODUCT_CONTEXT('',#2,'mechanical');
#4984 = PRODUCT_DEFINITION_CONTEXT('part definition',#2,'design');
#4985 = MANIFOLD_SURFACE_SHAPE_REPRESENTATION('',(#11,#4986),#5152);
#4986 = SHELL_BASED_SURFACE_MODEL('',(#4987));
#4987 = OPEN_SHELL('',(#4988));
#4988 = ADVANCED_FACE('',(#4989),#5003,.T.);
#4989 = FACE_BOUND('',#4990,.T.);
#4990 = EDGE_LOOP('',(#4991,#5014,#5084,#5100));
#4991 = ORIENTED_EDGE('',*,*,#4992,.F.);
#4992 = EDGE_CURVE('',#4993,#4995,#4997,.T.);
#4993 = VERTEX_POINT('',#4994);
#4994 = CARTESIAN_POINT('',(5.96517217692,10.264285714286,0.229871402252
    ));
#4995 = VERTEX_POINT('',#4996);
#4996 = CARTESIAN_POINT('',(5.96517217692,10.264285714286,
    -0.111984864374));
#4997 = SURFACE_CURVE('',#4998,(#5002),.PCURVE_S1.);
#4998 = LINE('',#4999,#5000);
#4999 = CARTESIAN_POINT('',(5.96517217692,10.264285714286,0.));
#5000 = VECTOR('',#5001,1.);
#5001 = DIRECTION('',(0.,0.,-1.));
#5002 = PCURVE('',#5003,#5008);
#5003 = PLANE('',#5004);
#5004 = AXIS2_PLACEMENT_3D('',#5005,#5006,#5007);
#5005 = CARTESIAN_POINT('',(6.310719786497,10.19635461907,0.));
#5006 = DIRECTION('',(0.192897514943,0.981218909688,0.));
#5007 = DIRECTION('',(0.981218909688,-0.192897514943,0.));
#5008 = DEFINITIONAL_REPRESENTATION('',(#5009),#5013);
#5009 = LINE('',#5010,#5011);
#5010 = CARTESIAN_POINT('',(-0.352161588169,0.));
#5011 = VECTOR('',#5012,1.);
#5012 = DIRECTION('',(0.,1.));
#5013 = ( GEOMETRIC_REPRESENTATION_CONTEXT(2) 
PARAMETRIC_REPRESENTATION_CONTEXT() REPRESENTATION_CONTEXT('2D SPACE',''
  ) );
#5014 = ORIENTED_EDGE('',*,*,#5015,.T.);
#5015 = EDGE_CURVE('',#4993,#5016,#5018,.T.);
#5016 = VERTEX_POINT('',#5017);
#5017 = CARTESIAN_POINT('',(6.656267396075,10.128423523853,
    0.171759703039));
#5018 = SURFACE_CURVE('',#5019,(#5050),.PCURVE_S1.);
#5019 = B_SPLINE_CURVE_WITH_KNOTS('',8,(#5020,#5021,#5022,#5023,#5024,
    #5025,#5026,#5027,#5028,#5029,#5030,#5031,#5032,#5033,#5034,#5035,
    #5036,#5037,#5038,#5039,#5040,#5041,#5042,#5043,#5044,#5045,#5046,
    #5047,#5048,#5049),.UNSPECIFIED.,.F.,.F.,(9,7,7,7,9),(0.,
    0.104613414199,0.499412973439,0.893581061105,1.),.UNSPECIFIED.);
#5020 = CARTESIAN_POINT('',(5.96517217692,10.264285714286,0.229871402252
    ));
#5021 = CARTESIAN_POINT('',(5.974229992456,10.262505041196,
    0.229540110746));
#5022 = CARTESIAN_POINT('',(5.983287701422,10.260724389056,0.2291906468)
  );
#5023 = CARTESIAN_POINT('',(5.992345286494,10.258943761274,
    0.228823636002));
#5024 = CARTESIAN_POINT('',(6.001402763686,10.257163154699,
    0.228440188772));
#5025 = CARTESIAN_POINT('',(6.010460162635,10.255382563506,
    0.228041569004));
#5026 = CARTESIAN_POINT('',(6.019517506878,10.253601983067,
    0.227628862699));
#5027 = CARTESIAN_POINT('',(6.028574794137,10.251821413831,
    0.227202646612));
#5028 = CARTESIAN_POINT('',(6.07181279049,10.243321269811,0.225102183896
    ));
#5029 = CARTESIAN_POINT('',(6.105992241309,10.236601942391,
    0.223245229703));
#5030 = CARTESIAN_POINT('',(6.140167389541,10.229883460815,
    0.221198759005));
#5031 = CARTESIAN_POINT('',(6.174341580352,10.223165167458,
    0.218939460207));
#5032 = CARTESIAN_POINT('',(6.208504040775,10.216449180174,
    0.216525699632));
#5033 = CARTESIAN_POINT('',(6.242658587191,10.209734748703,0.21392589341
    ));
#5034 = CARTESIAN_POINT('',(6.276800616243,10.203022778016,
    0.211162098389));
#5035 = CARTESIAN_POINT('',(6.345002629167,10.189614965878,
    0.205312753599));
#5036 = CARTESIAN_POINT('',(6.379062577054,10.182919131501,
    0.202228433306));
#5037 = CARTESIAN_POINT('',(6.41310683427,10.176226381749,0.198987523596
    ));
#5038 = CARTESIAN_POINT('',(6.447133494576,10.169537091367,0.19559486648
    ));
#5039 = CARTESIAN_POINT('',(6.481140634017,10.162851638586,0.1920548156)
  );
#5040 = CARTESIAN_POINT('',(6.515126273696,10.156170412437,
    0.188371305163));
#5041 = CARTESIAN_POINT('',(6.549088342536,10.149493820071,0.18454791889
    ));
#5042 = CARTESIAN_POINT('',(6.592186885514,10.141021091146,0.17951883451
    ));
#5043 = CARTESIAN_POINT('',(6.601347250608,10.139220257871,
    0.178439757251));
#5044 = CARTESIAN_POINT('',(6.610505690988,10.137419802975,
    0.177350790043));
#5045 = CARTESIAN_POINT('',(6.619662161251,10.135619735383,
    0.176251994301));
#5046 = CARTESIAN_POINT('',(6.628816614936,10.13382006423,0.175143429973
    ));
#5047 = CARTESIAN_POINT('',(6.637969004527,10.132020798857,
    0.174025155548));
#5048 = CARTESIAN_POINT('',(6.64711928145,10.130221948812,0.172897228049
    ));
#5049 = CARTESIAN_POINT('',(6.656267396075,10.128423523853,
    0.171759703039));
#5050 = PCURVE('',#5003,#5051);
#5051 = DEFINITIONAL_REPRESENTATION('',(#5052),#5083);
#5052 = B_SPLINE_CURVE_WITH_KNOTS('',8,(#5053,#5054,#5055,#5056,#5057,
    #5058,#5059,#5060,#5061,#5062,#5063,#5064,#5065,#5066,#5067,#5068,
    #5069,#5070,#5071,#5072,#5073,#5074,#5075,#5076,#5077,#5078,#5079,
    #5080,#5081,#5082),.UNSPECIFIED.,.F.,.F.,(9,7,7,7,9),(0.,
    0.104613414199,0.499412973439,0.893581061105,1.),.UNSPECIFIED.);
#5053 = CARTESIAN_POINT('',(-0.352161588169,-0.229871402252));
#5054 = CARTESIAN_POINT('',(-0.34293040087,-0.229540110746));
#5055 = CARTESIAN_POINT('',(-0.333699322182,-0.2291906468));
#5056 = CARTESIAN_POINT('',(-0.324468369759,-0.228823636002));
#5057 = CARTESIAN_POINT('',(-0.315237527281,-0.228440188772));
#5058 = CARTESIAN_POINT('',(-0.306006764544,-0.228041569004));
#5059 = CARTESIAN_POINT('',(-0.296776057558,-0.227628862699));
#5060 = CARTESIAN_POINT('',(-0.287545408649,-0.227202646612));
#5061 = CARTESIAN_POINT('',(-0.243479812352,-0.225102183896));
#5062 = CARTESIAN_POINT('',(-0.208646147325,-0.223245229703));
#5063 = CARTESIAN_POINT('',(-0.173816867237,-0.221198759005));
#5064 = CARTESIAN_POINT('',(-0.138988562897,-0.218939460207));
#5065 = CARTESIAN_POINT('',(-0.104172213471,-0.216525699632));
#5066 = CARTESIAN_POINT('',(-6.936392953073E-02,-0.21392589341));
#5067 = CARTESIAN_POINT('',(-3.45684025439E-02,-0.211162098389));
#5068 = CARTESIAN_POINT('',(3.493903585775E-02,-0.205312753599));
#5069 = CARTESIAN_POINT('',(6.96509105993E-02,-0.202228433306));
#5070 = CARTESIAN_POINT('',(0.104346794342,-0.198987523596));
#5071 = CARTESIAN_POINT('',(0.139024744358,-0.19559486648));
#5072 = CARTESIAN_POINT('',(0.17368279987,-0.1920548156));
#5073 = CARTESIAN_POINT('',(0.208318944102,-0.188371305163));
#5074 = CARTESIAN_POINT('',(0.242931066335,-0.18454791889));
#5075 = CARTESIAN_POINT('',(0.28685454004,-0.17951883451));
#5076 = CARTESIAN_POINT('',(0.296190239754,-0.178439757251));
#5077 = CARTESIAN_POINT('',(0.305523977913,-0.177350790043));
#5078 = CARTESIAN_POINT('',(0.314855708246,-0.176251994301));
#5079 = CARTESIAN_POINT('',(0.324185383403,-0.175143429973));
#5080 = CARTESIAN_POINT('',(0.333512954957,-0.174025155548));
#5081 = CARTESIAN_POINT('',(0.342838373406,-0.172897228049));
#5082 = CARTESIAN_POINT('',(0.352161588169,-0.171759703039));
#5083 = ( GEOMETRIC_REPRESENTATION_CONTEXT(2) 
PARAMETRIC_REPRESENTATION_CONTEXT() REPRESENTATION_CONTEXT('2D SPACE',''
  ) );
#5084 = ORIENTED_EDGE('',*,*,#5085,.T.);
#5085 = EDGE_CURVE('',#5016,#5086,#5088,.T.);
#5086 = VERTEX_POINT('',#5087);
#5087 = CARTESIAN_POINT('',(6.656267396075,10.128423523853,
    -7.282154081627E-02));
#5088 = SURFACE_CURVE('',#5089,(#5093),.PCURVE_S1.);
#5089 = LINE('',#5090,#5091);
#5090 = CARTESIAN_POINT('',(6.656267396075,10.128423523853,0.));
#5091 = VECTOR('',#5092,1.);
#5092 = DIRECTION('',(0.,0.,-1.));
#5093 = PCURVE('',#5003,#5094);
#5094 = DEFINITIONAL_REPRESENTATION('',(#5095),#5099);
#5095 = LINE('',#5096,#5097);
#5096 = CARTESIAN_POINT('',(0.352161588169,0.));
#5097 = VECTOR('',#5098,1.);
#5098 = DIRECTION('',(0.,1.));
#5099 = ( GEOMETRIC_REPRESENTATION_CONTEXT(2) 
PARAMETRIC_REPRESENTATION_CONTEXT() REPRESENTATION_CONTEXT('2D SPACE',''
  ) );
#5100 = ORIENTED_EDGE('',*,*,#5101,.F.);
#5101 = EDGE_CURVE('',#4995,#5086,#5102,.T.);
#5102 = SURFACE_CURVE('',#5103,(#5126),.PCURVE_S1.);
#5103 = B_SPLINE_CURVE_WITH_KNOTS('',6,(#5104,#5105,#5106,#5107,#5108,
    #5109,#5110,#5111,#5112,#5113,#5114,#5115,#5116,#5117,#5118,#5119,
    #5120,#5121,#5122,#5123,#5124,#5125),.UNSPECIFIED.,.F.,.F.,(7,5,5,5,
    7),(0.,0.104221209936,0.326792719275,0.675923181048,1.),
  .UNSPECIFIED.);
#5104 = CARTESIAN_POINT('',(5.96517217692,10.264285714286,
    -0.111984864374));
#5105 = CARTESIAN_POINT('',(5.977172032799,10.261926666416,
    -0.111508141816));
#5106 = CARTESIAN_POINT('',(5.989173859555,10.259567231092,
    -0.111023284403));
#5107 = CARTESIAN_POINT('',(6.001177467451,10.257207445614,
    -0.110529464833));
#5108 = CARTESIAN_POINT('',(6.013182444211,10.254847391032,
    -0.110023597861));
#5109 = CARTESIAN_POINT('',(6.025188422556,10.252487139549,
    -0.10950344216));
#5110 = CARTESIAN_POINT('',(6.062836956251,10.245085826223,
    -0.107832999592));
#5111 = CARTESIAN_POINT('',(6.088482733476,10.240044130995,
    -0.106637913884));
#5112 = CARTESIAN_POINT('',(6.114131543629,10.235001839523,
    -0.105391516896));
#5113 = CARTESIAN_POINT('',(6.139780990002,10.229959422978,
    -0.104106828131));
#5114 = CARTESIAN_POINT('',(6.165431869601,10.224916724675,
    -0.102778321064));
#5115 = CARTESIAN_POINT('',(6.23132023355,10.211963752057,
    -9.926821235637E-02));
#5116 = CARTESIAN_POINT('',(6.271558442395,10.204053335314,
    -9.702936783021E-02));
#5117 = CARTESIAN_POINT('',(6.311794808307,10.196143280872,
    -9.470940384462E-02));
#5118 = CARTESIAN_POINT('',(6.352026770946,10.188234092069,
    -9.231901502342E-02));
#5119 = CARTESIAN_POINT('',(6.392251805427,10.180326265269,
    -8.986684365703E-02));
#5120 = CARTESIAN_POINT('',(6.469796494142,10.165081779454,
    -8.503475061321E-02));
#5121 = CARTESIAN_POINT('',(6.507117421101,10.157744870234,
    -8.266241343467E-02));
#5122 = CARTESIAN_POINT('',(6.544427699812,10.150410054349,
    -8.025002207476E-02));
#5123 = CARTESIAN_POINT('',(6.581724794545,10.143077830299,
    -7.780289455608E-02));
#5124 = CARTESIAN_POINT('',(6.619005790954,10.135748771012,
    -7.532551643791E-02));
#5125 = CARTESIAN_POINT('',(6.656267396075,10.128423523853,
    -7.282154081627E-02));
#5126 = PCURVE('',#5003,#5127);
#5127 = DEFINITIONAL_REPRESENTATION('',(#5128),#5151);
#5128 = B_SPLINE_CURVE_WITH_KNOTS('',6,(#5129,#5130,#5131,#5132,#5133,
    #5134,#5135,#5136,#5137,#5138,#5139,#5140,#5141,#5142,#5143,#5144,
    #5145,#5146,#5147,#5148,#5149,#5150),.UNSPECIFIED.,.F.,.F.,(7,5,5,5,
    7),(0.,0.104221209936,0.326792719275,0.675923181048,1.),
  .UNSPECIFIED.);
#5129 = CARTESIAN_POINT('',(-0.352161588169,0.111984864374));
#5130 = CARTESIAN_POINT('',(-0.339932048195,0.111508141816));
#5131 = CARTESIAN_POINT('',(-0.327700499621,0.111023284403));
#5132 = CARTESIAN_POINT('',(-0.315467135814,0.110529464833));
#5133 = CARTESIAN_POINT('',(-0.303232376943,0.110023597861));
#5134 = CARTESIAN_POINT('',(-0.290996597316,0.10950344216));
#5135 = CARTESIAN_POINT('',(-0.252627449184,0.107832999592));
#5136 = CARTESIAN_POINT('',(-0.226490797137,0.106637913884));
#5137 = CARTESIAN_POINT('',(-0.200351054109,0.105391516896));
#5138 = CARTESIAN_POINT('',(-0.174210662684,0.104106828131));
#5139 = CARTESIAN_POINT('',(-0.1480688106,0.102778321064));
#5140 = CARTESIAN_POINT('',(-8.091930573648E-02,9.926821235637E-02));
#5141 = CARTESIAN_POINT('',(-3.991091459391E-02,9.702936783021E-02));
#5142 = CARTESIAN_POINT('',(1.095598341277E-03,9.470940384462E-02));
#5143 = CARTESIAN_POINT('',(4.209762372176E-02,9.231901502342E-02));
#5144 = CARTESIAN_POINT('',(8.30925883356E-02,8.986684365703E-02));
#5145 = CARTESIAN_POINT('',(0.162121526679,8.503475061321E-02));
#5146 = CARTESIAN_POINT('',(0.200156797494,8.266241343467E-02));
#5147 = CARTESIAN_POINT('',(0.238181216248,8.025002207476E-02));
#5148 = CARTESIAN_POINT('',(0.276192198675,7.780289455608E-02));
#5149 = CARTESIAN_POINT('',(0.314186774646,7.532551643791E-02));
#5150 = CARTESIAN_POINT('',(0.352161588169,7.282154081627E-02));
#5151 = ( GEOMETRIC_REPRESENTATION_CONTEXT(2) 
PARAMETRIC_REPRESENTATION_CONTEXT() REPRESENTATION_CONTEXT('2D SPACE',''
  ) );
#5152 = ( GEOMETRIC_REPRESENTATION_CONTEXT(3) 
GLOBAL_UNCERTAINTY_ASSIGNED_CONTEXT((#5156)) 
GLOBAL_UNIT_ASSIGNED_CONTEXT((#5153,#5154,#5155)) REPRESENTATION_CONTEXT
('Context #1','3D Context with UNIT and UNCERTAINTY') );
#5153 = ( LENGTH_UNIT() NAMED_UNIT(*) SI_UNIT(.MILLI.,.METRE.) );
#5154 = ( NAMED_UNIT(*) PLANE_ANGLE_UNIT() SI_UNIT($,.RADIAN.) );
#5155 = ( NAMED_UNIT(*) SI_UNIT($,.STERADIAN.) SOLID_ANGLE_UNIT() );
#5156 = UNCERTAINTY_MEASURE_WITH_UNIT(LENGTH_MEASURE(5.E-06),#5153,
  'distance_accuracy_value','confusion accuracy');
#5157 = CONTEXT_DEPENDENT_SHAPE_REPRESENTATION(#5158,#5160);
#5158 = ( REPRESENTATION_RELATIONSHIP('','',#4985,#10) 
REPRESENTATION_RELATIONSHIP_WITH_TRANSFORMATION(#5159) 
SHAPE_REPRESENTATION_RELATIONSHIP() );
#5159 = ITEM_DEFINED_TRANSFORMATION('','',#11,#131);
#5160 = PRODUCT_DEFINITION_SHAPE('Placement','Placement of an item',
  #5161);
#5161 = NEXT_ASSEMBLY_USAGE_OCCURRENCE('30','','',#5,#4980,$);
#5162 = PRODUCT_RELATED_PRODUCT_CATEGORY('part',$,(#4982));
#5163 = SHAPE_DEFINITION_REPRESENTATION(#5164,#5170);
#5164 = PRODUCT_DEFINITION_SHAPE('','',#5165);
#5165 = PRODUCT_DEFINITION('design','',#5166,#5169);
#5166 = PRODUCT_DEFINITION_FORMATION('','',#5167);
#5167 = PRODUCT('Open CASCADE STEP translator 7.8 2.31',
  'Open CASCADE STEP translator 7.8 2.31','',(#5168));
#5168 = PRODUCT_CONTEXT('',#2,'mechanical');
#5169 = PRODUCT_DEFINITION_CONTEXT('part definition',#2,'design');
#5170 = MANIFOLD_SURFACE_SHAPE_REPRESENTATION('',(#11,#5171),#5261);
#5171 = SHELL_BASED_SURFACE_MODEL('',(#5172));
#5172 = OPEN_SHELL('',(#5173));
#5173 = ADVANCED_FACE('',(#5174),#5188,.T.);
#5174 = FACE_BOUND('',#5175,.T.);
#5175 = EDGE_LOOP('',(#5176,#5199,#5223,#5239));
#5176 = ORIENTED_EDGE('',*,*,#5177,.F.);
#5177 = EDGE_CURVE('',#5178,#5180,#5182,.T.);
#5178 = VERTEX_POINT('',#5179);
#5179 = CARTESIAN_POINT('',(5.96517217692,10.264285714286,0.229871402252
    ));
#5180 = VERTEX_POINT('',#5181);
#5181 = CARTESIAN_POINT('',(5.96517217692,10.264285714286,
    -0.111984864374));
#5182 = SURFACE_CURVE('',#5183,(#5187),.PCURVE_S1.);
#5183 = LINE('',#5184,#5185);
#5184 = CARTESIAN_POINT('',(5.96517217692,10.264285714286,0.));
#5185 = VECTOR('',#5186,1.);
#5186 = DIRECTION('',(0.,0.,-1.));
#5187 = PCURVE('',#5188,#5193);
#5188 = PLANE('',#5189);
#5189 = AXIS2_PLACEMENT_3D('',#5190,#5191,#5192);
#5190 = CARTESIAN_POINT('',(6.350100164867,11.260714285714,0.));
#5191 = DIRECTION('',(-0.932815687716,0.360353843812,0.));
#5192 = DIRECTION('',(0.360353843812,0.932815687716,0.));
#5193 = DEFINITIONAL_REPRESENTATION('',(#5194),#5198);
#5194 = LINE('',#5195,#5196);
#5195 = CARTESIAN_POINT('',(-1.068194483165,0.));
#5196 = VECTOR('',#5197,1.);
#5197 = DIRECTION('',(0.,1.));
#5198 = ( GEOMETRIC_REPRESENTATION_CONTEXT(2) 
PARAMETRIC_REPRESENTATION_CONTEXT() REPRESENTATION_CONTEXT('2D SPACE',''
  ) );
#5199 = ORIENTED_EDGE('',*,*,#5200,.T.);
#5200 = EDGE_CURVE('',#5178,#5201,#5203,.T.);
#5201 = VERTEX_POINT('',#5202);
#5202 = CARTESIAN_POINT('',(6.735028152814,12.257142857143,
    0.198783607182));
#5203 = SURFACE_CURVE('',#5204,(#5212),.PCURVE_S1.);
#5204 = B_SPLINE_CURVE_WITH_KNOTS('',6,(#5205,#5206,#5207,#5208,#5209,
    #5210,#5211),.UNSPECIFIED.,.F.,.F.,(7,7),(0.,1.),
  .PIECEWISE_BEZIER_KNOTS.);
#5205 = CARTESIAN_POINT('',(5.96517217692,10.264285714286,0.229871402252
    ));
#5206 = CARTESIAN_POINT('',(6.084849400496,10.574083413217,
    0.225038678836));
#5207 = CARTESIAN_POINT('',(6.208780852584,10.894893652082,
    0.220034164088));
#5208 = CARTESIAN_POINT('',(6.3595736752,11.28523751256,0.213944951932)
  );
#5209 = CARTESIAN_POINT('',(6.540894635891,11.754606827051,
    0.206622973478));
#5210 = CARTESIAN_POINT('',(6.70771847693,12.186448747648,0.19988640775)
  );
#5211 = CARTESIAN_POINT('',(6.735028152814,12.257142857143,
    0.198783607182));
#5212 = PCURVE('',#5188,#5213);
#5213 = DEFINITIONAL_REPRESENTATION('',(#5214),#5222);
#5214 = B_SPLINE_CURVE_WITH_KNOTS('',6,(#5215,#5216,#5217,#5218,#5219,
    #5220,#5221),.UNSPECIFIED.,.F.,.F.,(7,7),(0.,1.),
  .PIECEWISE_BEZIER_KNOTS.);
#5215 = CARTESIAN_POINT('',(-1.068194483165,-0.229871402252));
#5216 = CARTESIAN_POINT('',(-0.736084182051,-0.225038678836));
#5217 = CARTESIAN_POINT('',(-0.392168183328,-0.220034164088));
#5218 = CARTESIAN_POINT('',(2.628946657809E-02,-0.213944951932));
#5219 = CARTESIAN_POINT('',(0.529464231617,-0.206622973478));
#5220 = CARTESIAN_POINT('',(0.992408762121,-0.19988640775));
#5221 = CARTESIAN_POINT('',(1.068194483165,-0.198783607182));
#5222 = ( GEOMETRIC_REPRESENTATION_CONTEXT(2) 
PARAMETRIC_REPRESENTATION_CONTEXT() REPRESENTATION_CONTEXT('2D SPACE',''
  ) );
#5223 = ORIENTED_EDGE('',*,*,#5224,.T.);
#5224 = EDGE_CURVE('',#5201,#5225,#5227,.T.);
#5225 = VERTEX_POINT('',#5226);
#5226 = CARTESIAN_POINT('',(6.735028152814,12.257142857143,
    -9.684003783028E-02));
#5227 = SURFACE_CURVE('',#5228,(#5232),.PCURVE_S1.);
#5228 = LINE('',#5229,#5230);
#5229 = CARTESIAN_POINT('',(6.735028152814,12.257142857143,0.));
#5230 = VECTOR('',#5231,1.);
#5231 = DIRECTION('',(0.,0.,-1.));
#5232 = PCURVE('',#5188,#5233);
#5233 = DEFINITIONAL_REPRESENTATION('',(#5234),#5238);
#5234 = LINE('',#5235,#5236);
#5235 = CARTESIAN_POINT('',(1.068194483165,0.));
#5236 = VECTOR('',#5237,1.);
#5237 = DIRECTION('',(0.,1.));
#5238 = ( GEOMETRIC_REPRESENTATION_CONTEXT(2) 
PARAMETRIC_REPRESENTATION_CONTEXT() REPRESENTATION_CONTEXT('2D SPACE',''
  ) );
#5239 = ORIENTED_EDGE('',*,*,#5240,.F.);
#5240 = EDGE_CURVE('',#5180,#5225,#5241,.T.);
#5241 = SURFACE_CURVE('',#5242,(#5250),.PCURVE_S1.);
#5242 = B_SPLINE_CURVE_WITH_KNOTS('',6,(#5243,#5244,#5245,#5246,#5247,
    #5248,#5249),.UNSPECIFIED.,.F.,.F.,(7,7),(0.,1.),
  .PIECEWISE_BEZIER_KNOTS.);
#5243 = CARTESIAN_POINT('',(5.96517217692,10.264285714286,
    -0.111984864374));
#5244 = CARTESIAN_POINT('',(6.079819779587,10.561063684505,
    -0.109729484004));
#5245 = CARTESIAN_POINT('',(6.209813120721,10.89756579206,
    -0.107172217885));
#5246 = CARTESIAN_POINT('',(6.36031802102,11.287164333849,
    -0.104211442519));
#5247 = CARTESIAN_POINT('',(6.523567170989,11.709752772166,
    -0.100999958635));
#5248 = CARTESIAN_POINT('',(6.669276361143,12.086937089063,
    -9.813352584753E-02));
#5249 = CARTESIAN_POINT('',(6.735028152814,12.257142857143,
    -9.684003783028E-02));
#5250 = PCURVE('',#5188,#5251);
#5251 = DEFINITIONAL_REPRESENTATION('',(#5252),#5260);
#5252 = B_SPLINE_CURVE_WITH_KNOTS('',6,(#5253,#5254,#5255,#5256,#5257,
    #5258,#5259),.UNSPECIFIED.,.F.,.F.,(7,7),(0.,1.),
  .PIECEWISE_BEZIER_KNOTS.);
#5253 = CARTESIAN_POINT('',(-1.068194483165,0.111984864374));
#5254 = CARTESIAN_POINT('',(-0.750041632471,0.109729484004));
#5255 = CARTESIAN_POINT('',(-0.389303587447,0.107172217885));
#5256 = CARTESIAN_POINT('',(2.83550635815E-02,0.104211442519));
#5257 = CARTESIAN_POINT('',(0.481379646981,0.100999958635));
#5258 = CARTESIAN_POINT('',(0.885729961694,9.813352584753E-02));
#5259 = CARTESIAN_POINT('',(1.068194483165,9.684003783028E-02));
#5260 = ( GEOMETRIC_REPRESENTATION_CONTEXT(2) 
PARAMETRIC_REPRESENTATION_CONTEXT() REPRESENTATION_CONTEXT('2D SPACE',''
  ) );
#5261 = ( GEOMETRIC_REPRESENTATION_CONTEXT(3) 
GLOBAL_UNCERTAINTY_ASSIGNED_CONTEXT((#5265)) 
GLOBAL_UNIT_ASSIGNED_CONTEXT((#5262,#5263,#5264)) REPRESENTATION_CONTEXT
('Context #1','3D Context with UNIT and UNCERTAINTY') );
#5262 = ( LENGTH_UNIT() NAMED_UNIT(*) SI_UNIT(.MILLI.,.METRE.) );
#5263 = ( NAMED_UNIT(*) PLANE_ANGLE_UNIT() SI_UNIT($,.RADIAN.) );
#5264 = ( NAMED_UNIT(*) SI_UNIT($,.STERADIAN.) SOLID_ANGLE_UNIT() );
#5265 = UNCERTAINTY_MEASURE_WITH_UNIT(LENGTH_MEASURE(5.E-06),#5262,
  'distance_accuracy_value','confusion accuracy');
#5266 = CONTEXT_DEPENDENT_SHAPE_REPRESENTATION(#5267,#5269);
#5267 = ( REPRESENTATION_RELATIONSHIP('','',#5170,#10) 
REPRESENTATION_RELATIONSHIP_WITH_TRANSFORMATION(#5268) 
SHAPE_REPRESENTATION_RELATIONSHIP() );
#5268 = ITEM_DEFINED_TRANSFORMATION('','',#11,#135);
#5269 = PRODUCT_DEFINITION_SHAPE('Placement','Placement of an item',
  #5270);
#5270 = NEXT_ASSEMBLY_USAGE_OCCURRENCE('31','','',#5,#5165,$);
#5271 = PRODUCT_RELATED_PRODUCT_CATEGORY('part',$,(#5167));
#5272 = SHAPE_DEFINITION_REPRESENTATION(#5273,#5279);
#5273 = PRODUCT_DEFINITION_SHAPE('','',#5274);
#5274 = PRODUCT_DEFINITION('design','',#5275,#5278);
#5275 = PRODUCT_DEFINITION_FORMATION('','',#5276);
#5276 = PRODUCT('Open CASCADE STEP translator 7.8 2.32',
  'Open CASCADE STEP translator 7.8 2.32','',(#5277));
#5277 = PRODUCT_CONTEXT('',#2,'mechanical');
#5278 = PRODUCT_DEFINITION_CONTEXT('part definition',#2,'design');
#5279 = MANIFOLD_SURFACE_SHAPE_REPRESENTATION('',(#11,#5280),#5426);
#5280 = SHELL_BASED_SURFACE_MODEL('',(#5281));
#5281 = OPEN_SHELL('',(#5282));
#5282 = ADVANCED_FACE('',(#5283),#5297,.T.);
#5283 = FACE_BOUND('',#5284,.T.);
#5284 = EDGE_LOOP('',(#5285,#5308,#5362,#5378));
#5285 = ORIENTED_EDGE('',*,*,#5286,.F.);
#5286 = EDGE_CURVE('',#5287,#5289,#5291,.T.);
#5287 = VERTEX_POINT('',#5288);
#5288 = CARTESIAN_POINT('',(6.735028152814,12.257142857143,
    0.198783607182));
#5289 = VERTEX_POINT('',#5290);
#5290 = CARTESIAN_POINT('',(6.735028152814,12.257142857143,
    -9.684003783028E-02));
#5291 = SURFACE_CURVE('',#5292,(#5296),.PCURVE_S1.);
#5292 = LINE('',#5293,#5294);
#5293 = CARTESIAN_POINT('',(6.735028152814,12.257142857143,0.));
#5294 = VECTOR('',#5295,1.);
#5295 = DIRECTION('',(-0.,0.,-1.));
#5296 = PCURVE('',#5297,#5302);
#5297 = PLANE('',#5298);
#5298 = AXIS2_PLACEMENT_3D('',#5299,#5300,#5301);
#5299 = CARTESIAN_POINT('',(6.595054597168,12.66648330623,0.));
#5300 = DIRECTION('',(-0.946209259935,-0.323555306577,0.));
#5301 = DIRECTION('',(-0.323555306577,0.946209259935,0.));
#5302 = DEFINITIONAL_REPRESENTATION('',(#5303),#5307);
#5303 = LINE('',#5304,#5305);
#5304 = CARTESIAN_POINT('',(-0.432610910102,0.));
#5305 = VECTOR('',#5306,1.);
#5306 = DIRECTION('',(0.,1.));
#5307 = ( GEOMETRIC_REPRESENTATION_CONTEXT(2) 
PARAMETRIC_REPRESENTATION_CONTEXT() REPRESENTATION_CONTEXT('2D SPACE',''
  ) );
#5308 = ORIENTED_EDGE('',*,*,#5309,.F.);
#5309 = EDGE_CURVE('',#5310,#5287,#5312,.T.);
#5310 = VERTEX_POINT('',#5311);
#5311 = CARTESIAN_POINT('',(6.455081041521,13.075823755318,
    0.157573509263));
#5312 = SURFACE_CURVE('',#5313,(#5336),.PCURVE_S1.);
#5313 = B_SPLINE_CURVE_WITH_KNOTS('',6,(#5314,#5315,#5316,#5317,#5318,
    #5319,#5320,#5321,#5322,#5323,#5324,#5325,#5326,#5327,#5328,#5329,
    #5330,#5331,#5332,#5333,#5334,#5335),.UNSPECIFIED.,.F.,.F.,(7,5,5,5,
    7),(0.,0.447701239441,0.712162885451,0.850075169122,1.),
  .UNSPECIFIED.);
#5314 = CARTESIAN_POINT('',(6.455081041521,13.075823755318,
    0.157573509263));
#5315 = CARTESIAN_POINT('',(6.475559481178,13.015936345536,
    0.165797590464));
#5316 = CARTESIAN_POINT('',(6.496194653325,12.955590585261,
    0.172694535072));
#5317 = CARTESIAN_POINT('',(6.516933018868,12.894943044906,
    0.178501263571));
#5318 = CARTESIAN_POINT('',(6.53774596742,12.83407739305,0.183341406373)
  );
#5319 = CARTESIAN_POINT('',(6.5586144512,12.773049333266,0.187321841833)
  );
#5320 = CARTESIAN_POINT('',(6.591886005474,12.675749576141,
    0.192411106461));
#5321 = CARTESIAN_POINT('',(6.604257099647,12.639571390759,
    0.194028010134));
#5322 = CARTESIAN_POINT('',(6.61664125745,12.603355001933,0.195389723305
    ));
#5323 = CARTESIAN_POINT('',(6.629036813692,12.567105279368,
    0.196507316027));
#5324 = CARTESIAN_POINT('',(6.641441599451,12.530828565884,
    0.197396115579));
#5325 = CARTESIAN_POINT('',(6.660327622296,12.475598040112,
    0.198413654241));
#5326 = CARTESIAN_POINT('',(6.666802960091,12.456661479781,
    0.198702674441));
#5327 = CARTESIAN_POINT('',(6.673280305115,12.437719049486,
    0.198933540348));
#5328 = CARTESIAN_POINT('',(6.679759576055,12.418770987017,
    0.199107664656));
#5329 = CARTESIAN_POINT('',(6.686240666252,12.39981760429,0.199226382979
    ));
#5330 = CARTESIAN_POINT('',(6.699770565604,12.360250594283,
    0.199361344431));
#5331 = CARTESIAN_POINT('',(6.706819645472,12.33963617533,0.199367412332
    ));
#5332 = CARTESIAN_POINT('',(6.713870244857,12.319017312677,
    0.199312478366));
#5333 = CARTESIAN_POINT('',(6.720921975856,12.298395140722,
    0.199194905963));
#5334 = CARTESIAN_POINT('',(6.727974578429,12.277770419922,
    0.199015299197));
#5335 = CARTESIAN_POINT('',(6.735028152814,12.257142857143,
    0.198783607182));
#5336 = PCURVE('',#5297,#5337);
#5337 = DEFINITIONAL_REPRESENTATION('',(#5338),#5361);
#5338 = B_SPLINE_CURVE_WITH_KNOTS('',6,(#5339,#5340,#5341,#5342,#5343,
    #5344,#5345,#5346,#5347,#5348,#5349,#5350,#5351,#5352,#5353,#5354,
    #5355,#5356,#5357,#5358,#5359,#5360),.UNSPECIFIED.,.F.,.F.,(7,5,5,5,
    7),(0.,0.447701239441,0.712162885451,0.850075169122,1.),
  .UNSPECIFIED.);
#5339 = CARTESIAN_POINT('',(0.432610910102,-0.157573509263));
#5340 = CARTESIAN_POINT('',(0.369318980591,-0.165797590464));
#5341 = CARTESIAN_POINT('',(0.305542643972,-0.172694535072));
#5342 = CARTESIAN_POINT('',(0.241447371474,-0.178501263571));
#5343 = CARTESIAN_POINT('',(0.177121588126,-0.183341406373));
#5344 = CARTESIAN_POINT('',(0.112624164176,-0.187321841833));
#5345 = CARTESIAN_POINT('',(9.793045051684E-03,-0.192411106461));
#5346 = CARTESIAN_POINT('',(-2.844182213291E-02,-0.194028010134));
#5347 = CARTESIAN_POINT('',(-6.671706457551E-02,-0.195389723305));
#5348 = CARTESIAN_POINT('',(-0.105027535737,-0.196507316027));
#5349 = CARTESIAN_POINT('',(-0.143366532215,-0.197396115579));
#5350 = CARTESIAN_POINT('',(-0.201736840043,-0.198413654241));
#5351 = CARTESIAN_POINT('',(-0.221749918685,-0.198702674441));
#5352 = CARTESIAN_POINT('',(-0.24176920099,-0.198933540348));
#5353 = CARTESIAN_POINT('',(-0.261794435652,-0.199107664656));
#5354 = CARTESIAN_POINT('',(-0.281825293021,-0.199226382979));
#5355 = CARTESIAN_POINT('',(-0.323641635011,-0.199361344431));
#5356 = CARTESIAN_POINT('',(-0.34542795631,-0.199367412332));
#5357 = CARTESIAN_POINT('',(-0.367218973927,-0.199312478366));
#5358 = CARTESIAN_POINT('',(-0.389013488976,-0.199194905963));
#5359 = CARTESIAN_POINT('',(-0.410810697768,-0.199015299197));
#5360 = CARTESIAN_POINT('',(-0.432610910102,-0.198783607182));
#5361 = ( GEOMETRIC_REPRESENTATION_CONTEXT(2) 
PARAMETRIC_REPRESENTATION_CONTEXT() REPRESENTATION_CONTEXT('2D SPACE',''
  ) );
#5362 = ORIENTED_EDGE('',*,*,#5363,.T.);
#5363 = EDGE_CURVE('',#5310,#5364,#5366,.T.);
#5364 = VERTEX_POINT('',#5365);
#5365 = CARTESIAN_POINT('',(6.455081041521,13.075823755318,
    -9.782799773716E-02));
#5366 = SURFACE_CURVE('',#5367,(#5371),.PCURVE_S1.);
#5367 = LINE('',#5368,#5369);
#5368 = CARTESIAN_POINT('',(6.455081041521,13.075823755318,0.));
#5369 = VECTOR('',#5370,1.);
#5370 = DIRECTION('',(-0.,0.,-1.));
#5371 = PCURVE('',#5297,#5372);
#5372 = DEFINITIONAL_REPRESENTATION('',(#5373),#5377);
#5373 = LINE('',#5374,#5375);
#5374 = CARTESIAN_POINT('',(0.432610910102,0.));
#5375 = VECTOR('',#5376,1.);
#5376 = DIRECTION('',(0.,1.));
#5377 = ( GEOMETRIC_REPRESENTATION_CONTEXT(2) 
PARAMETRIC_REPRESENTATION_CONTEXT() REPRESENTATION_CONTEXT('2D SPACE',''
  ) );
#5378 = ORIENTED_EDGE('',*,*,#5379,.T.);
#5379 = EDGE_CURVE('',#5364,#5289,#5380,.T.);
#5380 = SURFACE_CURVE('',#5381,(#5402),.PCURVE_S1.);
#5381 = B_SPLINE_CURVE_WITH_KNOTS('',7,(#5382,#5383,#5384,#5385,#5386,
    #5387,#5388,#5389,#5390,#5391,#5392,#5393,#5394,#5395,#5396,#5397,
    #5398,#5399,#5400,#5401),.UNSPECIFIED.,.F.,.F.,(8,6,6,8),(0.,
    0.53537001411,0.83016573091,1.),.UNSPECIFIED.);
#5382 = CARTESIAN_POINT('',(6.455081041521,13.075823755318,
    -9.782799773716E-02));
#5383 = CARTESIAN_POINT('',(6.476166265724,13.014161857078,
    -0.100393039105));
#5384 = CARTESIAN_POINT('',(6.497375121052,12.952138410404,
    -0.102033641791));
#5385 = CARTESIAN_POINT('',(6.518665264755,12.88987724297,
    -0.103016753329));
#5386 = CARTESIAN_POINT('',(6.540014260349,12.827443968316,
    -0.103482515935));
#5387 = CARTESIAN_POINT('',(6.561405907567,12.764885962708,
    -0.103545121478));
#5388 = CARTESIAN_POINT('',(6.582832942555,12.702224468656,
    -0.103285867886));
#5389 = CARTESIAN_POINT('',(6.616110057803,12.604908448948,
    -0.102487868629));
#5390 = CARTESIAN_POINT('',(6.627935950435,12.5703246579,-0.102127106746
    ));
#5391 = CARTESIAN_POINT('',(6.639769778806,12.535717659474,
    -0.101699690677));
#5392 = CARTESIAN_POINT('',(6.651610625938,12.501090135294,
    -0.10121537923));
#5393 = CARTESIAN_POINT('',(6.663458521942,12.466441997305,
    -0.100683082356));
#5394 = CARTESIAN_POINT('',(6.675311758792,12.431778240477,
    -0.100108915429));
#5395 = CARTESIAN_POINT('',(6.694001715784,12.37712109218,
    -9.914817780867E-02));
#5396 = CARTESIAN_POINT('',(6.700835048003,12.357137608397,
    -9.878486804132E-02));
#5397 = CARTESIAN_POINT('',(6.70767016488,12.337148905538,
    -9.841339383474E-02));
#5398 = CARTESIAN_POINT('',(6.714506913976,12.317155429395,
    -9.802832028122E-02));
#5399 = CARTESIAN_POINT('',(6.721345578554,12.297156351594,
    -9.764076449571E-02));
#5400 = CARTESIAN_POINT('',(6.728186108472,12.277151818771,
    -9.724624503612E-02));
#5401 = CARTESIAN_POINT('',(6.735028152814,12.257142857143,
    -9.684003783028E-02));
#5402 = PCURVE('',#5297,#5403);
#5403 = DEFINITIONAL_REPRESENTATION('',(#5404),#5425);
#5404 = B_SPLINE_CURVE_WITH_KNOTS('',7,(#5405,#5406,#5407,#5408,#5409,
    #5410,#5411,#5412,#5413,#5414,#5415,#5416,#5417,#5418,#5419,#5420,
    #5421,#5422,#5423,#5424),.UNSPECIFIED.,.F.,.F.,(8,6,6,8),(0.,
    0.53537001411,0.83016573091,1.),.UNSPECIFIED.);
#5405 = CARTESIAN_POINT('',(0.432610910102,9.782799773716E-02));
#5406 = CARTESIAN_POINT('',(0.367443614822,0.100393039105));
#5407 = CARTESIAN_POINT('',(0.301894217557,0.102033641791));
#5408 = CARTESIAN_POINT('',(0.236093585424,0.103016753329));
#5409 = CARTESIAN_POINT('',(0.170111062004,0.103482515935));
#5410 = CARTESIAN_POINT('',(0.103996716841,0.103545121478));
#5411 = CARTESIAN_POINT('',(3.777300005346E-02,0.103285867886));
#5412 = CARTESIAN_POINT('',(-6.507530616016E-02,0.102487868629));
#5413 = CARTESIAN_POINT('',(-0.101625139809,0.102127106746));
#5414 = CARTESIAN_POINT('',(-0.138199500146,0.101699690677));
#5415 = CARTESIAN_POINT('',(-0.174795553098,0.10121537923));
#5416 = CARTESIAN_POINT('',(-0.211413391726,0.100683082356));
#5417 = CARTESIAN_POINT('',(-0.248047737104,0.100108915429));
#5418 = CARTESIAN_POINT('',(-0.305812071708,9.914817780867E-02));
#5419 = CARTESIAN_POINT('',(-0.326931590011,9.878486804132E-02));
#5420 = CARTESIAN_POINT('',(-0.348056624086,9.841339383474E-02));
#5421 = CARTESIAN_POINT('',(-0.369186702801,9.802832028122E-02));
#5422 = CARTESIAN_POINT('',(-0.390322701621,9.764076449571E-02));
#5423 = CARTESIAN_POINT('',(-0.411464465573,9.724624503612E-02));
#5424 = CARTESIAN_POINT('',(-0.432610910102,9.684003783028E-02));
#5425 = ( GEOMETRIC_REPRESENTATION_CONTEXT(2) 
PARAMETRIC_REPRESENTATION_CONTEXT() REPRESENTATION_CONTEXT('2D SPACE',''
  ) );
#5426 = ( GEOMETRIC_REPRESENTATION_CONTEXT(3) 
GLOBAL_UNCERTAINTY_ASSIGNED_CONTEXT((#5430)) 
GLOBAL_UNIT_ASSIGNED_CONTEXT((#5427,#5428,#5429)) REPRESENTATION_CONTEXT
('Context #1','3D Context with UNIT and UNCERTAINTY') );
#5427 = ( LENGTH_UNIT() NAMED_UNIT(*) SI_UNIT(.MILLI.,.METRE.) );
#5428 = ( NAMED_UNIT(*) PLANE_ANGLE_UNIT() SI_UNIT($,.RADIAN.) );
#5429 = ( NAMED_UNIT(*) SI_UNIT($,.STERADIAN.) SOLID_ANGLE_UNIT() );
#5430 = UNCERTAINTY_MEASURE_WITH_UNIT(LENGTH_MEASURE(5.E-06),#5427,
  'distance_accuracy_value','confusion accuracy');
#5431 = CONTEXT_DEPENDENT_SHAPE_REPRESENTATION(#5432,#5434);
#5432 = ( REPRESENTATION_RELATIONSHIP('','',#5279,#10) 
REPRESENTATION_RELATIONSHIP_WITH_TRANSFORMATION(#5433) 
SHAPE_REPRESENTATION_RELATIONSHIP() );
#5433 = ITEM_DEFINED_TRANSFORMATION('','',#11,#139);
#5434 = PRODUCT_DEFINITION_SHAPE('Placement','Placement of an item',
  #5435);
#5435 = NEXT_ASSEMBLY_USAGE_OCCURRENCE('32','','',#5,#5274,$);
#5436 = PRODUCT_RELATED_PRODUCT_CATEGORY('part',$,(#5276));
#5437 = SHAPE_DEFINITION_REPRESENTATION(#5438,#5444);
#5438 = PRODUCT_DEFINITION_SHAPE('','',#5439);
#5439 = PRODUCT_DEFINITION('design','',#5440,#5443);
#5440 = PRODUCT_DEFINITION_FORMATION('','',#5441);
#5441 = PRODUCT('Open CASCADE STEP translator 7.8 2.33',
  'Open CASCADE STEP translator 7.8 2.33','',(#5442));
#5442 = PRODUCT_CONTEXT('',#2,'mechanical');
#5443 = PRODUCT_DEFINITION_CONTEXT('part definition',#2,'design');
#5444 = MANIFOLD_SURFACE_SHAPE_REPRESENTATION('',(#11,#5445),#5593);
#5445 = SHELL_BASED_SURFACE_MODEL('',(#5446));
#5446 = OPEN_SHELL('',(#5447));
#5447 = ADVANCED_FACE('',(#5448),#5462,.T.);
#5448 = FACE_BOUND('',#5449,.T.);
#5449 = EDGE_LOOP('',(#5450,#5473,#5529,#5545));
#5450 = ORIENTED_EDGE('',*,*,#5451,.F.);
#5451 = EDGE_CURVE('',#5452,#5454,#5456,.T.);
#5452 = VERTEX_POINT('',#5453);
#5453 = CARTESIAN_POINT('',(6.735028152814,12.257142857143,
    0.198783607182));
#5454 = VERTEX_POINT('',#5455);
#5455 = CARTESIAN_POINT('',(6.735028152814,12.257142857143,
    -9.684003783028E-02));
#5456 = SURFACE_CURVE('',#5457,(#5461),.PCURVE_S1.);
#5457 = LINE('',#5458,#5459);
#5458 = CARTESIAN_POINT('',(6.735028152814,12.257142857143,0.));
#5459 = VECTOR('',#5460,1.);
#5460 = DIRECTION('',(0.,0.,-1.));
#5461 = PCURVE('',#5462,#5467);
#5462 = PLANE('',#5463);
#5463 = AXIS2_PLACEMENT_3D('',#5464,#5465,#5466);
#5464 = CARTESIAN_POINT('',(7.126146178505,12.472856342791,0.));
#5465 = DIRECTION('',(-0.482947288124,0.875649425794,0.));
#5466 = DIRECTION('',(0.875649425794,0.482947288124,0.));
#5467 = DEFINITIONAL_REPRESENTATION('',(#5468),#5472);
#5468 = LINE('',#5469,#5470);
#5469 = CARTESIAN_POINT('',(-0.44666051752,0.));
#5470 = VECTOR('',#5471,1.);
#5471 = DIRECTION('',(0.,1.));
#5472 = ( GEOMETRIC_REPRESENTATION_CONTEXT(2) 
PARAMETRIC_REPRESENTATION_CONTEXT() REPRESENTATION_CONTEXT('2D SPACE',''
  ) );
#5473 = ORIENTED_EDGE('',*,*,#5474,.T.);
#5474 = EDGE_CURVE('',#5452,#5475,#5477,.T.);
#5475 = VERTEX_POINT('',#5476);
#5476 = CARTESIAN_POINT('',(7.517264204196,12.688569828439,
    0.142191198747));
#5477 = SURFACE_CURVE('',#5478,(#5502),.PCURVE_S1.);
#5478 = B_SPLINE_CURVE_WITH_KNOTS('',8,(#5479,#5480,#5481,#5482,#5483,
    #5484,#5485,#5486,#5487,#5488,#5489,#5490,#5491,#5492,#5493,#5494,
    #5495,#5496,#5497,#5498,#5499,#5500,#5501),.UNSPECIFIED.,.F.,.F.,(9,
    7,7,9),(0.,0.147175968131,0.573149016615,1.),.UNSPECIFIED.);
#5479 = CARTESIAN_POINT('',(6.735028152814,12.257142857143,
    0.198783607182));
#5480 = CARTESIAN_POINT('',(6.749454891318,12.265099642166,
    0.198241197043));
#5481 = CARTESIAN_POINT('',(6.763880703473,12.27305591628,0.197670468673
    ));
#5482 = CARTESIAN_POINT('',(6.778305538046,12.281011651228,
    0.197071920343));
#5483 = CARTESIAN_POINT('',(6.792729516759,12.288966914142,0.19644921383
    ));
#5484 = CARTESIAN_POINT('',(6.80715272108,12.296921749956,0.195805165043
    ));
#5485 = CARTESIAN_POINT('',(6.821575111708,12.304876136994,
    0.195140148804));
#5486 = CARTESIAN_POINT('',(6.835996580733,12.31283001574,0.194452917818
    ));
#5487 = CARTESIAN_POINT('',(6.892154712036,12.343802933005,0.19169153178
    ));
#5488 = CARTESIAN_POINT('',(6.933884290343,12.366818064501,
    0.189457303369));
#5489 = CARTESIAN_POINT('',(6.975605692154,12.389828686409,
    0.187033295172));
#5490 = CARTESIAN_POINT('',(7.017316487131,12.412833458326,
    0.184436864702));
#5491 = CARTESIAN_POINT('',(7.059013297378,12.435830517239,
    0.181677335382));
#5492 = CARTESIAN_POINT('',(7.100696702401,12.458820182764,0.17874822063
    ));
#5493 = CARTESIAN_POINT('',(7.142363595944,12.481800741704,
    0.175660358957));
#5494 = CARTESIAN_POINT('',(7.225747306015,12.527789393631,
    0.169164519981));
#5495 = CARTESIAN_POINT('',(7.267463897615,12.550797362562,0.16575613733
    ));
#5496 = CARTESIAN_POINT('',(7.309160466099,12.573794288135,
    0.162194438217));
#5497 = CARTESIAN_POINT('',(7.350835012369,12.596779067788,
    0.158482811148));
#5498 = CARTESIAN_POINT('',(7.392485320802,12.619750479537,
    0.154624246377));
#5499 = CARTESIAN_POINT('',(7.434108901597,12.64270715018,0.150621352293
    ));
#5500 = CARTESIAN_POINT('',(7.475702933109,12.665647523495,
    0.146476371808));
#5501 = CARTESIAN_POINT('',(7.517264204196,12.688569828439,
    0.142191198747));
#5502 = PCURVE('',#5462,#5503);
#5503 = DEFINITIONAL_REPRESENTATION('',(#5504),#5528);
#5504 = B_SPLINE_CURVE_WITH_KNOTS('',8,(#5505,#5506,#5507,#5508,#5509,
    #5510,#5511,#5512,#5513,#5514,#5515,#5516,#5517,#5518,#5519,#5520,
    #5521,#5522,#5523,#5524,#5525,#5526,#5527),.UNSPECIFIED.,.F.,.F.,(9,
    7,7,9),(0.,0.147175968131,0.573149016615,1.),.UNSPECIFIED.);
#5505 = CARTESIAN_POINT('',(-0.44666051752,-0.198783607182));
#5506 = CARTESIAN_POINT('',(-0.430185044483,-0.198241197043));
#5507 = CARTESIAN_POINT('',(-0.413710629347,-0.197670468673));
#5508 = CARTESIAN_POINT('',(-0.397237330617,-0.197071920343));
#5509 = CARTESIAN_POINT('',(-0.380765009289,-0.19644921383));
#5510 = CARTESIAN_POINT('',(-0.364293572323,-0.195805165043));
#5511 = CARTESIAN_POINT('',(-0.347823064602,-0.195140148804));
#5512 = CARTESIAN_POINT('',(-0.331353609361,-0.194452917818));
#5513 = CARTESIAN_POINT('',(-0.267220487534,-0.19169153178));
#5514 = CARTESIAN_POINT('',(-0.219564910909,-0.189457303369));
#5515 = CARTESIAN_POINT('',(-0.171918671921,-0.187033295172));
#5516 = CARTESIAN_POINT('',(-0.124284546039,-0.184436864702));
#5517 = CARTESIAN_POINT('',(-7.666639085162E-02,-0.181677335382));
#5518 = CARTESIAN_POINT('',(-2.906354455802E-02,-0.17874822063));
#5519 = CARTESIAN_POINT('',(1.852044546716E-02,-0.175660358957));
#5520 = CARTESIAN_POINT('',(0.113745438044,-0.169164519981));
#5521 = CARTESIAN_POINT('',(0.161386183725,-0.16575613733));
#5522 = CARTESIAN_POINT('',(0.209004062816,-0.162194438217));
#5523 = CARTESIAN_POINT('',(0.256596792329,-0.158482811148));
#5524 = CARTESIAN_POINT('',(0.304161842001,-0.154624246377));
#5525 = CARTESIAN_POINT('',(0.351696368455,-0.150621352293));
#5526 = CARTESIAN_POINT('',(0.399197149346,-0.146476371808));
#5527 = CARTESIAN_POINT('',(0.44666051752,-0.142191198747));
#5528 = ( GEOMETRIC_REPRESENTATION_CONTEXT(2) 
PARAMETRIC_REPRESENTATION_CONTEXT() REPRESENTATION_CONTEXT('2D SPACE',''
  ) );
#5529 = ORIENTED_EDGE('',*,*,#5530,.T.);
#5530 = EDGE_CURVE('',#5475,#5531,#5533,.T.);
#5531 = VERTEX_POINT('',#5532);
#5532 = CARTESIAN_POINT('',(7.517264204196,12.688569828439,
    -6.028527995046E-02));
#5533 = SURFACE_CURVE('',#5534,(#5538),.PCURVE_S1.);
#5534 = LINE('',#5535,#5536);
#5535 = CARTESIAN_POINT('',(7.517264204196,12.688569828439,0.));
#5536 = VECTOR('',#5537,1.);
#5537 = DIRECTION('',(0.,0.,-1.));
#5538 = PCURVE('',#5462,#5539);
#5539 = DEFINITIONAL_REPRESENTATION('',(#5540),#5544);
#5540 = LINE('',#5541,#5542);
#5541 = CARTESIAN_POINT('',(0.44666051752,0.));
#5542 = VECTOR('',#5543,1.);
#5543 = DIRECTION('',(0.,1.));
#5544 = ( GEOMETRIC_REPRESENTATION_CONTEXT(2) 
PARAMETRIC_REPRESENTATION_CONTEXT() REPRESENTATION_CONTEXT('2D SPACE',''
  ) );
#5545 = ORIENTED_EDGE('',*,*,#5546,.F.);
#5546 = EDGE_CURVE('',#5454,#5531,#5547,.T.);
#5547 = SURFACE_CURVE('',#5548,(#5569),.PCURVE_S1.);
#5548 = B_SPLINE_CURVE_WITH_KNOTS('',7,(#5549,#5550,#5551,#5552,#5553,
    #5554,#5555,#5556,#5557,#5558,#5559,#5560,#5561,#5562,#5563,#5564,
    #5565,#5566,#5567,#5568),.UNSPECIFIED.,.F.,.F.,(8,6,6,8),(0.,
    0.209628518149,0.424335102523,1.),.UNSPECIFIED.);
#5549 = CARTESIAN_POINT('',(6.735028152814,12.257142857143,
    -9.684003783028E-02));
#5550 = CARTESIAN_POINT('',(6.758478332262,12.270076344263,
    -9.603474792314E-02));
#5551 = CARTESIAN_POINT('',(6.781930053997,12.283010682001,
    -9.52101421011E-02));
#5552 = CARTESIAN_POINT('',(6.80538296366,12.295945674919,
    -9.436910865033E-02));
#5553 = CARTESIAN_POINT('',(6.82883488578,12.308880123176,
    -9.347581025466E-02));
#5554 = CARTESIAN_POINT('',(6.852287028601,12.321814693156,
    -9.25668852778E-02));
#5555 = CARTESIAN_POINT('',(6.875738108157,12.334748676713,
    -9.162838340754E-02));
#5556 = CARTESIAN_POINT('',(6.923205874153,12.360928593225,
    -8.968318746482E-02));
#5557 = CARTESIAN_POINT('',(6.947222461544,12.374174471551,
    -8.867492695525E-02));
#5558 = CARTESIAN_POINT('',(6.971237558916,12.387419528087,
    -8.764352815862E-02));
#5559 = CARTESIAN_POINT('',(6.9952509689,12.400663653976,
    -8.658998000051E-02));
#5560 = CARTESIAN_POINT('',(7.019262465098,12.413906724355,
    -8.551537527097E-02));
#5561 = CARTESIAN_POINT('',(7.043271792089,12.42714859835,
    -8.442091062457E-02));
#5562 = CARTESIAN_POINT('',(7.131645179012,12.475889208803,
    -8.032367967218E-02));
#5563 = CARTESIAN_POINT('',(7.195993729759,12.511379391475,
    -7.72066971435E-02));
#5564 = CARTESIAN_POINT('',(7.260319544808,12.546857034718,
    -7.397867616956E-02));
#5565 = CARTESIAN_POINT('',(7.324617174708,12.582319132994,
    -7.065825206146E-02));
#5566 = CARTESIAN_POINT('',(7.388879916943,12.617761989663,
    -6.726109606941E-02));
#5567 = CARTESIAN_POINT('',(7.453099239462,12.653180899037,
    -6.380005318619E-02));
#5568 = CARTESIAN_POINT('',(7.517264204196,12.688569828439,
    -6.028527995046E-02));
#5569 = PCURVE('',#5462,#5570);
#5570 = DEFINITIONAL_REPRESENTATION('',(#5571),#5592);
#5571 = B_SPLINE_CURVE_WITH_KNOTS('',7,(#5572,#5573,#5574,#5575,#5576,
    #5577,#5578,#5579,#5580,#5581,#5582,#5583,#5584,#5585,#5586,#5587,
    #5588,#5589,#5590,#5591),.UNSPECIFIED.,.F.,.F.,(8,6,6,8),(0.,
    0.209628518149,0.424335102523,1.),.UNSPECIFIED.);
#5572 = CARTESIAN_POINT('',(-0.44666051752,9.684003783028E-02));
#5573 = CARTESIAN_POINT('',(-0.419880188821,9.603474792314E-02));
#5574 = CARTESIAN_POINT('',(-0.393098098815,9.52101421011E-02));
#5575 = CARTESIAN_POINT('',(-0.366314652184,9.436910865033E-02));
#5576 = CARTESIAN_POINT('',(-0.339532333337,9.347581025466E-02));
#5577 = CARTESIAN_POINT('',(-0.312749762447,9.25668852778E-02));
#5578 = CARTESIAN_POINT('',(-0.285968405816,9.162838340754E-02));
#5579 = CARTESIAN_POINT('',(-0.231759764095,8.968318746482E-02));
#5580 = CARTESIAN_POINT('',(-0.20433259212,8.867492695525E-02));
#5581 = CARTESIAN_POINT('',(-0.176907121761,8.764352815862E-02));
#5582 = CARTESIAN_POINT('',(-0.149483578416,8.658998000051E-02));
#5583 = CARTESIAN_POINT('',(-0.122062220632,8.551537527097E-02));
#5584 = CARTESIAN_POINT('',(-9.464334010217E-02,8.442091062457E-02));
#5585 = CARTESIAN_POINT('',(6.27991105182E-03,8.032367967218E-02));
#5586 = CARTESIAN_POINT('',(7.976657004124E-02,7.72066971435E-02));
#5587 = CARTESIAN_POINT('',(0.153227264646,7.397867616956E-02));
#5588 = CARTESIAN_POINT('',(0.226655771541,7.065825206146E-02));
#5589 = CARTESIAN_POINT('',(0.300044436391,6.726109606941E-02));
#5590 = CARTESIAN_POINT('',(0.37338351551,6.380005318619E-02));
#5591 = CARTESIAN_POINT('',(0.44666051752,6.028527995046E-02));
#5592 = ( GEOMETRIC_REPRESENTATION_CONTEXT(2) 
PARAMETRIC_REPRESENTATION_CONTEXT() REPRESENTATION_CONTEXT('2D SPACE',''
  ) );
#5593 = ( GEOMETRIC_REPRESENTATION_CONTEXT(3) 
GLOBAL_UNCERTAINTY_ASSIGNED_CONTEXT((#5597)) 
GLOBAL_UNIT_ASSIGNED_CONTEXT((#5594,#5595,#5596)) REPRESENTATION_CONTEXT
('Context #1','3D Context with UNIT and UNCERTAINTY') );
#5594 = ( LENGTH_UNIT() NAMED_UNIT(*) SI_UNIT(.MILLI.,.METRE.) );
#5595 = ( NAMED_UNIT(*) PLANE_ANGLE_UNIT() SI_UNIT($,.RADIAN.) );
#5596 = ( NAMED_UNIT(*) SI_UNIT($,.STERADIAN.) SOLID_ANGLE_UNIT() );
#5597 = UNCERTAINTY_MEASURE_WITH_UNIT(LENGTH_MEASURE(5.E-06),#5594,
  'distance_accuracy_value','confusion accuracy');
#5598 = CONTEXT_DEPENDENT_SHAPE_REPRESENTATION(#5599,#5601);
#5599 = ( REPRESENTATION_RELATIONSHIP('','',#5444,#10) 
REPRESENTATION_RELATIONSHIP_WITH_TRANSFORMATION(#5600) 
SHAPE_REPRESENTATION_RELATIONSHIP() );
#5600 = ITEM_DEFINED_TRANSFORMATION('','',#11,#143);
#5601 = PRODUCT_DEFINITION_SHAPE('Placement','Placement of an item',
  #5602);
#5602 = NEXT_ASSEMBLY_USAGE_OCCURRENCE('33','','',#5,#5439,$);
#5603 = PRODUCT_RELATED_PRODUCT_CATEGORY('part',$,(#5441));
#5604 = SHAPE_DEFINITION_REPRESENTATION(#5605,#5611);
#5605 = PRODUCT_DEFINITION_SHAPE('','',#5606);
#5606 = PRODUCT_DEFINITION('design','',#5607,#5610);
#5607 = PRODUCT_DEFINITION_FORMATION('','',#5608);
#5608 = PRODUCT('Open CASCADE STEP translator 7.8 2.34',
  'Open CASCADE STEP translator 7.8 2.34','',(#5609));
#5609 = PRODUCT_CONTEXT('',#2,'mechanical');
#5610 = PRODUCT_DEFINITION_CONTEXT('part definition',#2,'design');
#5611 = MANIFOLD_SURFACE_SHAPE_REPRESENTATION('',(#11,#5612),#5758);
#5612 = SHELL_BASED_SURFACE_MODEL('',(#5613));
#5613 = OPEN_SHELL('',(#5614));
#5614 = ADVANCED_FACE('',(#5615),#5629,.T.);
#5615 = FACE_BOUND('',#5616,.T.);
#5616 = EDGE_LOOP('',(#5617,#5640,#5694,#5710));
#5617 = ORIENTED_EDGE('',*,*,#5618,.F.);
#5618 = EDGE_CURVE('',#5619,#5621,#5623,.T.);
#5619 = VERTEX_POINT('',#5620);
#5620 = CARTESIAN_POINT('',(6.735028152814,12.257142857143,
    0.198783607182));
#5621 = VERTEX_POINT('',#5622);
#5622 = CARTESIAN_POINT('',(6.735028152814,12.257142857143,
    -9.684003783028E-02));
#5623 = SURFACE_CURVE('',#5624,(#5628),.PCURVE_S1.);
#5624 = LINE('',#5625,#5626);
#5625 = CARTESIAN_POINT('',(6.735028152814,12.257142857143,0.));
#5626 = VECTOR('',#5627,1.);
#5627 = DIRECTION('',(-0.,0.,-1.));
#5628 = PCURVE('',#5629,#5634);
#5629 = PLANE('',#5630);
#5630 = AXIS2_PLACEMENT_3D('',#5631,#5632,#5633);
#5631 = CARTESIAN_POINT('',(6.482878776789,12.40938073611,0.));
#5632 = DIRECTION('',(-0.516861003485,-0.856069333101,0.));
#5633 = DIRECTION('',(-0.856069333101,0.516861003485,0.));
#5634 = DEFINITIONAL_REPRESENTATION('',(#5635),#5639);
#5635 = LINE('',#5636,#5637);
#5636 = CARTESIAN_POINT('',(-0.294543171068,0.));
#5637 = VECTOR('',#5638,1.);
#5638 = DIRECTION('',(0.,1.));
#5639 = ( GEOMETRIC_REPRESENTATION_CONTEXT(2) 
PARAMETRIC_REPRESENTATION_CONTEXT() REPRESENTATION_CONTEXT('2D SPACE',''
  ) );
#5640 = ORIENTED_EDGE('',*,*,#5641,.F.);
#5641 = EDGE_CURVE('',#5642,#5619,#5644,.T.);
#5642 = VERTEX_POINT('',#5643);
#5643 = CARTESIAN_POINT('',(6.230729400763,12.561618615078,0.16436854385
    ));
#5644 = SURFACE_CURVE('',#5645,(#5668),.PCURVE_S1.);
#5645 = B_SPLINE_CURVE_WITH_KNOTS('',6,(#5646,#5647,#5648,#5649,#5650,
    #5651,#5652,#5653,#5654,#5655,#5656,#5657,#5658,#5659,#5660,#5661,
    #5662,#5663,#5664,#5665,#5666,#5667),.UNSPECIFIED.,.F.,.F.,(7,5,5,5,
    7),(0.,0.460408379229,0.722229079216,0.856260367439,1.),
  .UNSPECIFIED.);
#5646 = CARTESIAN_POINT('',(6.230729400763,12.561618615078,0.16436854385
    ));
#5647 = CARTESIAN_POINT('',(6.268147439805,12.539027074347,
    0.172206161348));
#5648 = CARTESIAN_POINT('',(6.306049785639,12.516143128217,
    0.178774018358));
#5649 = CARTESIAN_POINT('',(6.344285810257,12.493057719957,
    0.184242386509));
#5650 = CARTESIAN_POINT('',(6.38276535686,12.469825282698,0.188713784506
    ));
#5651 = CARTESIAN_POINT('',(6.421426676993,12.446483097728,
    0.192277339407));
#5652 = CARTESIAN_POINT('',(6.48230792202,12.409725395774,0.196552579588
    ));
#5653 = CARTESIAN_POINT('',(6.50442480831,12.396372089448,0.197830877508
    ));
#5654 = CARTESIAN_POINT('',(6.526579831417,12.38299575761,0.198851913673
    ));
#5655 = CARTESIAN_POINT('',(6.548767893767,12.369599477977,
    0.199624077911));
#5656 = CARTESIAN_POINT('',(6.570981608682,12.356187710334,
    0.200160711311));
#5657 = CARTESIAN_POINT('',(6.604600041706,12.335890222319,
    0.200626674281));
#5658 = CARTESIAN_POINT('',(6.615988674642,12.329014213543,
    0.200724670893));
#5659 = CARTESIAN_POINT('',(6.627382397197,12.322135131854,0.20076417731
    ));
#5660 = CARTESIAN_POINT('',(6.63878100688,12.315253099511,0.200746330329
    ));
#5661 = CARTESIAN_POINT('',(6.65018418496,12.308368308948,0.200672219433
    ));
#5662 = CARTESIAN_POINT('',(6.673823810395,12.294095632598,0.20040439174
    ));
#5663 = CARTESIAN_POINT('',(6.686060755443,12.286707446323,0.20020204316
    ));
#5664 = CARTESIAN_POINT('',(6.698300787039,12.279317396512,
    0.199938877289));
#5665 = CARTESIAN_POINT('',(6.710542425074,12.271926376797,
    0.199612951117));
#5666 = CARTESIAN_POINT('',(6.722784690328,12.26453497839,0.199224601853
    ));
#5667 = CARTESIAN_POINT('',(6.735028152814,12.257142857143,
    0.198783607182));
#5668 = PCURVE('',#5629,#5669);
#5669 = DEFINITIONAL_REPRESENTATION('',(#5670),#5693);
#5670 = B_SPLINE_CURVE_WITH_KNOTS('',6,(#5671,#5672,#5673,#5674,#5675,
    #5676,#5677,#5678,#5679,#5680,#5681,#5682,#5683,#5684,#5685,#5686,
    #5687,#5688,#5689,#5690,#5691,#5692),.UNSPECIFIED.,.F.,.F.,(7,5,5,5,
    7),(0.,0.460408379229,0.722229079216,0.856260367439,1.),
  .UNSPECIFIED.);
#5671 = CARTESIAN_POINT('',(0.294543171068,-0.16436854385));
#5672 = CARTESIAN_POINT('',(0.250834048926,-0.172206161348));
#5673 = CARTESIAN_POINT('',(0.206559193646,-0.178774018358));
#5674 = CARTESIAN_POINT('',(0.161894558271,-0.184242386509));
#5675 = CARTESIAN_POINT('',(0.116945457637,-0.188713784506));
#5676 = CARTESIAN_POINT('',(7.178402194687E-02,-0.192277339407));
#5677 = CARTESIAN_POINT('',(6.668324008359E-04,-0.196552579588));
#5678 = CARTESIAN_POINT('',(-2.516855900365E-02,-0.197830877508));
#5679 = CARTESIAN_POINT('',(-5.10484991562E-02,-0.198851913673));
#5680 = CARTESIAN_POINT('',(-7.696703342923E-02,-0.199624077911));
#5681 = CARTESIAN_POINT('',(-0.102915533224,-0.200160711311));
#5682 = CARTESIAN_POINT('',(-0.142186222787,-0.200626674281));
#5683 = CARTESIAN_POINT('',(-0.155489622986,-0.200724670893));
#5684 = CARTESIAN_POINT('',(-0.168798968519,-0.20076417731));
#5685 = CARTESIAN_POINT('',(-0.182114022852,-0.200746330329));
#5686 = CARTESIAN_POINT('',(-0.195434413665,-0.200672219433));
#5687 = CARTESIAN_POINT('',(-0.223048561866,-0.20040439174));
#5688 = CARTESIAN_POINT('',(-0.237342900625,-0.20020204316));
#5689 = CARTESIAN_POINT('',(-0.251640844872,-0.199938877289));
#5690 = CARTESIAN_POINT('',(-0.265940665647,-0.199612951117));
#5691 = CARTESIAN_POINT('',(-0.280241219097,-0.199224601853));
#5692 = CARTESIAN_POINT('',(-0.294543171068,-0.198783607182));
#5693 = ( GEOMETRIC_REPRESENTATION_CONTEXT(2) 
PARAMETRIC_REPRESENTATION_CONTEXT() REPRESENTATION_CONTEXT('2D SPACE',''
  ) );
#5694 = ORIENTED_EDGE('',*,*,#5695,.T.);
#5695 = EDGE_CURVE('',#5642,#5696,#5698,.T.);
#5696 = VERTEX_POINT('',#5697);
#5697 = CARTESIAN_POINT('',(6.230729400763,12.561618615078,
    -0.102046627202));
#5698 = SURFACE_CURVE('',#5699,(#5703),.PCURVE_S1.);
#5699 = LINE('',#5700,#5701);
#5700 = CARTESIAN_POINT('',(6.230729400763,12.561618615078,0.));
#5701 = VECTOR('',#5702,1.);
#5702 = DIRECTION('',(-0.,0.,-1.));
#5703 = PCURVE('',#5629,#5704);
#5704 = DEFINITIONAL_REPRESENTATION('',(#5705),#5709);
#5705 = LINE('',#5706,#5707);
#5706 = CARTESIAN_POINT('',(0.294543171068,0.));
#5707 = VECTOR('',#5708,1.);
#5708 = DIRECTION('',(0.,1.));
#5709 = ( GEOMETRIC_REPRESENTATION_CONTEXT(2) 
PARAMETRIC_REPRESENTATION_CONTEXT() REPRESENTATION_CONTEXT('2D SPACE',''
  ) );
#5710 = ORIENTED_EDGE('',*,*,#5711,.T.);
#5711 = EDGE_CURVE('',#5696,#5621,#5712,.T.);
#5712 = SURFACE_CURVE('',#5713,(#5734),.PCURVE_S1.);
#5713 = B_SPLINE_CURVE_WITH_KNOTS('',7,(#5714,#5715,#5716,#5717,#5718,
    #5719,#5720,#5721,#5722,#5723,#5724,#5725,#5726,#5727,#5728,#5729,
    #5730,#5731,#5732,#5733),.UNSPECIFIED.,.F.,.F.,(8,6,6,8),(0.,
    0.55301736314,0.83684578083,1.),.UNSPECIFIED.);
#5714 = CARTESIAN_POINT('',(6.230729400763,12.561618615078,
    -0.102046627202));
#5715 = CARTESIAN_POINT('',(6.269585422814,12.538158876746,
    -0.10434557521));
#5716 = CARTESIAN_POINT('',(6.308817076034,12.514472347083,
    -0.105724167374));
#5717 = CARTESIAN_POINT('',(6.348302048086,12.490632873471,
    -0.106417488068));
#5718 = CARTESIAN_POINT('',(6.387970892312,12.466682385069,-0.1065646648
    ));
#5719 = CARTESIAN_POINT('',(6.427773295088,12.442651259266,
    -0.106278032621));
#5720 = CARTESIAN_POINT('',(6.467685029251,12.41855412347,
    -0.105642825651));
#5721 = CARTESIAN_POINT('',(6.528231870482,12.38199832138,
    -0.104260213506));
#5722 = CARTESIAN_POINT('',(6.548791251064,12.36958537576,
    -0.103718020544));
#5723 = CARTESIAN_POINT('',(6.569370941036,12.357160168129,
    -0.103111661767));
#5724 = CARTESIAN_POINT('',(6.589970415361,12.344723015483,
    -0.10245018448));
#5725 = CARTESIAN_POINT('',(6.610587746434,12.332275081635,
    -0.101741173397));
#5726 = CARTESIAN_POINT('',(6.631219240825,12.319818596533,
    -0.100990727725));
#5727 = CARTESIAN_POINT('',(6.663730237745,12.300189734894,
    -9.975307100715E-02));
#5728 = CARTESIAN_POINT('',(6.675601334837,12.293022433231,
    -9.928921955498E-02));
#5729 = CARTESIAN_POINT('',(6.687477178226,12.285852265939,
    -9.881714662993E-02));
#5730 = CARTESIAN_POINT('',(6.699357172133,12.278679592729,
    -9.833141514255E-02));
#5731 = CARTESIAN_POINT('',(6.711242642401,12.271503613107,
    -9.784294398393E-02));
#5732 = CARTESIAN_POINT('',(6.723133400152,12.26432444111,
    -9.734745875826E-02));
#5733 = CARTESIAN_POINT('',(6.735028152814,12.257142857143,
    -9.684003783028E-02));
#5734 = PCURVE('',#5629,#5735);
#5735 = DEFINITIONAL_REPRESENTATION('',(#5736),#5757);
#5736 = B_SPLINE_CURVE_WITH_KNOTS('',7,(#5737,#5738,#5739,#5740,#5741,
    #5742,#5743,#5744,#5745,#5746,#5747,#5748,#5749,#5750,#5751,#5752,
    #5753,#5754,#5755,#5756),.UNSPECIFIED.,.F.,.F.,(8,6,6,8),(0.,
    0.55301736314,0.83684578083,1.),.UNSPECIFIED.);
#5737 = CARTESIAN_POINT('',(0.294543171068,0.102046627202));
#5738 = CARTESIAN_POINT('',(0.249154298288,0.10434557521));
#5739 = CARTESIAN_POINT('',(0.203326639589,0.105724167374));
#5740 = CARTESIAN_POINT('',(0.157203071643,0.106417488068));
#5741 = CARTESIAN_POINT('',(0.110864717152,0.1065646648));
#5742 = CARTESIAN_POINT('',(6.437034895474E-02,0.106278032621));
#5743 = CARTESIAN_POINT('',(1.774826751756E-02,0.105642825651));
#5744 = CARTESIAN_POINT('',(-5.297829502724E-02,0.104260213506));
#5745 = CARTESIAN_POINT('',(-7.699431778073E-02,0.103718020544));
#5746 = CARTESIAN_POINT('',(-0.101034064535,0.103111661767));
#5747 = CARTESIAN_POINT('',(-0.12509692198,0.10245018448));
#5748 = CARTESIAN_POINT('',(-0.149180638421,0.101741173397));
#5749 = CARTESIAN_POINT('',(-0.173280899455,0.100990727725));
#5750 = CARTESIAN_POINT('',(-0.211257960032,9.975307100715E-02));
#5751 = CARTESIAN_POINT('',(-0.225124940932,9.928921955498E-02));
#5752 = CARTESIAN_POINT('',(-0.238997466124,9.881714662993E-02));
#5753 = CARTESIAN_POINT('',(-0.252874839658,9.833141514255E-02));
#5754 = CARTESIAN_POINT('',(-0.266758610292,9.784294398393E-02));
#5755 = CARTESIAN_POINT('',(-0.280648557393,9.734745875826E-02));
#5756 = CARTESIAN_POINT('',(-0.294543171068,9.684003783028E-02));
#5757 = ( GEOMETRIC_REPRESENTATION_CONTEXT(2) 
PARAMETRIC_REPRESENTATION_CONTEXT() REPRESENTATION_CONTEXT('2D SPACE',''
  ) );
#5758 = ( GEOMETRIC_REPRESENTATION_CONTEXT(3) 
GLOBAL_UNCERTAINTY_ASSIGNED_CONTEXT((#5762)) 
GLOBAL_UNIT_ASSIGNED_CONTEXT((#5759,#5760,#5761)) REPRESENTATION_CONTEXT
('Context #1','3D Context with UNIT and UNCERTAINTY') );
#5759 = ( LENGTH_UNIT() NAMED_UNIT(*) SI_UNIT(.MILLI.,.METRE.) );
#5760 = ( NAMED_UNIT(*) PLANE_ANGLE_UNIT() SI_UNIT($,.RADIAN.) );
#5761 = ( NAMED_UNIT(*) SI_UNIT($,.STERADIAN.) SOLID_ANGLE_UNIT() );
#5762 = UNCERTAINTY_MEASURE_WITH_UNIT(LENGTH_MEASURE(5.E-06),#5759,
  'distance_accuracy_value','confusion accuracy');
#5763 = CONTEXT_DEPENDENT_SHAPE_REPRESENTATION(#5764,#5766);
#5764 = ( REPRESENTATION_RELATIONSHIP('','',#5611,#10) 
REPRESENTATION_RELATIONSHIP_WITH_TRANSFORMATION(#5765) 
SHAPE_REPRESENTATION_RELATIONSHIP() );
#5765 = ITEM_DEFINED_TRANSFORMATION('','',#11,#147);
#5766 = PRODUCT_DEFINITION_SHAPE('Placement','Placement of an item',
  #5767);
#5767 = NEXT_ASSEMBLY_USAGE_OCCURRENCE('34','','',#5,#5606,$);
#5768 = PRODUCT_RELATED_PRODUCT_CATEGORY('part',$,(#5608));
#5769 = SHAPE_DEFINITION_REPRESENTATION(#5770,#5776);
#5770 = PRODUCT_DEFINITION_SHAPE('','',#5771);
#5771 = PRODUCT_DEFINITION('design','',#5772,#5775);
#5772 = PRODUCT_DEFINITION_FORMATION('','',#5773);
#5773 = PRODUCT('Open CASCADE STEP translator 7.8 2.35',
  'Open CASCADE STEP translator 7.8 2.35','',(#5774));
#5774 = PRODUCT_CONTEXT('',#2,'mechanical');
#5775 = PRODUCT_DEFINITION_CONTEXT('part definition',#2,'design');
#5776 = MANIFOLD_SURFACE_SHAPE_REPRESENTATION('',(#11,#5777),#5935);
#5777 = SHELL_BASED_SURFACE_MODEL('',(#5778));
#5778 = OPEN_SHELL('',(#5779));
#5779 = ADVANCED_FACE('',(#5780),#5794,.T.);
#5780 = FACE_BOUND('',#5781,.T.);
#5781 = EDGE_LOOP('',(#5782,#5805,#5867,#5883));
#5782 = ORIENTED_EDGE('',*,*,#5783,.F.);
#5783 = EDGE_CURVE('',#5784,#5786,#5788,.T.);
#5784 = VERTEX_POINT('',#5785);
#5785 = CARTESIAN_POINT('',(6.735028152814,12.257142857143,
    0.198783607182));
#5786 = VERTEX_POINT('',#5787);
#5787 = CARTESIAN_POINT('',(6.735028152814,12.257142857143,
    -9.684003783028E-02));
#5788 = SURFACE_CURVE('',#5789,(#5793),.PCURVE_S1.);
#5789 = LINE('',#5790,#5791);
#5790 = CARTESIAN_POINT('',(6.735028152814,12.257142857143,0.));
#5791 = VECTOR('',#5792,1.);
#5792 = DIRECTION('',(0.,0.,-1.));
#5793 = PCURVE('',#5794,#5799);
#5794 = PLANE('',#5795);
#5795 = AXIS2_PLACEMENT_3D('',#5796,#5797,#5798);
#5796 = CARTESIAN_POINT('',(7.033843987136,12.198398746836,0.));
#5797 = DIRECTION('',(0.192897514943,0.981218909688,0.));
#5798 = DIRECTION('',(0.981218909688,-0.192897514943,0.));
#5799 = DEFINITIONAL_REPRESENTATION('',(#5800),#5804);
#5800 = LINE('',#5801,#5802);
#5801 = CARTESIAN_POINT('',(-0.304535340047,0.));
#5802 = VECTOR('',#5803,1.);
#5803 = DIRECTION('',(0.,1.));
#5804 = ( GEOMETRIC_REPRESENTATION_CONTEXT(2) 
PARAMETRIC_REPRESENTATION_CONTEXT() REPRESENTATION_CONTEXT('2D SPACE',''
  ) );
#5805 = ORIENTED_EDGE('',*,*,#5806,.T.);
#5806 = EDGE_CURVE('',#5784,#5807,#5809,.T.);
#5807 = VERTEX_POINT('',#5808);
#5808 = CARTESIAN_POINT('',(7.332659821458,12.139654636528,
    0.148530915033));
#5809 = SURFACE_CURVE('',#5810,(#5837),.PCURVE_S1.);
#5810 = B_SPLINE_CURVE_WITH_KNOTS('',7,(#5811,#5812,#5813,#5814,#5815,
    #5816,#5817,#5818,#5819,#5820,#5821,#5822,#5823,#5824,#5825,#5826,
    #5827,#5828,#5829,#5830,#5831,#5832,#5833,#5834,#5835,#5836),
  .UNSPECIFIED.,.F.,.F.,(8,6,6,6,8),(0.,0.204145938009,0.518303855895,
    0.837840314711,1.),.UNSPECIFIED.);
#5811 = CARTESIAN_POINT('',(6.735028152814,12.257142857143,
    0.198783607182));
#5812 = CARTESIAN_POINT('',(6.75249265303,12.253709516572,0.198144839418
    ));
#5813 = CARTESIAN_POINT('',(6.769957397583,12.250276127967,
    0.197427039159));
#5814 = CARTESIAN_POINT('',(6.787422046121,12.246842758238,
    0.196630776244));
#5815 = CARTESIAN_POINT('',(6.804888493103,12.243409034953,
    0.195795694043));
#5816 = CARTESIAN_POINT('',(6.822354171293,12.239975462805,
    0.194887748563));
#5817 = CARTESIAN_POINT('',(6.839819968852,12.23654186719,0.193923898075
    ));
#5818 = CARTESIAN_POINT('',(6.884162602371,12.227824562899,
    0.191323757315));
#5819 = CARTESIAN_POINT('',(6.911038701303,12.222540999115,
    0.189606192334));
#5820 = CARTESIAN_POINT('',(6.937911458744,12.217258092234,
    0.187753589217));
#5821 = CARTESIAN_POINT('',(6.964778453552,12.211976318227,
    0.185772608154));
#5822 = CARTESIAN_POINT('',(6.991637934685,12.206696021331,
    0.183667261618));
#5823 = CARTESIAN_POINT('',(7.018488672192,12.201417443341,
    0.181439737164));
#5824 = CARTESIAN_POINT('',(7.072628332604,12.190774144634,
    0.176709795741));
#5825 = CARTESIAN_POINT('',(7.099916858046,12.185409502053,
    0.174203187015));
#5826 = CARTESIAN_POINT('',(7.127192590763,12.180047374389,
    0.171578853205));
#5827 = CARTESIAN_POINT('',(7.154453752919,12.174688111148,
    0.168840327187));
#5828 = CARTESIAN_POINT('',(7.181698519057,12.169332071195,
    0.165990834695));
#5829 = CARTESIAN_POINT('',(7.208925016102,12.163979622757,
    0.163033294318));
#5830 = CARTESIAN_POINT('',(7.249938092825,12.155916874983,
    0.158415905346));
#5831 = CARTESIAN_POINT('',(7.263739649232,12.153203631376,0.15683433735
    ));
#5832 = CARTESIAN_POINT('',(7.277535737029,12.150491462842,
    0.155225969072));
#5833 = CARTESIAN_POINT('',(7.291326087246,12.147780422257,
    0.153591136377));
#5834 = CARTESIAN_POINT('',(7.305110417496,12.145070565135,
    0.151930155435));
#5835 = CARTESIAN_POINT('',(7.318888431974,12.142361949629,
    0.150243322726));
#5836 = CARTESIAN_POINT('',(7.332659821458,12.139654636528,
    0.148530915033));
#5837 = PCURVE('',#5794,#5838);
#5838 = DEFINITIONAL_REPRESENTATION('',(#5839),#5866);
#5839 = B_SPLINE_CURVE_WITH_KNOTS('',7,(#5840,#5841,#5842,#5843,#5844,
    #5845,#5846,#5847,#5848,#5849,#5850,#5851,#5852,#5853,#5854,#5855,
    #5856,#5857,#5858,#5859,#5860,#5861,#5862,#5863,#5864,#5865),
  .UNSPECIFIED.,.F.,.F.,(8,6,6,6,8),(0.,0.204145938009,0.518303855895,
    0.837840314711,1.),.UNSPECIFIED.);
#5840 = CARTESIAN_POINT('',(-0.304535340047,-0.198783607182));
#5841 = CARTESIAN_POINT('',(-0.286736559322,-0.198144839418));
#5842 = CARTESIAN_POINT('',(-0.268937529585,-0.197427039159));
#5843 = CARTESIAN_POINT('',(-0.2511385977,-0.196630776244));
#5844 = CARTESIAN_POINT('',(-0.233337832947,-0.195795694043));
#5845 = CARTESIAN_POINT('',(-0.215537851702,-0.194887748563));
#5846 = CARTESIAN_POINT('',(-0.197737748802,-0.193923898075));
#5847 = CARTESIAN_POINT('',(-0.152546371954,-0.191323757315));
#5848 = CARTESIAN_POINT('',(-0.125155849139,-0.189606192334));
#5849 = CARTESIAN_POINT('',(-9.776873177306E-02,-0.187753589217));
#5850 = CARTESIAN_POINT('',(-7.03874873411E-02,-0.185772608154));
#5851 = CARTESIAN_POINT('',(-4.301390039955E-02,-0.183667261618));
#5852 = CARTESIAN_POINT('',(-1.564922444169E-02,-0.181439737164));
#5853 = CARTESIAN_POINT('',(3.95266999898E-02,-0.176709795741));
#5854 = CARTESIAN_POINT('',(6.733754339339E-02,-0.174203187015));
#5855 = CARTESIAN_POINT('',(9.513534921233E-02,-0.171578853205));
#5856 = CARTESIAN_POINT('',(0.122918305581,-0.168840327187));
#5857 = CARTESIAN_POINT('',(0.150684552103,-0.165990834695));
#5858 = CARTESIAN_POINT('',(0.17843217985,-0.163033294318));
#5859 = CARTESIAN_POINT('',(0.220230270284,-0.158415905346));
#5860 = CARTESIAN_POINT('',(0.234295996363,-0.15683433735));
#5861 = CARTESIAN_POINT('',(0.24835614916,-0.155225969072));
#5862 = CARTESIAN_POINT('',(0.262410454556,-0.153591136377));
#5863 = CARTESIAN_POINT('',(0.276458624759,-0.151930155435));
#5864 = CARTESIAN_POINT('',(0.290500358303,-0.150243322726));
#5865 = CARTESIAN_POINT('',(0.304535340047,-0.148530915033));
#5866 = ( GEOMETRIC_REPRESENTATION_CONTEXT(2) 
PARAMETRIC_REPRESENTATION_CONTEXT() REPRESENTATION_CONTEXT('2D SPACE',''
  ) );
#5867 = ORIENTED_EDGE('',*,*,#5868,.T.);
#5868 = EDGE_CURVE('',#5807,#5869,#5871,.T.);
#5869 = VERTEX_POINT('',#5870);
#5870 = CARTESIAN_POINT('',(7.332659821458,12.139654636528,
    -6.297315135603E-02));
#5871 = SURFACE_CURVE('',#5872,(#5876),.PCURVE_S1.);
#5872 = LINE('',#5873,#5874);
#5873 = CARTESIAN_POINT('',(7.332659821458,12.139654636528,0.));
#5874 = VECTOR('',#5875,1.);
#5875 = DIRECTION('',(0.,0.,-1.));
#5876 = PCURVE('',#5794,#5877);
#5877 = DEFINITIONAL_REPRESENTATION('',(#5878),#5882);
#5878 = LINE('',#5879,#5880);
#5879 = CARTESIAN_POINT('',(0.304535340047,0.));
#5880 = VECTOR('',#5881,1.);
#5881 = DIRECTION('',(0.,1.));
#5882 = ( GEOMETRIC_REPRESENTATION_CONTEXT(2) 
PARAMETRIC_REPRESENTATION_CONTEXT() REPRESENTATION_CONTEXT('2D SPACE',''
  ) );
#5883 = ORIENTED_EDGE('',*,*,#5884,.F.);
#5884 = EDGE_CURVE('',#5786,#5869,#5885,.T.);
#5885 = SURFACE_CURVE('',#5886,(#5909),.PCURVE_S1.);
#5886 = B_SPLINE_CURVE_WITH_KNOTS('',6,(#5887,#5888,#5889,#5890,#5891,
    #5892,#5893,#5894,#5895,#5896,#5897,#5898,#5899,#5900,#5901,#5902,
    #5903,#5904,#5905,#5906,#5907,#5908),.UNSPECIFIED.,.F.,.F.,(7,5,5,5,
    7),(0.,9.199739267006E-02,0.326816545685,0.638570012947,1.),
  .UNSPECIFIED.);
#5887 = CARTESIAN_POINT('',(6.735028152814,12.257142857143,
    -9.684003783028E-02));
#5888 = CARTESIAN_POINT('',(6.744184610703,12.255342791984,
    -9.647627595949E-02));
#5889 = CARTESIAN_POINT('',(6.753342872575,12.253542372181,
    -9.610708755245E-02));
#5890 = CARTESIAN_POINT('',(6.762502809668,12.251741623047,
    -9.573174744089E-02));
#5891 = CARTESIAN_POINT('',(6.771664135995,12.249940600803,
    -9.534877799513E-02));
#5892 = CARTESIAN_POINT('',(6.780826573187,12.248139360175,
    -9.495691265375E-02));
#5893 = CARTESIAN_POINT('',(6.813379283921,12.241739833073,
    -9.353289992396E-02));
#5894 = CARTESIAN_POINT('',(6.836774976441,12.237140481284,
    -9.245290472161E-02));
#5895 = CARTESIAN_POINT('',(6.860175588821,12.232540162302,
    -9.132188068134E-02));
#5896 = CARTESIAN_POINT('',(6.883577619558,12.227939564485,
    -9.015389241837E-02));
#5897 = CARTESIAN_POINT('',(6.906982097979,12.223338485479,
    -8.894372220146E-02));
#5898 = CARTESIAN_POINT('',(6.961461642472,12.212628369067,
    -8.604139980203E-02));
#5899 = CARTESIAN_POINT('',(6.992537646567,12.206519147256,
    -8.432033807777E-02));
#5900 = CARTESIAN_POINT('',(7.023613321835,12.20040999009,
    -8.254196838219E-02));
#5901 = CARTESIAN_POINT('',(7.054686384775,12.194301346479,
    -8.071341363782E-02));
#5902 = CARTESIAN_POINT('',(7.085754620914,12.188193651769,
    -7.884058927406E-02));
#5903 = CARTESIAN_POINT('',(7.152826622081,12.175007988285,
    -7.471108702248E-02));
#5904 = CARTESIAN_POINT('',(7.188827790758,12.167930529927,
    -7.244108344588E-02));
#5905 = CARTESIAN_POINT('',(7.224815992625,12.160855620711,
    -7.012612255739E-02));
#5906 = CARTESIAN_POINT('',(7.260787229885,12.153784046561,
    -6.777295806603E-02));
#5907 = CARTESIAN_POINT('',(7.296736905155,12.146716711276,
    -6.538716732988E-02));
#5908 = CARTESIAN_POINT('',(7.332659821458,12.139654636528,
    -6.297315135603E-02));
#5909 = PCURVE('',#5794,#5910);
#5910 = DEFINITIONAL_REPRESENTATION('',(#5911),#5934);
#5911 = B_SPLINE_CURVE_WITH_KNOTS('',6,(#5912,#5913,#5914,#5915,#5916,
    #5917,#5918,#5919,#5920,#5921,#5922,#5923,#5924,#5925,#5926,#5927,
    #5928,#5929,#5930,#5931,#5932,#5933),.UNSPECIFIED.,.F.,.F.,(7,5,5,5,
    7),(0.,9.199739267006E-02,0.326816545685,0.638570012947,1.),
  .UNSPECIFIED.);
#5912 = CARTESIAN_POINT('',(-0.304535340047,9.684003783028E-02));
#5913 = CARTESIAN_POINT('',(-0.295203622325,9.647627595949E-02));
#5914 = CARTESIAN_POINT('',(-0.28587006609,9.610708755245E-02));
#5915 = CARTESIAN_POINT('',(-0.27653480257,9.573174744089E-02));
#5916 = CARTESIAN_POINT('',(-0.267198123225,9.534877799513E-02));
#5917 = CARTESIAN_POINT('',(-0.257860311752,9.495691265375E-02));
#5918 = CARTESIAN_POINT('',(-0.224684523543,9.353289992396E-02));
#5919 = CARTESIAN_POINT('',(-0.200841024107,9.245290472161E-02));
#5920 = CARTESIAN_POINT('',(-0.176992510642,9.132188068134E-02));
#5921 = CARTESIAN_POINT('',(-0.153142551671,9.015389241837E-02));
#5922 = CARTESIAN_POINT('',(-0.129290098167,8.894372220146E-02));
#5923 = CARTESIAN_POINT('',(-7.376778407949E-02,8.604139980203E-02));
#5924 = CARTESIAN_POINT('',(-4.20969675176E-02,8.432033807777E-02));
#5925 = CARTESIAN_POINT('',(-1.042648607813E-02,8.254196838219E-02));
#5926 = CARTESIAN_POINT('',(2.124133303301E-02,8.071341363782E-02));
#5927 = CARTESIAN_POINT('',(5.290423295546E-02,7.884058927406E-02));
#5928 = CARTESIAN_POINT('',(0.12126003053,7.471108702248E-02));
#5929 = CARTESIAN_POINT('',(0.157950282135,7.244108344588E-02));
#5930 = CARTESIAN_POINT('',(0.194627318739,7.012612255739E-02));
#5931 = CARTESIAN_POINT('',(0.231287066024,6.777295806603E-02));
#5932 = CARTESIAN_POINT('',(0.267924838609,6.538716732988E-02));
#5933 = CARTESIAN_POINT('',(0.304535340047,6.297315135603E-02));
#5934 = ( GEOMETRIC_REPRESENTATION_CONTEXT(2) 
PARAMETRIC_REPRESENTATION_CONTEXT() REPRESENTATION_CONTEXT('2D SPACE',''
  ) );
#5935 = ( GEOMETRIC_REPRESENTATION_CONTEXT(3) 
GLOBAL_UNCERTAINTY_ASSIGNED_CONTEXT((#5939)) 
GLOBAL_UNIT_ASSIGNED_CONTEXT((#5936,#5937,#5938)) REPRESENTATION_CONTEXT
('Context #1','3D Context with UNIT and UNCERTAINTY') );
#5936 = ( LENGTH_UNIT() NAMED_UNIT(*) SI_UNIT(.MILLI.,.METRE.) );
#5937 = ( NAMED_UNIT(*) PLANE_ANGLE_UNIT() SI_UNIT($,.RADIAN.) );
#5938 = ( NAMED_UNIT(*) SI_UNIT($,.STERADIAN.) SOLID_ANGLE_UNIT() );
#5939 = UNCERTAINTY_MEASURE_WITH_UNIT(LENGTH_MEASURE(5.E-06),#5936,
  'distance_accuracy_value','confusion accuracy');
#5940 = CONTEXT_DEPENDENT_SHAPE_REPRESENTATION(#5941,#5943);
#5941 = ( REPRESENTATION_RELATIONSHIP('','',#5776,#10) 
REPRESENTATION_RELATIONSHIP_WITH_TRANSFORMATION(#5942) 
SHAPE_REPRESENTATION_RELATIONSHIP() );
#5942 = ITEM_DEFINED_TRANSFORMATION('','',#11,#151);
#5943 = PRODUCT_DEFINITION_SHAPE('Placement','Placement of an item',
  #5944);
#5944 = NEXT_ASSEMBLY_USAGE_OCCURRENCE('35','','',#5,#5771,$);
#5945 = PRODUCT_RELATED_PRODUCT_CATEGORY('part',$,(#5773));
#5946 = SHAPE_DEFINITION_REPRESENTATION(#5947,#5953);
#5947 = PRODUCT_DEFINITION_SHAPE('','',#5948);
#5948 = PRODUCT_DEFINITION('design','',#5949,#5952);
#5949 = PRODUCT_DEFINITION_FORMATION('','',#5950);
#5950 = PRODUCT('Open CASCADE STEP translator 7.8 2.36',
  'Open CASCADE STEP translator 7.8 2.36','',(#5951));
#5951 = PRODUCT_CONTEXT('',#2,'mechanical');
#5952 = PRODUCT_DEFINITION_CONTEXT('part definition',#2,'design');
#5953 = MANIFOLD_SURFACE_SHAPE_REPRESENTATION('',(#11,#5954),#6044);
#5954 = SHELL_BASED_SURFACE_MODEL('',(#5955));
#5955 = OPEN_SHELL('',(#5956));
#5956 = ADVANCED_FACE('',(#5957),#5971,.T.);
#5957 = FACE_BOUND('',#5958,.T.);
#5958 = EDGE_LOOP('',(#5959,#5982,#6006,#6022));
#5959 = ORIENTED_EDGE('',*,*,#5960,.F.);
#5960 = EDGE_CURVE('',#5961,#5963,#5965,.T.);
#5961 = VERTEX_POINT('',#5962);
#5962 = CARTESIAN_POINT('',(6.735028152814,12.257142857143,
    0.198783607182));
#5963 = VERTEX_POINT('',#5964);
#5964 = CARTESIAN_POINT('',(6.735028152814,12.257142857143,
    -9.684003783028E-02));
#5965 = SURFACE_CURVE('',#5966,(#5970),.PCURVE_S1.);
#5966 = LINE('',#5967,#5968);
#5967 = CARTESIAN_POINT('',(6.735028152814,12.257142857143,0.));
#5968 = VECTOR('',#5969,1.);
#5969 = DIRECTION('',(0.,0.,-1.));
#5970 = PCURVE('',#5971,#5976);
#5971 = PLANE('',#5972);
#5972 = AXIS2_PLACEMENT_3D('',#5973,#5974,#5975);
#5973 = CARTESIAN_POINT('',(7.119956140761,13.253571428571,0.));
#5974 = DIRECTION('',(-0.932815687716,0.360353843812,0.));
#5975 = DIRECTION('',(0.360353843812,0.932815687716,0.));
#5976 = DEFINITIONAL_REPRESENTATION('',(#5977),#5981);
#5977 = LINE('',#5978,#5979);
#5978 = CARTESIAN_POINT('',(-1.068194483165,0.));
#5979 = VECTOR('',#5980,1.);
#5980 = DIRECTION('',(0.,1.));
#5981 = ( GEOMETRIC_REPRESENTATION_CONTEXT(2) 
PARAMETRIC_REPRESENTATION_CONTEXT() REPRESENTATION_CONTEXT('2D SPACE',''
  ) );
#5982 = ORIENTED_EDGE('',*,*,#5983,.T.);
#5983 = EDGE_CURVE('',#5961,#5984,#5986,.T.);
#5984 = VERTEX_POINT('',#5985);
#5985 = CARTESIAN_POINT('',(7.504884128709,14.25,0.167695812113));
#5986 = SURFACE_CURVE('',#5987,(#5995),.PCURVE_S1.);
#5987 = B_SPLINE_CURVE_WITH_KNOTS('',6,(#5988,#5989,#5990,#5991,#5992,
    #5993,#5994),.UNSPECIFIED.,.F.,.F.,(7,7),(0.,1.),
  .PIECEWISE_BEZIER_KNOTS.);
#5988 = CARTESIAN_POINT('',(6.735028152814,12.257142857143,
    0.198783607182));
#5989 = CARTESIAN_POINT('',(6.87600614464,12.622079945108,0.193090730779
    ));
#5990 = CARTESIAN_POINT('',(6.98652743191,12.908176492606,0.188627736093
    ));
#5991 = CARTESIAN_POINT('',(7.12410779769,13.264318450643,0.18307206029)
  );
#5992 = CARTESIAN_POINT('',(7.306684731495,13.736938990129,
    0.175699363993));
#5993 = CARTESIAN_POINT('',(7.483598118129,14.194898812823,
    0.168555369167));
#5994 = CARTESIAN_POINT('',(7.504884128709,14.25,0.167695812113));
#5995 = PCURVE('',#5971,#5996);
#5996 = DEFINITIONAL_REPRESENTATION('',(#5997),#6005);
#5997 = B_SPLINE_CURVE_WITH_KNOTS('',6,(#5998,#5999,#6000,#6001,#6002,
    #6003,#6004),.UNSPECIFIED.,.F.,.F.,(7,7),(0.,1.),
  .PIECEWISE_BEZIER_KNOTS.);
#5998 = CARTESIAN_POINT('',(-1.068194483165,-0.198783607182));
#5999 = CARTESIAN_POINT('',(-0.676973481234,-0.193090730779));
#6000 = CARTESIAN_POINT('',(-0.370271362836,-0.188627736093));
#6001 = CARTESIAN_POINT('',(1.15210563173E-02,-0.18307206029));
#6002 = CARTESIAN_POINT('',(0.518181209774,-0.175699363993));
#6003 = CARTESIAN_POINT('',(1.009124735623,-0.168555369167));
#6004 = CARTESIAN_POINT('',(1.068194483165,-0.167695812113));
#6005 = ( GEOMETRIC_REPRESENTATION_CONTEXT(2) 
PARAMETRIC_REPRESENTATION_CONTEXT() REPRESENTATION_CONTEXT('2D SPACE',''
  ) );
#6006 = ORIENTED_EDGE('',*,*,#6007,.T.);
#6007 = EDGE_CURVE('',#5984,#6008,#6010,.T.);
#6008 = VERTEX_POINT('',#6009);
#6009 = CARTESIAN_POINT('',(7.504884128709,14.25,-8.169521128619E-02));
#6010 = SURFACE_CURVE('',#6011,(#6015),.PCURVE_S1.);
#6011 = LINE('',#6012,#6013);
#6012 = CARTESIAN_POINT('',(7.504884128709,14.25,0.));
#6013 = VECTOR('',#6014,1.);
#6014 = DIRECTION('',(0.,0.,-1.));
#6015 = PCURVE('',#5971,#6016);
#6016 = DEFINITIONAL_REPRESENTATION('',(#6017),#6021);
#6017 = LINE('',#6018,#6019);
#6018 = CARTESIAN_POINT('',(1.068194483165,0.));
#6019 = VECTOR('',#6020,1.);
#6020 = DIRECTION('',(0.,1.));
#6021 = ( GEOMETRIC_REPRESENTATION_CONTEXT(2) 
PARAMETRIC_REPRESENTATION_CONTEXT() REPRESENTATION_CONTEXT('2D SPACE',''
  ) );
#6022 = ORIENTED_EDGE('',*,*,#6023,.F.);
#6023 = EDGE_CURVE('',#5963,#6008,#6024,.T.);
#6024 = SURFACE_CURVE('',#6025,(#6033),.PCURVE_S1.);
#6025 = B_SPLINE_CURVE_WITH_KNOTS('',6,(#6026,#6027,#6028,#6029,#6030,
    #6031,#6032),.UNSPECIFIED.,.F.,.F.,(7,7),(0.,1.),
  .PIECEWISE_BEZIER_KNOTS.);
#6026 = CARTESIAN_POINT('',(6.735028152814,12.257142857143,
    -9.684003783028E-02));
#6027 = CARTESIAN_POINT('',(6.881210725112,12.635552575957,
    -9.396429253435E-02));
#6028 = CARTESIAN_POINT('',(6.99293828482,12.924771692764,
    -9.176635608267E-02));
#6029 = CARTESIAN_POINT('',(7.130850517709,13.281772725434,
    -8.905330726468E-02));
#6030 = CARTESIAN_POINT('',(7.316527233071,13.762417391524,
    -8.540062191121E-02));
#6031 = CARTESIAN_POINT('',(7.497283166326,14.230324070149,
    -8.184473958818E-02));
#6032 = CARTESIAN_POINT('',(7.504884128709,14.25,-8.169521128619E-02));
#6033 = PCURVE('',#5971,#6034);
#6034 = DEFINITIONAL_REPRESENTATION('',(#6035),#6043);
#6035 = B_SPLINE_CURVE_WITH_KNOTS('',6,(#6036,#6037,#6038,#6039,#6040,
    #6041,#6042),.UNSPECIFIED.,.F.,.F.,(7,7),(0.,1.),
  .PIECEWISE_BEZIER_KNOTS.);
#6036 = CARTESIAN_POINT('',(-1.068194483165,9.684003783028E-02));
#6037 = CARTESIAN_POINT('',(-0.662530509245,9.396429253435E-02));
#6038 = CARTESIAN_POINT('',(-0.352480924299,9.176635608267E-02));
#6039 = CARTESIAN_POINT('',(3.023244273668E-02,8.905330726468E-02));
#6040 = CARTESIAN_POINT('',(0.545494645569,8.540062191121E-02));
#6041 = CARTESIAN_POINT('',(1.047101431119,8.184473958818E-02));
#6042 = CARTESIAN_POINT('',(1.068194483165,8.169521128619E-02));
#6043 = ( GEOMETRIC_REPRESENTATION_CONTEXT(2) 
PARAMETRIC_REPRESENTATION_CONTEXT() REPRESENTATION_CONTEXT('2D SPACE',''
  ) );
#6044 = ( GEOMETRIC_REPRESENTATION_CONTEXT(3) 
GLOBAL_UNCERTAINTY_ASSIGNED_CONTEXT((#6048)) 
GLOBAL_UNIT_ASSIGNED_CONTEXT((#6045,#6046,#6047)) REPRESENTATION_CONTEXT
('Context #1','3D Context with UNIT and UNCERTAINTY') );
#6045 = ( LENGTH_UNIT() NAMED_UNIT(*) SI_UNIT(.MILLI.,.METRE.) );
#6046 = ( NAMED_UNIT(*) PLANE_ANGLE_UNIT() SI_UNIT($,.RADIAN.) );
#6047 = ( NAMED_UNIT(*) SI_UNIT($,.STERADIAN.) SOLID_ANGLE_UNIT() );
#6048 = UNCERTAINTY_MEASURE_WITH_UNIT(LENGTH_MEASURE(5.E-06),#6045,
  'distance_accuracy_value','confusion accuracy');
#6049 = CONTEXT_DEPENDENT_SHAPE_REPRESENTATION(#6050,#6052);
#6050 = ( REPRESENTATION_RELATIONSHIP('','',#5953,#10) 
REPRESENTATION_RELATIONSHIP_WITH_TRANSFORMATION(#6051) 
SHAPE_REPRESENTATION_RELATIONSHIP() );
#6051 = ITEM_DEFINED_TRANSFORMATION('','',#11,#155);
#6052 = PRODUCT_DEFINITION_SHAPE('Placement','Placement of an item',
  #6053);
#6053 = NEXT_ASSEMBLY_USAGE_OCCURRENCE('36','','',#5,#5948,$);
#6054 = PRODUCT_RELATED_PRODUCT_CATEGORY('part',$,(#5950));
#6055 = SHAPE_DEFINITION_REPRESENTATION(#6056,#6062);
#6056 = PRODUCT_DEFINITION_SHAPE('','',#6057);
#6057 = PRODUCT_DEFINITION('design','',#6058,#6061);
#6058 = PRODUCT_DEFINITION_FORMATION('','',#6059);
#6059 = PRODUCT('Open CASCADE STEP translator 7.8 2.37',
  'Open CASCADE STEP translator 7.8 2.37','',(#6060));
#6060 = PRODUCT_CONTEXT('',#2,'mechanical');
#6061 = PRODUCT_DEFINITION_CONTEXT('part definition',#2,'design');
#6062 = MANIFOLD_SURFACE_SHAPE_REPRESENTATION('',(#11,#6063),#6209);
#6063 = SHELL_BASED_SURFACE_MODEL('',(#6064));
#6064 = OPEN_SHELL('',(#6065));
#6065 = ADVANCED_FACE('',(#6066),#6080,.T.);
#6066 = FACE_BOUND('',#6067,.T.);
#6067 = EDGE_LOOP('',(#6068,#6091,#6145,#6161));
#6068 = ORIENTED_EDGE('',*,*,#6069,.F.);
#6069 = EDGE_CURVE('',#6070,#6072,#6074,.T.);
#6070 = VERTEX_POINT('',#6071);
#6071 = CARTESIAN_POINT('',(7.504884128709,14.25,0.167695812113));
#6072 = VERTEX_POINT('',#6073);
#6073 = CARTESIAN_POINT('',(7.504884128709,14.25,-8.169521128619E-02));
#6074 = SURFACE_CURVE('',#6075,(#6079),.PCURVE_S1.);
#6075 = LINE('',#6076,#6077);
#6076 = CARTESIAN_POINT('',(7.504884128709,14.25,0.));
#6077 = VECTOR('',#6078,1.);
#6078 = DIRECTION('',(-0.,0.,-1.));
#6079 = PCURVE('',#6080,#6085);
#6080 = PLANE('',#6081);
#6081 = AXIS2_PLACEMENT_3D('',#6082,#6083,#6084);
#6082 = CARTESIAN_POINT('',(7.386801021874,14.595323741745,0.));
#6083 = DIRECTION('',(-0.946209259935,-0.323555306577,0.));
#6084 = DIRECTION('',(-0.323555306577,0.946209259935,0.));
#6085 = DEFINITIONAL_REPRESENTATION('',(#6086),#6090);
#6086 = LINE('',#6087,#6088);
#6087 = CARTESIAN_POINT('',(-0.364954937948,0.));
#6088 = VECTOR('',#6089,1.);
#6089 = DIRECTION('',(0.,1.));
#6090 = ( GEOMETRIC_REPRESENTATION_CONTEXT(2) 
PARAMETRIC_REPRESENTATION_CONTEXT() REPRESENTATION_CONTEXT('2D SPACE',''
  ) );
#6091 = ORIENTED_EDGE('',*,*,#6092,.F.);
#6092 = EDGE_CURVE('',#6093,#6070,#6095,.T.);
#6093 = VERTEX_POINT('',#6094);
#6094 = CARTESIAN_POINT('',(7.26871791504,14.94064748349,0.132930539333)
  );
#6095 = SURFACE_CURVE('',#6096,(#6119),.PCURVE_S1.);
#6096 = B_SPLINE_CURVE_WITH_KNOTS('',6,(#6097,#6098,#6099,#6100,#6101,
    #6102,#6103,#6104,#6105,#6106,#6107,#6108,#6109,#6110,#6111,#6112,
    #6113,#6114,#6115,#6116,#6117,#6118),.UNSPECIFIED.,.F.,.F.,(7,5,5,5,
    7),(0.,0.411275930154,0.690072377299,0.839521513986,1.),
  .UNSPECIFIED.);
#6097 = CARTESIAN_POINT('',(7.26871791504,14.94064748349,0.132930539333)
  );
#6098 = CARTESIAN_POINT('',(7.284508569973,14.894469091067,
    0.139272026739));
#6099 = CARTESIAN_POINT('',(7.300436054256,14.847890553148,
    0.144688706257));
#6100 = CARTESIAN_POINT('',(7.316458244155,14.801035056918,0.14932416939
    ));
#6101 = CARTESIAN_POINT('',(7.332550942913,14.753973363685,
    0.153262086904));
#6102 = CARTESIAN_POINT('',(7.348698089495,14.706752442542,0.15657163954
    ));
#6103 = CARTESIAN_POINT('',(7.375869129767,14.627293106272,
    0.161162084505));
#6104 = CARTESIAN_POINT('',(7.386867033132,14.595130697582,
    0.162752857885));
#6105 = CARTESIAN_POINT('',(7.397882106752,14.56291807598,0.164096511678
    ));
#6106 = CARTESIAN_POINT('',(7.408911748254,14.530662851878,
    0.165207288916));
#6107 = CARTESIAN_POINT('',(7.419953846356,14.498371199538,
    0.166097483368));
#6108 = CARTESIAN_POINT('',(7.4369313257,14.448722042688,0.167142702542)
  );
#6109 = CARTESIAN_POINT('',(7.4428591729,14.431386570829,0.167447113066)
  );
#6110 = CARTESIAN_POINT('',(7.44878981035,14.414042939125,0.167692905801
    ));
#6111 = CARTESIAN_POINT('',(7.454723095712,14.396691563837,
    0.167881634075));
#6112 = CARTESIAN_POINT('',(7.460658881037,14.379332877625,
    0.168014748208));
#6113 = CARTESIAN_POINT('',(7.472973130388,14.343320929965,
    0.168178419181));
#6114 = CARTESIAN_POINT('',(7.479351877989,14.32466683923,0.168200263963
    ));
#6115 = CARTESIAN_POINT('',(7.485732781213,14.306006444562,
    0.168162913293));
#6116 = CARTESIAN_POINT('',(7.492115287853,14.287341360845,
    0.168064574773));
#6117 = CARTESIAN_POINT('',(7.498499017126,14.268672701646,
    0.167905547272));
#6118 = CARTESIAN_POINT('',(7.504884128709,14.25,0.167695812113));
#6119 = PCURVE('',#6080,#6120);
#6120 = DEFINITIONAL_REPRESENTATION('',(#6121),#6144);
#6121 = B_SPLINE_CURVE_WITH_KNOTS('',6,(#6122,#6123,#6124,#6125,#6126,
    #6127,#6128,#6129,#6130,#6131,#6132,#6133,#6134,#6135,#6136,#6137,
    #6138,#6139,#6140,#6141,#6142,#6143),.UNSPECIFIED.,.F.,.F.,(7,5,5,5,
    7),(0.,0.411275930154,0.690072377299,0.839521513986,1.),
  .UNSPECIFIED.);
#6122 = CARTESIAN_POINT('',(0.364954937948,-0.132930539333));
#6123 = CARTESIAN_POINT('',(0.31615136523,-0.139272026739));
#6124 = CARTESIAN_POINT('',(0.266924899276,-0.144688706257));
#6125 = CARTESIAN_POINT('',(0.2174057303,-0.14932416939));
#6126 = CARTESIAN_POINT('',(0.167668642295,-0.153262086904));
#6127 = CARTESIAN_POINT('',(0.117763274483,-0.15657163954));
#6128 = CARTESIAN_POINT('',(3.378678045122E-02,-0.161162084505));
#6129 = CARTESIAN_POINT('',(-2.040184680393E-04,-0.162752857885));
#6130 = CARTESIAN_POINT('',(-3.424788483592E-02,-0.164096511678));
#6131 = CARTESIAN_POINT('',(-6.833677560044E-02,-0.165207288916));
#6132 = CARTESIAN_POINT('',(-0.1024641655,-0.166097483368));
#6133 = CARTESIAN_POINT('',(-0.154935810993,-0.167142702542));
#6134 = CARTESIAN_POINT('',(-0.173256781409,-0.167447113066));
#6135 = CARTESIAN_POINT('',(-0.191586375547,-0.167692905801));
#6136 = CARTESIAN_POINT('',(-0.209924153481,-0.167881634075));
#6137 = CARTESIAN_POINT('',(-0.228269657956,-0.168014748208));
#6138 = CARTESIAN_POINT('',(-0.266328837024,-0.168178419181));
#6139 = CARTESIAN_POINT('',(-0.286043388049,-0.168200263963));
#6140 = CARTESIAN_POINT('',(-0.305764601377,-0.168162913293));
#6141 = CARTESIAN_POINT('',(-0.32549077032,-0.168064574773));
#6142 = CARTESIAN_POINT('',(-0.345220718007,-0.167905547272));
#6143 = CARTESIAN_POINT('',(-0.364954937948,-0.167695812113));
#6144 = ( GEOMETRIC_REPRESENTATION_CONTEXT(2) 
PARAMETRIC_REPRESENTATION_CONTEXT() REPRESENTATION_CONTEXT('2D SPACE',''
  ) );
#6145 = ORIENTED_EDGE('',*,*,#6146,.T.);
#6146 = EDGE_CURVE('',#6093,#6147,#6149,.T.);
#6147 = VERTEX_POINT('',#6148);
#6148 = CARTESIAN_POINT('',(7.26871791504,14.94064748349,
    -8.252865564414E-02));
#6149 = SURFACE_CURVE('',#6150,(#6154),.PCURVE_S1.);
#6150 = LINE('',#6151,#6152);
#6151 = CARTESIAN_POINT('',(7.26871791504,14.94064748349,0.));
#6152 = VECTOR('',#6153,1.);
#6153 = DIRECTION('',(-0.,0.,-1.));
#6154 = PCURVE('',#6080,#6155);
#6155 = DEFINITIONAL_REPRESENTATION('',(#6156),#6160);
#6156 = LINE('',#6157,#6158);
#6157 = CARTESIAN_POINT('',(0.364954937948,0.));
#6158 = VECTOR('',#6159,1.);
#6159 = DIRECTION('',(0.,1.));
#6160 = ( GEOMETRIC_REPRESENTATION_CONTEXT(2) 
PARAMETRIC_REPRESENTATION_CONTEXT() REPRESENTATION_CONTEXT('2D SPACE',''
  ) );
#6161 = ORIENTED_EDGE('',*,*,#6162,.T.);
#6162 = EDGE_CURVE('',#6147,#6072,#6163,.T.);
#6163 = SURFACE_CURVE('',#6164,(#6185),.PCURVE_S1.);
#6164 = B_SPLINE_CURVE_WITH_KNOTS('',7,(#6165,#6166,#6167,#6168,#6169,
    #6170,#6171,#6172,#6173,#6174,#6175,#6176,#6177,#6178,#6179,#6180,
    #6181,#6182,#6183,#6184),.UNSPECIFIED.,.F.,.F.,(8,6,6,8),(0.,
    0.556256132959,0.82785304088,1.),.UNSPECIFIED.);
#6165 = CARTESIAN_POINT('',(7.26871791504,14.94064748349,
    -8.252865564414E-02));
#6166 = CARTESIAN_POINT('',(7.287098599455,14.886894775857,
    -8.476468940362E-02));
#6167 = CARTESIAN_POINT('',(7.30562771486,14.832707994746,
    -8.617249466097E-02));
#6168 = CARTESIAN_POINT('',(7.324254762577,14.778234819134,
    -8.699314644329E-02));
#6169 = CARTESIAN_POINT('',(7.342953281764,14.723552631447,
    -8.735366694994E-02));
#6170 = CARTESIAN_POINT('',(7.361703793322,14.668718396608,
    -8.735788917541E-02));
#6171 = CARTESIAN_POINT('',(7.380497629163,14.613757463682,
    -8.707959462553E-02));
#6172 = CARTESIAN_POINT('',(7.40852752985,14.531786465073,
    -8.633464336095E-02));
#6173 = CARTESIAN_POINT('',(7.417732096401,14.504868513406,
    -8.603726047323E-02));
#6174 = CARTESIAN_POINT('',(7.426944260646,14.477928342944,
    -8.569368105441E-02));
#6175 = CARTESIAN_POINT('',(7.436163712727,14.450966859843,
    -8.531042490857E-02));
#6176 = CARTESIAN_POINT('',(7.445389789828,14.42398600245,
    -8.489288727682E-02));
#6177 = CARTESIAN_POINT('',(7.454621415461,14.396988918857,
    -8.444538695627E-02));
#6178 = CARTESIAN_POINT('',(7.469712633251,14.352855969323,
    -8.367214727247E-02));
#6179 = CARTESIAN_POINT('',(7.475569180553,14.335729007794,
    -8.336148847455E-02));
#6180 = CARTESIAN_POINT('',(7.481427931036,14.318595603254,
    -8.304354394056E-02));
#6181 = CARTESIAN_POINT('',(7.487288592987,14.301456608793,
    -8.271385397182E-02));
#6182 = CARTESIAN_POINT('',(7.493151679904,14.284310522729,
    -8.238160847134E-02));
#6183 = CARTESIAN_POINT('',(7.499016963083,14.26715801389,
    -8.204354081103E-02));
#6184 = CARTESIAN_POINT('',(7.504884128709,14.25,-8.169521128619E-02));
#6185 = PCURVE('',#6080,#6186);
#6186 = DEFINITIONAL_REPRESENTATION('',(#6187),#6208);
#6187 = B_SPLINE_CURVE_WITH_KNOTS('',7,(#6188,#6189,#6190,#6191,#6192,
    #6193,#6194,#6195,#6196,#6197,#6198,#6199,#6200,#6201,#6202,#6203,
    #6204,#6205,#6206,#6207),.UNSPECIFIED.,.F.,.F.,(8,6,6,8),(0.,
    0.556256132959,0.82785304088,1.),.UNSPECIFIED.);
#6188 = CARTESIAN_POINT('',(0.364954937948,8.252865564414E-02));
#6189 = CARTESIAN_POINT('',(0.308146460258,8.476468940362E-02));
#6190 = CARTESIAN_POINT('',(0.250879232589,8.617249466097E-02));
#6191 = CARTESIAN_POINT('',(0.193309329272,8.699314644329E-02));
#6192 = CARTESIAN_POINT('',(0.135518531821,8.735366694994E-02));
#6193 = CARTESIAN_POINT('',(7.756704353959E-02,8.735788917541E-02));
#6194 = CARTESIAN_POINT('',(1.948165455269E-02,8.707959462553E-02));
#6195 = CARTESIAN_POINT('',(-6.714928648708E-02,8.633464336095E-02));
#6196 = CARTESIAN_POINT('',(-9.559748796559E-02,8.603726047323E-02));
#6197 = CARTESIAN_POINT('',(-0.124069171347,8.569368105441E-02));
#6198 = CARTESIAN_POINT('',(-0.152563378963,8.531042490857E-02));
#6199 = CARTESIAN_POINT('',(-0.181078062275,8.489288727682E-02));
#6200 = CARTESIAN_POINT('',(-0.209609894223,8.444538695627E-02));
#6201 = CARTESIAN_POINT('',(-0.256251743339,8.367214727247E-02));
#6202 = CARTESIAN_POINT('',(-0.27435234989,8.336148847455E-02));
#6203 = CARTESIAN_POINT('',(-0.29245976573,8.304354394056E-02));
#6204 = CARTESIAN_POINT('',(-0.310573089268,8.271385397182E-02));
#6205 = CARTESIAN_POINT('',(-0.328693907559,8.238160847134E-02));
#6206 = CARTESIAN_POINT('',(-0.34682151375,8.204354081103E-02));
#6207 = CARTESIAN_POINT('',(-0.364954937948,8.169521128619E-02));
#6208 = ( GEOMETRIC_REPRESENTATION_CONTEXT(2) 
PARAMETRIC_REPRESENTATION_CONTEXT() REPRESENTATION_CONTEXT('2D SPACE',''
  ) );
#6209 = ( GEOMETRIC_REPRESENTATION_CONTEXT(3) 
GLOBAL_UNCERTAINTY_ASSIGNED_CONTEXT((#6213)) 
GLOBAL_UNIT_ASSIGNED_CONTEXT((#6210,#6211,#6212)) REPRESENTATION_CONTEXT
('Context #1','3D Context with UNIT and UNCERTAINTY') );
#6210 = ( LENGTH_UNIT() NAMED_UNIT(*) SI_UNIT(.MILLI.,.METRE.) );
#6211 = ( NAMED_UNIT(*) PLANE_ANGLE_UNIT() SI_UNIT($,.RADIAN.) );
#6212 = ( NAMED_UNIT(*) SI_UNIT($,.STERADIAN.) SOLID_ANGLE_UNIT() );
#6213 = UNCERTAINTY_MEASURE_WITH_UNIT(LENGTH_MEASURE(5.E-06),#6210,
  'distance_accuracy_value','confusion accuracy');
#6214 = CONTEXT_DEPENDENT_SHAPE_REPRESENTATION(#6215,#6217);
#6215 = ( REPRESENTATION_RELATIONSHIP('','',#6062,#10) 
REPRESENTATION_RELATIONSHIP_WITH_TRANSFORMATION(#6216) 
SHAPE_REPRESENTATION_RELATIONSHIP() );
#6216 = ITEM_DEFINED_TRANSFORMATION('','',#11,#159);
#6217 = PRODUCT_DEFINITION_SHAPE('Placement','Placement of an item',
  #6218);
#6218 = NEXT_ASSEMBLY_USAGE_OCCURRENCE('37','','',#5,#6057,$);
#6219 = PRODUCT_RELATED_PRODUCT_CATEGORY('part',$,(#6059));
#6220 = SHAPE_DEFINITION_REPRESENTATION(#6221,#6227);
#6221 = PRODUCT_DEFINITION_SHAPE('','',#6222);
#6222 = PRODUCT_DEFINITION('design','',#6223,#6226);
#6223 = PRODUCT_DEFINITION_FORMATION('','',#6224);
#6224 = PRODUCT('Open CASCADE STEP translator 7.8 2.38',
  'Open CASCADE STEP translator 7.8 2.38','',(#6225));
#6225 = PRODUCT_CONTEXT('',#2,'mechanical');
#6226 = PRODUCT_DEFINITION_CONTEXT('part definition',#2,'design');
#6227 = MANIFOLD_SURFACE_SHAPE_REPRESENTATION('',(#11,#6228),#6370);
#6228 = SHELL_BASED_SURFACE_MODEL('',(#6229));
#6229 = OPEN_SHELL('',(#6230));
#6230 = ADVANCED_FACE('',(#6231),#6245,.T.);
#6231 = FACE_BOUND('',#6232,.T.);
#6232 = EDGE_LOOP('',(#6233,#6256,#6306,#6322));
#6233 = ORIENTED_EDGE('',*,*,#6234,.F.);
#6234 = EDGE_CURVE('',#6235,#6237,#6239,.T.);
#6235 = VERTEX_POINT('',#6236);
#6236 = CARTESIAN_POINT('',(7.504884128709,14.25,0.167695812113));
#6237 = VERTEX_POINT('',#6238);
#6238 = CARTESIAN_POINT('',(7.504884128709,14.25,-8.169521128619E-02));
#6239 = SURFACE_CURVE('',#6240,(#6244),.PCURVE_S1.);
#6240 = LINE('',#6241,#6242);
#6241 = CARTESIAN_POINT('',(7.504884128709,14.25,0.));
#6242 = VECTOR('',#6243,1.);
#6243 = DIRECTION('',(0.,0.,-1.));
#6244 = PCURVE('',#6245,#6250);
#6245 = PLANE('',#6246);
#6246 = AXIS2_PLACEMENT_3D('',#6247,#6248,#6249);
#6247 = CARTESIAN_POINT('',(7.834835249732,14.431978077548,0.));
#6248 = DIRECTION('',(-0.482947288124,0.875649425794,0.));
#6249 = DIRECTION('',(0.875649425794,0.482947288124,0.));
#6250 = DEFINITIONAL_REPRESENTATION('',(#6251),#6255);
#6251 = LINE('',#6252,#6253);
#6252 = CARTESIAN_POINT('',(-0.376807328714,0.));
#6253 = VECTOR('',#6254,1.);
#6254 = DIRECTION('',(0.,1.));
#6255 = ( GEOMETRIC_REPRESENTATION_CONTEXT(2) 
PARAMETRIC_REPRESENTATION_CONTEXT() REPRESENTATION_CONTEXT('2D SPACE',''
  ) );
#6256 = ORIENTED_EDGE('',*,*,#6257,.F.);
#6257 = EDGE_CURVE('',#6258,#6235,#6260,.T.);
#6258 = VERTEX_POINT('',#6259);
#6259 = CARTESIAN_POINT('',(8.164786370756,14.613956155096,
    0.119953878253));
#6260 = SURFACE_CURVE('',#6261,(#6282),.PCURVE_S1.);
#6261 = B_SPLINE_CURVE_WITH_KNOTS('',7,(#6262,#6263,#6264,#6265,#6266,
    #6267,#6268,#6269,#6270,#6271,#6272,#6273,#6274,#6275,#6276,#6277,
    #6278,#6279,#6280,#6281),.UNSPECIFIED.,.F.,.F.,(8,6,6,8),(0.,
    0.481044134074,0.792719874526,1.),.UNSPECIFIED.);
#6262 = CARTESIAN_POINT('',(8.164786370756,14.613956155096,
    0.119953878253));
#6263 = CARTESIAN_POINT('',(8.11966891023,14.589072503527,0.124605713212
    ));
#6264 = CARTESIAN_POINT('',(8.074492951542,14.564156588442,
    0.129058858839));
#6265 = CARTESIAN_POINT('',(8.029266721002,14.539212946903,
    0.133309224063));
#6266 = CARTESIAN_POINT('',(7.983997057502,14.514245350764,
    0.137351913774));
#6267 = CARTESIAN_POINT('',(7.938689721517,14.489256977105,
    0.141181093239));
#6268 = CARTESIAN_POINT('',(7.893349704113,14.46425057865,0.144789852514
    ));
#6269 = CARTESIAN_POINT('',(7.81858681642,14.423016572437,0.150360165238
    ));
#6270 = CARTESIAN_POINT('',(7.789180320923,14.406797995875,
    0.152454403283));
#6271 = CARTESIAN_POINT('',(7.759763500931,14.390573725041,
    0.154449754619));
#6272 = CARTESIAN_POINT('',(7.730337193319,14.374344221495,0.15634539865
    ));
#6273 = CARTESIAN_POINT('',(7.700902588941,14.358110142031,
    0.158138825535));
#6274 = CARTESIAN_POINT('',(7.67146130622,14.341872379257,0.159825393606
    ));
#6275 = CARTESIAN_POINT('',(7.622431001163,14.314830674934,
    0.162449429428));
#6276 = CARTESIAN_POINT('',(7.602845021707,14.304028411625,
    0.163448371918));
#6277 = CARTESIAN_POINT('',(7.583256985354,14.293225013875,
    0.164401238145));
#6278 = CARTESIAN_POINT('',(7.563666264501,14.282420135542,
    0.165296351497));
#6279 = CARTESIAN_POINT('',(7.544074569134,14.271614719734,
    0.166159326455));
#6280 = CARTESIAN_POINT('',(7.524480424116,14.26080795287,0.16695903916)
  );
#6281 = CARTESIAN_POINT('',(7.504884128709,14.25,0.167695812113));
#6282 = PCURVE('',#6245,#6283);
#6283 = DEFINITIONAL_REPRESENTATION('',(#6284),#6305);
#6284 = B_SPLINE_CURVE_WITH_KNOTS('',7,(#6285,#6286,#6287,#6288,#6289,
    #6290,#6291,#6292,#6293,#6294,#6295,#6296,#6297,#6298,#6299,#6300,
    #6301,#6302,#6303,#6304),.UNSPECIFIED.,.F.,.F.,(8,6,6,8),(0.,
    0.481044134074,0.792719874526,1.),.UNSPECIFIED.);
#6285 = CARTESIAN_POINT('',(0.376807328714,-0.119953878253));
#6286 = CARTESIAN_POINT('',(0.325282758268,-0.124605713212));
#6287 = CARTESIAN_POINT('',(0.273691382361,-0.129058858839));
#6288 = CARTESIAN_POINT('',(0.222042595521,-0.133309224063));
#6289 = CARTESIAN_POINT('',(0.170344207825,-0.137351913774));
#6290 = CARTESIAN_POINT('',(0.118602797792,-0.141181093239));
#6291 = CARTESIAN_POINT('',(6.682406526791E-02,-0.144789852514));
#6292 = CARTESIAN_POINT('',(-1.855586589041E-02,-0.150360165238));
#6293 = CARTESIAN_POINT('',(-5.213836435505E-02,-0.152454403283));
#6294 = CARTESIAN_POINT('',(-8.573265349084E-02,-0.154449754619));
#6295 = CARTESIAN_POINT('',(-0.11933777758,-0.15634539865));
#6296 = CARTESIAN_POINT('',(-0.152952376654,-0.158138825535));
#6297 = CARTESIAN_POINT('',(-0.186574602461,-0.159825393606));
#6298 = CARTESIAN_POINT('',(-0.242567678699,-0.162449429428));
#6299 = CARTESIAN_POINT('',(-0.264935054134,-0.163448371918));
#6300 = CARTESIAN_POINT('',(-0.287304778565,-0.164401238145));
#6301 = CARTESIAN_POINT('',(-0.30967756872,-0.165296351497));
#6302 = CARTESIAN_POINT('',(-0.33205147178,-0.166159326455));
#6303 = CARTESIAN_POINT('',(-0.354428172364,-0.16695903916));
#6304 = CARTESIAN_POINT('',(-0.376807328714,-0.167695812113));
#6305 = ( GEOMETRIC_REPRESENTATION_CONTEXT(2) 
PARAMETRIC_REPRESENTATION_CONTEXT() REPRESENTATION_CONTEXT('2D SPACE',''
  ) );
#6306 = ORIENTED_EDGE('',*,*,#6307,.T.);
#6307 = EDGE_CURVE('',#6258,#6308,#6310,.T.);
#6308 = VERTEX_POINT('',#6309);
#6309 = CARTESIAN_POINT('',(8.164786370756,14.613956155096,
    -5.085724639308E-02));
#6310 = SURFACE_CURVE('',#6311,(#6315),.PCURVE_S1.);
#6311 = LINE('',#6312,#6313);
#6312 = CARTESIAN_POINT('',(8.164786370756,14.613956155096,0.));
#6313 = VECTOR('',#6314,1.);
#6314 = DIRECTION('',(0.,0.,-1.));
#6315 = PCURVE('',#6245,#6316);
#6316 = DEFINITIONAL_REPRESENTATION('',(#6317),#6321);
#6317 = LINE('',#6318,#6319);
#6318 = CARTESIAN_POINT('',(0.376807328714,0.));
#6319 = VECTOR('',#6320,1.);
#6320 = DIRECTION('',(0.,1.));
#6321 = ( GEOMETRIC_REPRESENTATION_CONTEXT(2) 
PARAMETRIC_REPRESENTATION_CONTEXT() REPRESENTATION_CONTEXT('2D SPACE',''
  ) );
#6322 = ORIENTED_EDGE('',*,*,#6323,.F.);
#6323 = EDGE_CURVE('',#6237,#6308,#6324,.T.);
#6324 = SURFACE_CURVE('',#6325,(#6346),.PCURVE_S1.);
#6325 = B_SPLINE_CURVE_WITH_KNOTS('',7,(#6326,#6327,#6328,#6329,#6330,
    #6331,#6332,#6333,#6334,#6335,#6336,#6337,#6338,#6339,#6340,#6341,
    #6342,#6343,#6344,#6345),.UNSPECIFIED.,.F.,.F.,(8,6,6,8),(0.,
    0.184229415318,0.373904609559,1.),.UNSPECIFIED.);
#6326 = CARTESIAN_POINT('',(7.504884128709,14.25,-8.169521128619E-02));
#6327 = CARTESIAN_POINT('',(7.522274395279,14.259591260877,
    -8.109802156507E-02));
#6328 = CARTESIAN_POINT('',(7.539666174297,14.269183355916,
    -8.048832083336E-02));
#6329 = CARTESIAN_POINT('',(7.557059221341,14.278776150309,
    -7.986719486986E-02));
#6330 = CARTESIAN_POINT('',(7.574452069844,14.288368835201,
    -7.921819720391E-02));
#6331 = CARTESIAN_POINT('',(7.591845115512,14.297961628834,
    -7.855134489511E-02));
#6332 = CARTESIAN_POINT('',(7.609237734953,14.307554187392,
    -7.786774340399E-02));
#6333 = CARTESIAN_POINT('',(7.644535661658,14.327022067432,
    -7.644730585372E-02));
#6334 = CARTESIAN_POINT('',(7.662440902647,14.336897352362,
    -7.570991530846E-02));
#6335 = CARTESIAN_POINT('',(7.680345048723,14.346772033415,
    -7.495703401811E-02));
#6336 = CARTESIAN_POINT('',(7.698247931224,14.356646017567,
    -7.418929215156E-02));
#6337 = CARTESIAN_POINT('',(7.716149441551,14.366519244924,
    -7.340702166313E-02));
#6338 = CARTESIAN_POINT('',(7.734049437795,14.376391637219,
    -7.261066486682E-02));
#6339 = CARTESIAN_POINT('',(7.811027538252,14.418847400639,
    -6.912917911032E-02));
#6340 = CARTESIAN_POINT('',(7.870087624929,14.451420834546,
    -6.631374269646E-02));
#6341 = CARTESIAN_POINT('',(7.929120437938,14.483979226196,
    -6.338249868956E-02));
#6342 = CARTESIAN_POINT('',(7.988118021105,14.516518187517,
    -6.035505088219E-02));
#6343 = CARTESIAN_POINT('',(8.04707059802,14.54903232652,
    -5.724869546832E-02));
#6344 = CARTESIAN_POINT('',(8.105965501598,14.581514656925,
    -5.407928551736E-02));
#6345 = CARTESIAN_POINT('',(8.164786370756,14.613956155096,
    -5.085724639308E-02));
#6346 = PCURVE('',#6245,#6347);
#6347 = DEFINITIONAL_REPRESENTATION('',(#6348),#6369);
#6348 = B_SPLINE_CURVE_WITH_KNOTS('',7,(#6349,#6350,#6351,#6352,#6353,
    #6354,#6355,#6356,#6357,#6358,#6359,#6360,#6361,#6362,#6363,#6364,
    #6365,#6366,#6367,#6368),.UNSPECIFIED.,.F.,.F.,(8,6,6,8),(0.,
    0.184229415318,0.373904609559,1.),.UNSPECIFIED.);
#6349 = CARTESIAN_POINT('',(-0.376807328714,8.169521128619E-02));
#6350 = CARTESIAN_POINT('',(-0.356947478347,8.109802156507E-02));
#6351 = CARTESIAN_POINT('',(-0.33708590075,8.048832083336E-02));
#6352 = CARTESIAN_POINT('',(-0.317222875055,7.986719486986E-02));
#6353 = CARTESIAN_POINT('',(-0.297360076096,7.921819720391E-02));
#6354 = CARTESIAN_POINT('',(-0.277497051974,7.855134489511E-02));
#6355 = CARTESIAN_POINT('',(-0.257634514606,7.786774340399E-02));
#6356 = CARTESIAN_POINT('',(-0.217323945484,7.644730585372E-02));
#6357 = CARTESIAN_POINT('',(-0.196875989416,7.570991530846E-02));
#6358 = CARTESIAN_POINT('',(-0.176429283751,7.495703401811E-02));
#6359 = CARTESIAN_POINT('',(-0.155984021099,7.418929215156E-02));
#6360 = CARTESIAN_POINT('',(-0.135540325483,7.340702166313E-02));
#6361 = CARTESIAN_POINT('',(-0.115098358964,7.261066486682E-02));
#6362 = CARTESIAN_POINT('',(-2.718863369144E-02,6.912917911032E-02));
#6363 = CARTESIAN_POINT('',(4.025854886533E-02,6.631374269646E-02));
#6364 = CARTESIAN_POINT('',(0.107674584632,6.338249868956E-02));
#6365 = CARTESIAN_POINT('',(0.175050387584,6.035505088219E-02));
#6366 = CARTESIAN_POINT('',(0.242374792966,5.724869546832E-02));
#6367 = CARTESIAN_POINT('',(0.309633334847,5.407928551736E-02));
#6368 = CARTESIAN_POINT('',(0.376807328714,5.085724639308E-02));
#6369 = ( GEOMETRIC_REPRESENTATION_CONTEXT(2) 
PARAMETRIC_REPRESENTATION_CONTEXT() REPRESENTATION_CONTEXT('2D SPACE',''
  ) );
#6370 = ( GEOMETRIC_REPRESENTATION_CONTEXT(3) 
GLOBAL_UNCERTAINTY_ASSIGNED_CONTEXT((#6374)) 
GLOBAL_UNIT_ASSIGNED_CONTEXT((#6371,#6372,#6373)) REPRESENTATION_CONTEXT
('Context #1','3D Context with UNIT and UNCERTAINTY') );
#6371 = ( LENGTH_UNIT() NAMED_UNIT(*) SI_UNIT(.MILLI.,.METRE.) );
#6372 = ( NAMED_UNIT(*) PLANE_ANGLE_UNIT() SI_UNIT($,.RADIAN.) );
#6373 = ( NAMED_UNIT(*) SI_UNIT($,.STERADIAN.) SOLID_ANGLE_UNIT() );
#6374 = UNCERTAINTY_MEASURE_WITH_UNIT(LENGTH_MEASURE(5.E-06),#6371,
  'distance_accuracy_value','confusion accuracy');
#6375 = CONTEXT_DEPENDENT_SHAPE_REPRESENTATION(#6376,#6378);
#6376 = ( REPRESENTATION_RELATIONSHIP('','',#6227,#10) 
REPRESENTATION_RELATIONSHIP_WITH_TRANSFORMATION(#6377) 
SHAPE_REPRESENTATION_RELATIONSHIP() );
#6377 = ITEM_DEFINED_TRANSFORMATION('','',#11,#163);
#6378 = PRODUCT_DEFINITION_SHAPE('Placement','Placement of an item',
  #6379);
#6379 = NEXT_ASSEMBLY_USAGE_OCCURRENCE('38','','',#5,#6222,$);
#6380 = PRODUCT_RELATED_PRODUCT_CATEGORY('part',$,(#6224));
#6381 = SHAPE_DEFINITION_REPRESENTATION(#6382,#6388);
#6382 = PRODUCT_DEFINITION_SHAPE('','',#6383);
#6383 = PRODUCT_DEFINITION('design','',#6384,#6387);
#6384 = PRODUCT_DEFINITION_FORMATION('','',#6385);
#6385 = PRODUCT('Open CASCADE STEP translator 7.8 2.39',
  'Open CASCADE STEP translator 7.8 2.39','',(#6386));
#6386 = PRODUCT_CONTEXT('',#2,'mechanical');
#6387 = PRODUCT_DEFINITION_CONTEXT('part definition',#2,'design');
#6388 = MANIFOLD_SURFACE_SHAPE_REPRESENTATION('',(#11,#6389),#6535);
#6389 = SHELL_BASED_SURFACE_MODEL('',(#6390));
#6390 = OPEN_SHELL('',(#6391));
#6391 = ADVANCED_FACE('',(#6392),#6406,.T.);
#6392 = FACE_BOUND('',#6393,.T.);
#6393 = EDGE_LOOP('',(#6394,#6417,#6471,#6487));
#6394 = ORIENTED_EDGE('',*,*,#6395,.F.);
#6395 = EDGE_CURVE('',#6396,#6398,#6400,.T.);
#6396 = VERTEX_POINT('',#6397);
#6397 = CARTESIAN_POINT('',(7.504884128709,14.25,0.167695812113));
#6398 = VERTEX_POINT('',#6399);
#6399 = CARTESIAN_POINT('',(7.504884128709,14.25,-8.169521128619E-02));
#6400 = SURFACE_CURVE('',#6401,(#6405),.PCURVE_S1.);
#6401 = LINE('',#6402,#6403);
#6402 = CARTESIAN_POINT('',(7.504884128709,14.25,0.));
#6403 = VECTOR('',#6404,1.);
#6404 = DIRECTION('',(-0.,0.,-1.));
#6405 = PCURVE('',#6406,#6411);
#6406 = PLANE('',#6407);
#6407 = AXIS2_PLACEMENT_3D('',#6408,#6409,#6410);
#6408 = CARTESIAN_POINT('',(7.292168365664,14.378429413942,0.));
#6409 = DIRECTION('',(-0.516861003485,-0.856069333101,0.));
#6410 = DIRECTION('',(-0.856069333101,0.516861003485,0.));
#6411 = DEFINITIONAL_REPRESENTATION('',(#6412),#6416);
#6412 = LINE('',#6413,#6414);
#6413 = CARTESIAN_POINT('',(-0.248479597177,0.));
#6414 = VECTOR('',#6415,1.);
#6415 = DIRECTION('',(0.,1.));
#6416 = ( GEOMETRIC_REPRESENTATION_CONTEXT(2) 
PARAMETRIC_REPRESENTATION_CONTEXT() REPRESENTATION_CONTEXT('2D SPACE',''
  ) );
#6417 = ORIENTED_EDGE('',*,*,#6418,.F.);
#6418 = EDGE_CURVE('',#6419,#6396,#6421,.T.);
#6419 = VERTEX_POINT('',#6420);
#6420 = CARTESIAN_POINT('',(7.07945260262,14.506858827885,0.138662899252
    ));
#6421 = SURFACE_CURVE('',#6422,(#6445),.PCURVE_S1.);
#6422 = B_SPLINE_CURVE_WITH_KNOTS('',6,(#6423,#6424,#6425,#6426,#6427,
    #6428,#6429,#6430,#6431,#6432,#6433,#6434,#6435,#6436,#6437,#6438,
    #6439,#6440,#6441,#6442,#6443,#6444),.UNSPECIFIED.,.F.,.F.,(7,5,5,5,
    7),(0.,0.461717492869,0.723131017425,0.856774478433,1.),
  .UNSPECIFIED.);
#6423 = CARTESIAN_POINT('',(7.07945260262,14.506858827885,0.138662899252
    ));
#6424 = CARTESIAN_POINT('',(7.110874839006,14.487887317048,0.14524463407
    ));
#6425 = CARTESIAN_POINT('',(7.142782450329,14.468622755908,
    0.150781769823));
#6426 = CARTESIAN_POINT('',(7.175030408978,14.449152706435,
    0.155401098765));
#6427 = CARTESIAN_POINT('',(7.20753042356,14.429530475501,0.159183479433
    ));
#6428 = CARTESIAN_POINT('',(7.240221577041,14.409792842414,
    0.162199710536));
#6429 = CARTESIAN_POINT('',(7.291668306879,14.378731329775,
    0.165812369813));
#6430 = CARTESIAN_POINT('',(7.310315228161,14.367473051885,
    0.166890468169));
#6431 = CARTESIAN_POINT('',(7.329002810728,14.356190224309,
    0.167752166347));
#6432 = CARTESIAN_POINT('',(7.347726180476,14.34488578984,0.168404149931
    ));
#6433 = CARTESIAN_POINT('',(7.366477754274,14.333564326875,
    0.168857365708));
#6434 = CARTESIAN_POINT('',(7.394852789075,14.316432596542,
    0.169250616905));
#6435 = CARTESIAN_POINT('',(7.4044582268,14.310633210921,0.169333284818)
  );
#6436 = CARTESIAN_POINT('',(7.414069430851,14.304830343818,
    0.169366638628));
#6437 = CARTESIAN_POINT('',(7.423686258822,14.299024081214,
    0.169351606859));
#6438 = CARTESIAN_POINT('',(7.433308426052,14.293214594975,
    0.169289082016));
#6439 = CARTESIAN_POINT('',(7.453251369334,14.281173829959,
    0.169063110641));
#6440 = CARTESIAN_POINT('',(7.463572721986,14.274942203054,
    0.168892449247));
#6441 = CARTESIAN_POINT('',(7.473897884851,14.268708275691,
    0.168670472495));
#6442 = CARTESIAN_POINT('',(7.484225258689,14.262473013431,
    0.168395529814));
#6443 = CARTESIAN_POINT('',(7.494553787394,14.256237053907,
    0.168067898482));
#6444 = CARTESIAN_POINT('',(7.504884128709,14.25,0.167695812113));
#6445 = PCURVE('',#6406,#6446);
#6446 = DEFINITIONAL_REPRESENTATION('',(#6447),#6470);
#6447 = B_SPLINE_CURVE_WITH_KNOTS('',6,(#6448,#6449,#6450,#6451,#6452,
    #6453,#6454,#6455,#6456,#6457,#6458,#6459,#6460,#6461,#6462,#6463,
    #6464,#6465,#6466,#6467,#6468,#6469),.UNSPECIFIED.,.F.,.F.,(7,5,5,5,
    7),(0.,0.461717492869,0.723131017425,0.856774478433,1.),
  .UNSPECIFIED.);
#6448 = CARTESIAN_POINT('',(0.248479597177,-0.138662899252));
#6449 = CARTESIAN_POINT('',(0.211774350101,-0.14524463407));
#6450 = CARTESIAN_POINT('',(0.174502122152,-0.150781769823));
#6451 = CARTESIAN_POINT('',(0.136832324389,-0.155401098765));
#6452 = CARTESIAN_POINT('',(9.886809260861E-02,-0.159183479433));
#6453 = CARTESIAN_POINT('',(6.068058580656E-02,-0.162199710536));
#6454 = CARTESIAN_POINT('',(5.841335114668E-04,-0.165812369813));
#6455 = CARTESIAN_POINT('',(-2.119788876302E-02,-0.166890468169));
#6456 = CARTESIAN_POINT('',(-4.302740869186E-02,-0.167752166347));
#6457 = CARTESIAN_POINT('',(-6.48987326887E-02,-0.168404149931));
#6458 = CARTESIAN_POINT('',(-8.680300267289E-02,-0.168857365708));
#6459 = CARTESIAN_POINT('',(-0.119948723123,-0.169250616905));
#6460 = CARTESIAN_POINT('',(-0.131169120063,-0.169333284818));
#6461 = CARTESIAN_POINT('',(-0.142396252819,-0.169366638628));
#6462 = CARTESIAN_POINT('',(-0.153629955043,-0.169351606859));
#6463 = CARTESIAN_POINT('',(-0.164869894213,-0.169289082016));
#6464 = CARTESIAN_POINT('',(-0.188165838258,-0.169063110641));
#6465 = CARTESIAN_POINT('',(-0.200222516675,-0.168892449247));
#6466 = CARTESIAN_POINT('',(-0.212283645915,-0.168670472495));
#6467 = CARTESIAN_POINT('',(-0.224347357858,-0.168395529814));
#6468 = CARTESIAN_POINT('',(-0.236412418835,-0.168067898482));
#6469 = CARTESIAN_POINT('',(-0.248479597177,-0.167695812113));
#6470 = ( GEOMETRIC_REPRESENTATION_CONTEXT(2) 
PARAMETRIC_REPRESENTATION_CONTEXT() REPRESENTATION_CONTEXT('2D SPACE',''
  ) );
#6471 = ORIENTED_EDGE('',*,*,#6472,.T.);
#6472 = EDGE_CURVE('',#6419,#6473,#6475,.T.);
#6473 = VERTEX_POINT('',#6474);
#6474 = CARTESIAN_POINT('',(7.07945260262,14.506858827885,
    -8.60875341256E-02));
#6475 = SURFACE_CURVE('',#6476,(#6480),.PCURVE_S1.);
#6476 = LINE('',#6477,#6478);
#6477 = CARTESIAN_POINT('',(7.07945260262,14.506858827885,0.));
#6478 = VECTOR('',#6479,1.);
#6479 = DIRECTION('',(-0.,0.,-1.));
#6480 = PCURVE('',#6406,#6481);
#6481 = DEFINITIONAL_REPRESENTATION('',(#6482),#6486);
#6482 = LINE('',#6483,#6484);
#6483 = CARTESIAN_POINT('',(0.248479597177,0.));
#6484 = VECTOR('',#6485,1.);
#6485 = DIRECTION('',(0.,1.));
#6486 = ( GEOMETRIC_REPRESENTATION_CONTEXT(2) 
PARAMETRIC_REPRESENTATION_CONTEXT() REPRESENTATION_CONTEXT('2D SPACE',''
  ) );
#6487 = ORIENTED_EDGE('',*,*,#6488,.T.);
#6488 = EDGE_CURVE('',#6473,#6398,#6489,.T.);
#6489 = SURFACE_CURVE('',#6490,(#6511),.PCURVE_S1.);
#6490 = B_SPLINE_CURVE_WITH_KNOTS('',7,(#6491,#6492,#6493,#6494,#6495,
    #6496,#6497,#6498,#6499,#6500,#6501,#6502,#6503,#6504,#6505,#6506,
    #6507,#6508,#6509,#6510),.UNSPECIFIED.,.F.,.F.,(8,6,6,8),(0.,
    0.571175394108,0.83749178016,1.),.UNSPECIFIED.);
#6491 = CARTESIAN_POINT('',(7.07945260262,14.506858827885,
    -8.60875341256E-02));
#6492 = CARTESIAN_POINT('',(7.113028350967,14.4865871112,
    -8.807407310074E-02));
#6493 = CARTESIAN_POINT('',(7.147036561201,14.466054291031,
    -8.925190240835E-02));
#6494 = CARTESIAN_POINT('',(7.181340798819,14.445342741168,
    -8.982383397092E-02));
#6495 = CARTESIAN_POINT('',(7.215862985377,14.424499602304,
    -8.991356454364E-02));
#6496 = CARTESIAN_POINT('',(7.250545399959,14.40355972406,
    -8.962098732465E-02));
#6497 = CARTESIAN_POINT('',(7.285359662037,14.382540241481,
    -8.902280387089E-02));
#6498 = CARTESIAN_POINT('',(7.336579609701,14.351615651002,
    -8.778989598666E-02));
#6499 = CARTESIAN_POINT('',(7.352890983683,14.341767484739,
    -8.734511743856E-02));
#6500 = CARTESIAN_POINT('',(7.369222936977,14.331906893497,
    -8.685385876757E-02));
#6501 = CARTESIAN_POINT('',(7.385575068487,14.322034119441,
    -8.632226971927E-02));
#6502 = CARTESIAN_POINT('',(7.401945401003,14.312150356335,
    -8.575554277741E-02));
#6503 = CARTESIAN_POINT('',(7.418330227691,14.302257842216,
    -8.515793549935E-02));
#6504 = CARTESIAN_POINT('',(7.444734360858,14.286316064796,
    -8.415275412289E-02));
#6505 = CARTESIAN_POINT('',(7.454745484621,14.280271741896,
    -8.376198202153E-02));
#6506 = CARTESIAN_POINT('',(7.46476191548,14.27422421478,
    -8.336242284263E-02));
#6507 = CARTESIAN_POINT('',(7.474783676272,14.26817346966,
    -8.295469326196E-02));
#6508 = CARTESIAN_POINT('',(7.484811339551,14.26211916085,
    -8.254116509896E-02));
#6509 = CARTESIAN_POINT('',(7.494845397443,14.256060991225,
    -8.212345577898E-02));
#6510 = CARTESIAN_POINT('',(7.504884128709,14.25,-8.169521128619E-02));
#6511 = PCURVE('',#6406,#6512);
#6512 = DEFINITIONAL_REPRESENTATION('',(#6513),#6534);
#6513 = B_SPLINE_CURVE_WITH_KNOTS('',7,(#6514,#6515,#6516,#6517,#6518,
    #6519,#6520,#6521,#6522,#6523,#6524,#6525,#6526,#6527,#6528,#6529,
    #6530,#6531,#6532,#6533),.UNSPECIFIED.,.F.,.F.,(8,6,6,8),(0.,
    0.571175394108,0.83749178016,1.),.UNSPECIFIED.);
#6514 = CARTESIAN_POINT('',(0.248479597177,8.60875341256E-02));
#6515 = CARTESIAN_POINT('',(0.209258768853,8.807407310074E-02));
#6516 = CARTESIAN_POINT('',(0.169532768961,8.925190240835E-02));
#6517 = CARTESIAN_POINT('',(0.129460970695,8.982383397092E-02));
#6518 = CARTESIAN_POINT('',(8.913457980227E-02,8.991356454364E-02));
#6519 = CARTESIAN_POINT('',(4.862102179833E-02,8.962098732465E-02));
#6520 = CARTESIAN_POINT('',(7.953448820471E-03,8.902280387089E-02));
#6521 = CARTESIAN_POINT('',(-5.187809248524E-02,8.778989598666E-02));
#6522 = CARTESIAN_POINT('',(-7.093189262903E-02,8.734511743856E-02));
#6523 = CARTESIAN_POINT('',(-9.000973207777E-02,8.685385876757E-02));
#6524 = CARTESIAN_POINT('',(-0.109111142301,8.632226971927E-02));
#6525 = CARTESIAN_POINT('',(-0.128233813657,8.575554277741E-02));
#6526 = CARTESIAN_POINT('',(-0.147373416088,8.515793549935E-02));
#6527 = CARTESIAN_POINT('',(-0.178216867833,8.415275412289E-02));
#6528 = CARTESIAN_POINT('',(-0.189911158677,8.376198202153E-02));
#6529 = CARTESIAN_POINT('',(-0.201611648896,8.336242284263E-02));
#6530 = CARTESIAN_POINT('',(-0.213318365169,8.295469326196E-02));
#6531 = CARTESIAN_POINT('',(-0.22503197631,8.254116509896E-02));
#6532 = CARTESIAN_POINT('',(-0.23675305719,8.212345577898E-02));
#6533 = CARTESIAN_POINT('',(-0.248479597177,8.169521128619E-02));
#6534 = ( GEOMETRIC_REPRESENTATION_CONTEXT(2) 
PARAMETRIC_REPRESENTATION_CONTEXT() REPRESENTATION_CONTEXT('2D SPACE',''
  ) );
#6535 = ( GEOMETRIC_REPRESENTATION_CONTEXT(3) 
GLOBAL_UNCERTAINTY_ASSIGNED_CONTEXT((#6539)) 
GLOBAL_UNIT_ASSIGNED_CONTEXT((#6536,#6537,#6538)) REPRESENTATION_CONTEXT
('Context #1','3D Context with UNIT and UNCERTAINTY') );
#6536 = ( LENGTH_UNIT() NAMED_UNIT(*) SI_UNIT(.MILLI.,.METRE.) );
#6537 = ( NAMED_UNIT(*) PLANE_ANGLE_UNIT() SI_UNIT($,.RADIAN.) );
#6538 = ( NAMED_UNIT(*) SI_UNIT($,.STERADIAN.) SOLID_ANGLE_UNIT() );
#6539 = UNCERTAINTY_MEASURE_WITH_UNIT(LENGTH_MEASURE(5.E-06),#6536,
  'distance_accuracy_value','confusion accuracy');
#6540 = CONTEXT_DEPENDENT_SHAPE_REPRESENTATION(#6541,#6543);
#6541 = ( REPRESENTATION_RELATIONSHIP('','',#6388,#10) 
REPRESENTATION_RELATIONSHIP_WITH_TRANSFORMATION(#6542) 
SHAPE_REPRESENTATION_RELATIONSHIP() );
#6542 = ITEM_DEFINED_TRANSFORMATION('','',#11,#167);
#6543 = PRODUCT_DEFINITION_SHAPE('Placement','Placement of an item',
  #6544);
#6544 = NEXT_ASSEMBLY_USAGE_OCCURRENCE('39','','',#5,#6383,$);
#6545 = PRODUCT_RELATED_PRODUCT_CATEGORY('part',$,(#6385));
#6546 = SHAPE_DEFINITION_REPRESENTATION(#6547,#6553);
#6547 = PRODUCT_DEFINITION_SHAPE('','',#6548);
#6548 = PRODUCT_DEFINITION('design','',#6549,#6552);
#6549 = PRODUCT_DEFINITION_FORMATION('','',#6550);
#6550 = PRODUCT('Open CASCADE STEP translator 7.8 2.40',
  'Open CASCADE STEP translator 7.8 2.40','',(#6551));
#6551 = PRODUCT_CONTEXT('',#2,'mechanical');
#6552 = PRODUCT_DEFINITION_CONTEXT('part definition',#2,'design');
#6553 = MANIFOLD_SURFACE_SHAPE_REPRESENTATION('',(#11,#6554),#6714);
#6554 = SHELL_BASED_SURFACE_MODEL('',(#6555));
#6555 = OPEN_SHELL('',(#6556));
#6556 = ADVANCED_FACE('',(#6557),#6571,.T.);
#6557 = FACE_BOUND('',#6558,.T.);
#6558 = EDGE_LOOP('',(#6559,#6582,#6638,#6654));
#6559 = ORIENTED_EDGE('',*,*,#6560,.F.);
#6560 = EDGE_CURVE('',#6561,#6563,#6565,.T.);
#6561 = VERTEX_POINT('',#6562);
#6562 = CARTESIAN_POINT('',(7.504884128709,14.25,0.167695812113));
#6563 = VERTEX_POINT('',#6564);
#6564 = CARTESIAN_POINT('',(7.504884128709,14.25,-8.169521128619E-02));
#6565 = SURFACE_CURVE('',#6566,(#6570),.PCURVE_S1.);
#6566 = LINE('',#6567,#6568);
#6567 = CARTESIAN_POINT('',(7.504884128709,14.25,0.));
#6568 = VECTOR('',#6569,1.);
#6569 = DIRECTION('',(0.,0.,-1.));
#6570 = PCURVE('',#6571,#6576);
#6571 = PLANE('',#6572);
#6572 = AXIS2_PLACEMENT_3D('',#6573,#6574,#6575);
#6573 = CARTESIAN_POINT('',(7.7569681879,14.200442874577,0.));
#6574 = DIRECTION('',(0.192897514943,0.981218909688,0.));
#6575 = DIRECTION('',(0.981218909688,-0.192897514943,0.));
#6576 = DEFINITIONAL_REPRESENTATION('',(#6577),#6581);
#6577 = LINE('',#6578,#6579);
#6578 = CARTESIAN_POINT('',(-0.256909092051,0.));
#6579 = VECTOR('',#6580,1.);
#6580 = DIRECTION('',(0.,1.));
#6581 = ( GEOMETRIC_REPRESENTATION_CONTEXT(2) 
PARAMETRIC_REPRESENTATION_CONTEXT() REPRESENTATION_CONTEXT('2D SPACE',''
  ) );
#6582 = ORIENTED_EDGE('',*,*,#6583,.T.);
#6583 = EDGE_CURVE('',#6561,#6584,#6586,.T.);
#6584 = VERTEX_POINT('',#6585);
#6585 = CARTESIAN_POINT('',(8.009052247092,14.150885749154,
    0.125302126996));
#6586 = SURFACE_CURVE('',#6587,(#6611),.PCURVE_S1.);
#6587 = B_SPLINE_CURVE_WITH_KNOTS('',8,(#6588,#6589,#6590,#6591,#6592,
    #6593,#6594,#6595,#6596,#6597,#6598,#6599,#6600,#6601,#6602,#6603,
    #6604,#6605,#6606,#6607,#6608,#6609,#6610),.UNSPECIFIED.,.F.,.F.,(9,
    7,7,9),(0.,0.19170473468,0.794261387805,1.),.UNSPECIFIED.);
#6588 = CARTESIAN_POINT('',(7.504884128709,14.25,0.167695812113));
#6589 = CARTESIAN_POINT('',(7.516985539794,14.247620987424,
    0.167253200459));
#6590 = CARTESIAN_POINT('',(7.529087739442,14.245241819825,
    0.166766561148));
#6591 = CARTESIAN_POINT('',(7.541190514124,14.242862539181,
    0.166235837536));
#6592 = CARTESIAN_POINT('',(7.553294582847,14.240483004141,
    0.165674651861));
#6593 = CARTESIAN_POINT('',(7.56539965226,14.238103272375,0.165082414802
    ));
#6594 = CARTESIAN_POINT('',(7.577505167893,14.235723452888,
    0.164453752469));
#6595 = CARTESIAN_POINT('',(7.589611322802,14.233343507726,
    0.163792539476));
#6596 = CARTESIAN_POINT('',(7.639770620115,14.22348270734,0.160914240716
    ));
#6597 = CARTESIAN_POINT('',(7.677827213649,14.21600117366,0.158398885732
    ));
#6598 = CARTESIAN_POINT('',(7.71587916199,14.208520553178,0.155572377427
    ));
#6599 = CARTESIAN_POINT('',(7.753909536998,14.20104417379,0.152470376313
    ));
#6600 = CARTESIAN_POINT('',(7.791923842824,14.193570953437,
    0.149072734521));
#6601 = CARTESIAN_POINT('',(7.829901363139,14.186104964737,
    0.145426212777));
#6602 = CARTESIAN_POINT('',(7.867840944445,14.178646434454,
    0.141523604969));
#6603 = CARTESIAN_POINT('',(7.918669398324,14.168654084791,
    0.135966770321));
#6604 = CARTESIAN_POINT('',(7.93160127886,14.166111810489,0.134524310676
    ));
#6605 = CARTESIAN_POINT('',(7.944527119889,14.163570723492,
    0.133054203931));
#6606 = CARTESIAN_POINT('',(7.957446553114,14.161030896202,
    0.131556842781));
#6607 = CARTESIAN_POINT('',(7.970359193239,14.158492404366,0.13003260332
    ));
#6608 = CARTESIAN_POINT('',(7.983264637972,14.15595532707,0.128481845041
    ));
#6609 = CARTESIAN_POINT('',(7.996162468019,14.153419746743,
    0.126904910836));
#6610 = CARTESIAN_POINT('',(8.009052247092,14.150885749154,
    0.125302126996));
#6611 = PCURVE('',#6571,#6612);
#6612 = DEFINITIONAL_REPRESENTATION('',(#6613),#6637);
#6613 = B_SPLINE_CURVE_WITH_KNOTS('',8,(#6614,#6615,#6616,#6617,#6618,
    #6619,#6620,#6621,#6622,#6623,#6624,#6625,#6626,#6627,#6628,#6629,
    #6630,#6631,#6632,#6633,#6634,#6635,#6636),.UNSPECIFIED.,.F.,.F.,(9,
    7,7,9),(0.,0.19170473468,0.794261387805,1.),.UNSPECIFIED.);
#6614 = CARTESIAN_POINT('',(-0.256909092051,-0.167695812113));
#6615 = CARTESIAN_POINT('',(-0.244576053047,-0.167253200459));
#6616 = CARTESIAN_POINT('',(-0.232242210386,-0.166766561148));
#6617 = CARTESIAN_POINT('',(-0.219907781685,-0.166235837536));
#6618 = CARTESIAN_POINT('',(-0.207572034173,-0.165674651861));
#6619 = CARTESIAN_POINT('',(-0.195235266818,-0.165082414802));
#6620 = CARTESIAN_POINT('',(-0.182898044703,-0.164453752469));
#6621 = CARTESIAN_POINT('',(-0.170560171075,-0.163792539476));
#6622 = CARTESIAN_POINT('',(-0.119440796165,-0.160914240716));
#6623 = CARTESIAN_POINT('',(-8.065577769618E-02,-0.158398885732));
#6624 = CARTESIAN_POINT('',(-4.187549333199E-02,-0.155572377427));
#6625 = CARTESIAN_POINT('',(-3.117195227132E-03,-0.152470376313));
#6626 = CARTESIAN_POINT('',(3.56247261228E-02,-0.149072734521));
#6627 = CARTESIAN_POINT('',(7.432915786507E-02,-0.145426212777));
#6628 = CARTESIAN_POINT('',(0.112994924425,-0.141523604969));
#6629 = CARTESIAN_POINT('',(0.16479626394,-0.135966770321));
#6630 = CARTESIAN_POINT('',(0.177975668055,-0.134524310676));
#6631 = CARTESIAN_POINT('',(0.191148917063,-0.133054203931));
#6632 = CARTESIAN_POINT('',(0.204315635618,-0.131556842781));
#6633 = CARTESIAN_POINT('',(0.21747543105,-0.13003260332));
#6634 = CARTESIAN_POINT('',(0.230627893365,-0.128481845041));
#6635 = CARTESIAN_POINT('',(0.243772595246,-0.126904910836));
#6636 = CARTESIAN_POINT('',(0.256909092051,-0.125302126996));
#6637 = ( GEOMETRIC_REPRESENTATION_CONTEXT(2) 
PARAMETRIC_REPRESENTATION_CONTEXT() REPRESENTATION_CONTEXT('2D SPACE',''
  ) );
#6638 = ORIENTED_EDGE('',*,*,#6639,.T.);
#6639 = EDGE_CURVE('',#6584,#6640,#6642,.T.);
#6640 = VERTEX_POINT('',#6641);
#6641 = CARTESIAN_POINT('',(8.009052247092,14.150885749154,
    -5.312476187897E-02));
#6642 = SURFACE_CURVE('',#6643,(#6647),.PCURVE_S1.);
#6643 = LINE('',#6644,#6645);
#6644 = CARTESIAN_POINT('',(8.009052247092,14.150885749154,0.));
#6645 = VECTOR('',#6646,1.);
#6646 = DIRECTION('',(0.,0.,-1.));
#6647 = PCURVE('',#6571,#6648);
#6648 = DEFINITIONAL_REPRESENTATION('',(#6649),#6653);
#6649 = LINE('',#6650,#6651);
#6650 = CARTESIAN_POINT('',(0.256909092051,0.));
#6651 = VECTOR('',#6652,1.);
#6652 = DIRECTION('',(0.,1.));
#6653 = ( GEOMETRIC_REPRESENTATION_CONTEXT(2) 
PARAMETRIC_REPRESENTATION_CONTEXT() REPRESENTATION_CONTEXT('2D SPACE',''
  ) );
#6654 = ORIENTED_EDGE('',*,*,#6655,.F.);
#6655 = EDGE_CURVE('',#6563,#6640,#6656,.T.);
#6656 = SURFACE_CURVE('',#6657,(#6684),.PCURVE_S1.);
#6657 = B_SPLINE_CURVE_WITH_KNOTS('',7,(#6658,#6659,#6660,#6661,#6662,
    #6663,#6664,#6665,#6666,#6667,#6668,#6669,#6670,#6671,#6672,#6673,
    #6674,#6675,#6676,#6677,#6678,#6679,#6680,#6681,#6682,#6683),
  .UNSPECIFIED.,.F.,.F.,(8,6,6,6,8),(0.,9.203503989459E-02,
    0.351742726376,0.613625831297,1.),.UNSPECIFIED.);
#6658 = CARTESIAN_POINT('',(7.504884128709,14.25,-8.169521128619E-02));
#6659 = CARTESIAN_POINT('',(7.511503983895,14.248698604764,
    -8.143222193644E-02));
#6660 = CARTESIAN_POINT('',(7.518125395772,14.247396903498,
    -8.116605879609E-02));
#6661 = CARTESIAN_POINT('',(7.524748224483,14.246094923698,
    -8.089609808619E-02));
#6662 = CARTESIAN_POINT('',(7.531372333007,14.244792692299,
    -8.062179026324E-02));
#6663 = CARTESIAN_POINT('',(7.537997587163,14.243490235681,
    -8.034266001916E-02));
#6664 = CARTESIAN_POINT('',(7.544623855604,14.242187579666,
    -8.005830628131E-02));
#6665 = CARTESIAN_POINT('',(7.5699517448,14.237208377944,
    -7.895034079696E-02));
#6666 = CARTESIAN_POINT('',(7.588659644476,14.233530597867,
    -7.80901384693E-02));
#6667 = CARTESIAN_POINT('',(7.607373133387,14.229851719004,
    -7.719233759727E-02));
#6668 = CARTESIAN_POINT('',(7.626089662107,14.226172242545,
    -7.626395607853E-02));
#6669 = CARTESIAN_POINT('',(7.644808346829,14.22249234224,
    -7.530718139311E-02));
#6670 = CARTESIAN_POINT('',(7.663529653895,14.218811926408,
    -7.432039547644E-02));
#6671 = CARTESIAN_POINT('',(7.701131431846,14.21141980478,
    -7.228618117536E-02));
#6672 = CARTESIAN_POINT('',(7.720011990677,14.207708081694,
    -7.123796695701E-02));
#6673 = CARTESIAN_POINT('',(7.738892856528,14.203996298252,
    -7.016522215239E-02));
#6674 = CARTESIAN_POINT('',(7.757773103161,14.200284636541,
    -6.907005179958E-02));
#6675 = CARTESIAN_POINT('',(7.776651827356,14.196573274125,
    -6.795433158042E-02));
#6676 = CARTESIAN_POINT('',(7.795528148909,14.192862384045,
    -6.681970782053E-02));
#6677 = CARTESIAN_POINT('',(7.842245937524,14.183678148765,
    -6.396780982407E-02));
#6678 = CARTESIAN_POINT('',(7.870083402823,14.178205590271,
    -6.222998979747E-02));
#6679 = CARTESIAN_POINT('',(7.897911026378,14.172734966563,
    -6.045938994389E-02));
#6680 = CARTESIAN_POINT('',(7.925724812472,14.167267063157,
    -5.865997064417E-02));
#6681 = CARTESIAN_POINT('',(7.953522760413,14.161802273368,
    -5.683575718315E-02));
#6682 = CARTESIAN_POINT('',(7.981299775524,14.156341598757,
    -5.498972512427E-02));
#6683 = CARTESIAN_POINT('',(8.009052247092,14.150885749154,
    -5.312476187897E-02));
#6684 = PCURVE('',#6571,#6685);
#6685 = DEFINITIONAL_REPRESENTATION('',(#6686),#6713);
#6686 = B_SPLINE_CURVE_WITH_KNOTS('',7,(#6687,#6688,#6689,#6690,#6691,
    #6692,#6693,#6694,#6695,#6696,#6697,#6698,#6699,#6700,#6701,#6702,
    #6703,#6704,#6705,#6706,#6707,#6708,#6709,#6710,#6711,#6712),
  .UNSPECIFIED.,.F.,.F.,(8,6,6,6,8),(0.,9.203503989459E-02,
    0.351742726376,0.613625831297,1.),.UNSPECIFIED.);
#6687 = CARTESIAN_POINT('',(-0.256909092051,8.169521128619E-02));
#6688 = CARTESIAN_POINT('',(-0.250162529056,8.143222193644E-02));
#6689 = CARTESIAN_POINT('',(-0.243414379575,8.116605879609E-02));
#6690 = CARTESIAN_POINT('',(-0.23666478614,8.089609808619E-02));
#6691 = CARTESIAN_POINT('',(-0.229913888395,8.062179026324E-02));
#6692 = CARTESIAN_POINT('',(-0.223161823091,8.034266001916E-02));
#6693 = CARTESIAN_POINT('',(-0.216408724088,8.005830628131E-02));
#6694 = CARTESIAN_POINT('',(-0.190596044628,7.895034079696E-02));
#6695 = CARTESIAN_POINT('',(-0.171530065068,7.80901384693E-02));
#6696 = CARTESIAN_POINT('',(-0.152458389291,7.719233759727E-02));
#6697 = CARTESIAN_POINT('',(-0.133383615522,7.626395607853E-02));
#6698 = CARTESIAN_POINT('',(-0.114306644485,7.530718139311E-02));
#6699 = CARTESIAN_POINT('',(-9.52270009095E-02,7.432039547644E-02));
#6700 = CARTESIAN_POINT('',(-5.690550345372E-02,7.228618117536E-02));
#6701 = CARTESIAN_POINT('',(-3.766355994442E-02,7.123796695701E-02));
#6702 = CARTESIAN_POINT('',(-1.84213035379E-02,7.016522215239E-02));
#6703 = CARTESIAN_POINT('',(8.203217988277E-04,6.907005179958E-02));
#6704 = CARTESIAN_POINT('',(2.006039555652E-02,6.795433158042E-02));
#6705 = CARTESIAN_POINT('',(3.929802068373E-02,6.681970782053E-02));
#6706 = CARTESIAN_POINT('',(8.691001445386E-02,6.396780982407E-02));
#6707 = CARTESIAN_POINT('',(0.115280304737,6.222998979747E-02));
#6708 = CARTESIAN_POINT('',(0.1436405649,6.045938994389E-02));
#6709 = CARTESIAN_POINT('',(0.171986722745,5.865997064417E-02));
#6710 = CARTESIAN_POINT('',(0.200316739284,5.683575718315E-02));
#6711 = CARTESIAN_POINT('',(0.228625422328,5.498972512427E-02));
#6712 = CARTESIAN_POINT('',(0.256909092051,5.312476187897E-02));
#6713 = ( GEOMETRIC_REPRESENTATION_CONTEXT(2) 
PARAMETRIC_REPRESENTATION_CONTEXT() REPRESENTATION_CONTEXT('2D SPACE',''
  ) );
#6714 = ( GEOMETRIC_REPRESENTATION_CONTEXT(3) 
GLOBAL_UNCERTAINTY_ASSIGNED_CONTEXT((#6718)) 
GLOBAL_UNIT_ASSIGNED_CONTEXT((#6715,#6716,#6717)) REPRESENTATION_CONTEXT
('Context #1','3D Context with UNIT and UNCERTAINTY') );
#6715 = ( LENGTH_UNIT() NAMED_UNIT(*) SI_UNIT(.MILLI.,.METRE.) );
#6716 = ( NAMED_UNIT(*) PLANE_ANGLE_UNIT() SI_UNIT($,.RADIAN.) );
#6717 = ( NAMED_UNIT(*) SI_UNIT($,.STERADIAN.) SOLID_ANGLE_UNIT() );
#6718 = UNCERTAINTY_MEASURE_WITH_UNIT(LENGTH_MEASURE(5.E-06),#6715,
  'distance_accuracy_value','confusion accuracy');
#6719 = CONTEXT_DEPENDENT_SHAPE_REPRESENTATION(#6720,#6722);
#6720 = ( REPRESENTATION_RELATIONSHIP('','',#6553,#10) 
REPRESENTATION_RELATIONSHIP_WITH_TRANSFORMATION(#6721) 
SHAPE_REPRESENTATION_RELATIONSHIP() );
#6721 = ITEM_DEFINED_TRANSFORMATION('','',#11,#171);
#6722 = PRODUCT_DEFINITION_SHAPE('Placement','Placement of an item',
  #6723);
#6723 = NEXT_ASSEMBLY_USAGE_OCCURRENCE('40','','',#5,#6548,$);
#6724 = PRODUCT_RELATED_PRODUCT_CATEGORY('part',$,(#6550));
#6725 = SHAPE_DEFINITION_REPRESENTATION(#6726,#6732);
#6726 = PRODUCT_DEFINITION_SHAPE('','',#6727);
#6727 = PRODUCT_DEFINITION('design','',#6728,#6731);
#6728 = PRODUCT_DEFINITION_FORMATION('','',#6729);
#6729 = PRODUCT('Open CASCADE STEP translator 7.8 2.41',
  'Open CASCADE STEP translator 7.8 2.41','',(#6730));
#6730 = PRODUCT_CONTEXT('',#2,'mechanical');
#6731 = PRODUCT_DEFINITION_CONTEXT('part definition',#2,'design');
#6732 = MANIFOLD_SURFACE_SHAPE_REPRESENTATION('',(#11,#6733),#6823);
#6733 = SHELL_BASED_SURFACE_MODEL('',(#6734));
#6734 = OPEN_SHELL('',(#6735));
#6735 = ADVANCED_FACE('',(#6736),#6750,.T.);
#6736 = FACE_BOUND('',#6737,.T.);
#6737 = EDGE_LOOP('',(#6738,#6761,#6785,#6801));
#6738 = ORIENTED_EDGE('',*,*,#6739,.F.);
#6739 = EDGE_CURVE('',#6740,#6742,#6744,.T.);
#6740 = VERTEX_POINT('',#6741);
#6741 = CARTESIAN_POINT('',(7.504884128709,14.25,0.167695812113));
#6742 = VERTEX_POINT('',#6743);
#6743 = CARTESIAN_POINT('',(7.504884128709,14.25,-8.169521128619E-02));
#6744 = SURFACE_CURVE('',#6745,(#6749),.PCURVE_S1.);
#6745 = LINE('',#6746,#6747);
#6746 = CARTESIAN_POINT('',(7.504884128709,14.25,0.));
#6747 = VECTOR('',#6748,1.);
#6748 = DIRECTION('',(0.,0.,-1.));
#6749 = PCURVE('',#6750,#6755);
#6750 = PLANE('',#6751);
#6751 = AXIS2_PLACEMENT_3D('',#6752,#6753,#6754);
#6752 = CARTESIAN_POINT('',(7.649749500517,14.625,0.));
#6753 = DIRECTION('',(-0.932815687716,0.360353843812,0.));
#6754 = DIRECTION('',(0.360353843812,0.932815687716,0.));
#6755 = DEFINITIONAL_REPRESENTATION('',(#6756),#6760);
#6756 = LINE('',#6757,#6758);
#6757 = CARTESIAN_POINT('',(-0.40200867646,0.));
#6758 = VECTOR('',#6759,1.);
#6759 = DIRECTION('',(0.,1.));
#6760 = ( GEOMETRIC_REPRESENTATION_CONTEXT(2) 
PARAMETRIC_REPRESENTATION_CONTEXT() REPRESENTATION_CONTEXT('2D SPACE',''
  ) );
#6761 = ORIENTED_EDGE('',*,*,#6762,.T.);
#6762 = EDGE_CURVE('',#6740,#6763,#6765,.T.);
#6763 = VERTEX_POINT('',#6764);
#6764 = CARTESIAN_POINT('',(7.794614872325,15.,0.155996104291));
#6765 = SURFACE_CURVE('',#6766,(#6774),.PCURVE_S1.);
#6766 = B_SPLINE_CURVE_WITH_KNOTS('',3,(#6767,#6768,#6769,#6770,#6771,
    #6772,#6773),.UNSPECIFIED.,.F.,.F.,(4,1,1,1,4),(0.,0.3,0.6,0.88,1.),
  .UNSPECIFIED.);
#6767 = CARTESIAN_POINT('',(7.504884128709,14.25,0.167695812113));
#6768 = CARTESIAN_POINT('',(7.53385720307,14.325,0.166525841331));
#6769 = CARTESIAN_POINT('',(7.591803351794,14.475,0.164185899766));
#6770 = CARTESIAN_POINT('',(7.676791036588,14.695,0.160753985472));
#6771 = CARTESIAN_POINT('',(7.744394876765,14.87,0.158024053647));
#6772 = CARTESIAN_POINT('',(7.78302564258,14.97,0.156464092604));
#6773 = CARTESIAN_POINT('',(7.794614872325,15.,0.155996104291));
#6774 = PCURVE('',#6750,#6775);
#6775 = DEFINITIONAL_REPRESENTATION('',(#6776),#6784);
#6776 = B_SPLINE_CURVE_WITH_KNOTS('',3,(#6777,#6778,#6779,#6780,#6781,
    #6782,#6783),.UNSPECIFIED.,.F.,.F.,(4,1,1,1,4),(0.,0.3,0.6,0.88,1.),
  .UNSPECIFIED.);
#6777 = CARTESIAN_POINT('',(-0.40200867646,-0.167695812113));
#6778 = CARTESIAN_POINT('',(-0.321606941168,-0.166525841331));
#6779 = CARTESIAN_POINT('',(-0.160803470584,-0.164185899766));
#6780 = CARTESIAN_POINT('',(7.504161960587E-02,-0.160753985472));
#6781 = CARTESIAN_POINT('',(0.262645668621,-0.158024053647));
#6782 = CARTESIAN_POINT('',(0.369847982343,-0.156464092604));
#6783 = CARTESIAN_POINT('',(0.40200867646,-0.155996104291));
#6784 = ( GEOMETRIC_REPRESENTATION_CONTEXT(2) 
PARAMETRIC_REPRESENTATION_CONTEXT() REPRESENTATION_CONTEXT('2D SPACE',''
  ) );
#6785 = ORIENTED_EDGE('',*,*,#6786,.T.);
#6786 = EDGE_CURVE('',#6763,#6787,#6789,.T.);
#6787 = VERTEX_POINT('',#6788);
#6788 = CARTESIAN_POINT('',(7.794614872325,15.,-7.599554538251E-02));
#6789 = SURFACE_CURVE('',#6790,(#6794),.PCURVE_S1.);
#6790 = LINE('',#6791,#6792);
#6791 = CARTESIAN_POINT('',(7.794614872325,15.,0.));
#6792 = VECTOR('',#6793,1.);
#6793 = DIRECTION('',(0.,0.,-1.));
#6794 = PCURVE('',#6750,#6795);
#6795 = DEFINITIONAL_REPRESENTATION('',(#6796),#6800);
#6796 = LINE('',#6797,#6798);
#6797 = CARTESIAN_POINT('',(0.40200867646,0.));
#6798 = VECTOR('',#6799,1.);
#6799 = DIRECTION('',(0.,1.));
#6800 = ( GEOMETRIC_REPRESENTATION_CONTEXT(2) 
PARAMETRIC_REPRESENTATION_CONTEXT() REPRESENTATION_CONTEXT('2D SPACE',''
  ) );
#6801 = ORIENTED_EDGE('',*,*,#6802,.F.);
#6802 = EDGE_CURVE('',#6742,#6787,#6803,.T.);
#6803 = SURFACE_CURVE('',#6804,(#6812),.PCURVE_S1.);
#6804 = B_SPLINE_CURVE_WITH_KNOTS('',3,(#6805,#6806,#6807,#6808,#6809,
    #6810,#6811),.UNSPECIFIED.,.F.,.F.,(4,1,1,1,4),(0.,0.3,0.58,0.88,1.)
  ,.UNSPECIFIED.);
#6805 = CARTESIAN_POINT('',(7.504884128709,14.25,-8.169521128619E-02));
#6806 = CARTESIAN_POINT('',(7.53385720307,14.325,-8.112524469583E-02));
#6807 = CARTESIAN_POINT('',(7.589871813503,14.47,-8.002330928778E-02));
#6808 = CARTESIAN_POINT('',(7.674859498297,14.69,-7.835140728936E-02));
#6809 = CARTESIAN_POINT('',(7.742463338474,14.865,-7.702148524517E-02));
#6810 = CARTESIAN_POINT('',(7.78302564258,14.97,-7.622353201865E-02));
#6811 = CARTESIAN_POINT('',(7.794614872325,15.,-7.599554538251E-02));
#6812 = PCURVE('',#6750,#6813);
#6813 = DEFINITIONAL_REPRESENTATION('',(#6814),#6822);
#6814 = B_SPLINE_CURVE_WITH_KNOTS('',3,(#6815,#6816,#6817,#6818,#6819,
    #6820,#6821),.UNSPECIFIED.,.F.,.F.,(4,1,1,1,4),(0.,0.3,0.58,0.88,1.)
  ,.UNSPECIFIED.);
#6815 = CARTESIAN_POINT('',(-0.40200867646,8.169521128619E-02));
#6816 = CARTESIAN_POINT('',(-0.321606941168,8.112524469583E-02));
#6817 = CARTESIAN_POINT('',(-0.16616358627,8.002330928778E-02));
#6818 = CARTESIAN_POINT('',(6.968150391974E-02,7.835140728936E-02));
#6819 = CARTESIAN_POINT('',(0.257285552934,7.702148524517E-02));
#6820 = CARTESIAN_POINT('',(0.369847982343,7.622353201865E-02));
#6821 = CARTESIAN_POINT('',(0.40200867646,7.599554538251E-02));
#6822 = ( GEOMETRIC_REPRESENTATION_CONTEXT(2) 
PARAMETRIC_REPRESENTATION_CONTEXT() REPRESENTATION_CONTEXT('2D SPACE',''
  ) );
#6823 = ( GEOMETRIC_REPRESENTATION_CONTEXT(3) 
GLOBAL_UNCERTAINTY_ASSIGNED_CONTEXT((#6827)) 
GLOBAL_UNIT_ASSIGNED_CONTEXT((#6824,#6825,#6826)) REPRESENTATION_CONTEXT
('Context #1','3D Context with UNIT and UNCERTAINTY') );
#6824 = ( LENGTH_UNIT() NAMED_UNIT(*) SI_UNIT(.MILLI.,.METRE.) );
#6825 = ( NAMED_UNIT(*) PLANE_ANGLE_UNIT() SI_UNIT($,.RADIAN.) );
#6826 = ( NAMED_UNIT(*) SI_UNIT($,.STERADIAN.) SOLID_ANGLE_UNIT() );
#6827 = UNCERTAINTY_MEASURE_WITH_UNIT(LENGTH_MEASURE(5.E-06),#6824,
  'distance_accuracy_value','confusion accuracy');
#6828 = CONTEXT_DEPENDENT_SHAPE_REPRESENTATION(#6829,#6831);
#6829 = ( REPRESENTATION_RELATIONSHIP('','',#6732,#10) 
REPRESENTATION_RELATIONSHIP_WITH_TRANSFORMATION(#6830) 
SHAPE_REPRESENTATION_RELATIONSHIP() );
#6830 = ITEM_DEFINED_TRANSFORMATION('','',#11,#175);
#6831 = PRODUCT_DEFINITION_SHAPE('Placement','Placement of an item',
  #6832);
#6832 = NEXT_ASSEMBLY_USAGE_OCCURRENCE('41','','',#5,#6727,$);
#6833 = PRODUCT_RELATED_PRODUCT_CATEGORY('part',$,(#6729));
ENDSEC;
END-ISO-10303-21;
